<?xml version="1.0" encoding="UTF-8"?>
<COLLADA xmlns="http://www.collada.org/2005/11/COLLADASchema"
         xmlns:ext="com.anylogic"
         version="1.4.0">
   <asset>
      <content>subway_car_state_1.x3d </content>
      <up_axis>Y_UP</up_axis>
   </asset>
   <library_geometries>
      <geometry id="coords_ME_ID494_MA_Couplers-geometry" name="coords_ME_ID494">
         <mesh>
            <source id="coords_ME_ID494-source-position" name="position">
               <float_array id="coords_ME_ID494-position-array" count="168">25.984249 0.000000 13.385830 29.133860 28.346458 13.385830 25.984249 28.346458 13.385830 29.133860 0.000000 13.385830 29.133860 0.000000 13.385830 25.984249 0.000000 13.385830 29.133860 28.346458 13.385830 25.984249 28.346458 13.385830 29.133860 28.346458 0.000000 29.133860 0.000000 13.385830 29.133860 0.000000 0.000000 29.133860 28.346458 13.385830 29.133860 28.346458 13.385830 29.133860 28.346458 0.000000 29.133860 0.000000 13.385830 29.133860 0.000000 0.000000 25.984249 28.346458 0.000000 29.133860 28.346458 13.385830 29.133860 28.346458 0.000000 25.984249 28.346458 13.385830 25.984249 28.346458 13.385830 25.984249 28.346458 0.000000 29.133860 28.346458 13.385830 29.133860 28.346458 0.000000 25.984249 0.000000 13.385830 25.984249 9.448819 11.811020 25.984249 9.448819 1.574803 25.984249 28.346458 13.385830 25.984249 18.897640 11.811020 25.984249 28.346458 0.000000 25.984249 0.000000 0.000000 25.984249 18.897640 1.574803 25.984249 18.897640 11.811020 25.984249 18.897640 1.574803 25.984249 28.346458 0.000000 25.984249 9.448819 1.574803 25.984249 0.000000 13.385830 25.984249 0.000000 0.000000 25.984249 28.346458 13.385830 25.984249 9.448819 11.811020 29.133860 0.000000 13.385830 25.984249 0.000000 0.000000 29.133860 0.000000 0.000000 25.984249 0.000000 13.385830 25.984249 0.000000 13.385830 29.133860 0.000000 13.385830 25.984249 0.000000 0.000000 29.133860 0.000000 0.000000 25.984249 28.346458 0.000000 29.133860 0.000000 0.000000 25.984249 0.000000 0.000000 29.133860 28.346458 0.000000 29.133860 28.346458 0.000000 25.984249 28.346458 0.000000 29.133860 0.000000 0.000000 25.984249 0.000000 0.000000</float_array>
               <technique_common>
                  <accessor count="56" source="#coords_ME_ID494-position-array" stride="3">
                     <param name="X" type="float"/>
                     <param name="Y" type="float"/>
                     <param name="Z" type="float"/>
                  </accessor>
               </technique_common>
            </source>
            <source id="coords_ME_ID494_normal-source-normal" name="normal">
               <float_array id="coords_ME_ID494_normal-normal-array" count="24">0.00000 0.00000 1.00000  0.00000 0.00000 -1.00000  1.00000 0.00000 0.00000  -1.00000 0.00000 0.00000  0.00000 1.00000 0.00000  0.00000 -1.00000 0.00000  -1.00000 0.00000 0.00000  1.00000 0.00000 0.00000 </float_array>
               <technique_common>
                  <accessor count="8" source="#coords_ME_ID494_normal-normal-array" stride="3">
                     <param name="X" type="float"/>
                     <param name="Y" type="float"/>
                     <param name="Z" type="float"/>
                  </accessor>
               </technique_common>
            </source>
            <vertices id="verts">
               <input semantic="POSITION" source="#coords_ME_ID494-source-position"/>
            </vertices>
            <triangles count="36" material="MA_Couplers">
               <input offset="0" semantic="VERTEX" source="#verts"/>
               <input offset="1"
                      semantic="NORMAL"
                      source="#coords_ME_ID494_normal-source-normal"/>
               <p>0 0 1 0 2 0 1 0 0 0 3 0 4 1 5 1 6 1 7 1 6 1 5 1 8 2 9 2 10 2 9 2 8 2 11 2 12 3 13 3 14 3 15 3 14 3 13 3 16 4 17 4 18 4 17 4 16 4 19 4 20 5 21 5 22 5 23 5 22 5 21 5 24 6 25 6 26 6 25 3 24 3 27 3 25 3 27 3 28 3 28 3 27 3 29 3 30 3 26 3 29 3 26 6 30 6 24 6 29 3 26 3 31 3 29 6 31 6 28 6 32 7 33 7 34 7 33 2 35 2 34 2 36 7 37 7 35 7 34 2 35 2 37 2 34 2 38 2 32 2 32 2 38 2 39 2 38 2 36 2 39 2 35 7 39 7 36 7 40 5 41 5 42 5 41 5 40 5 43 5 44 4 45 4 46 4 47 4 46 4 45 4 48 1 49 1 50 1 49 1 48 1 51 1 52 0 53 0 54 0 55 0 54 0 53 0 </p>
            </triangles>
         </mesh>
      </geometry>
      <geometry id="coords_ME_ID488_MA_Couplers-geometry" name="coords_ME_ID488">
         <mesh>
            <source id="coords_ME_ID488-source-position" name="position">
               <float_array id="coords_ME_ID488-position-array" count="444">25.984249 9.448819 11.811020 9.448819 9.448819 1.574803 25.984249 9.448819 1.574803 9.448819 9.448819 11.811020 9.448819 9.448819 11.811020 25.984249 9.448819 11.811020 9.448819 9.448819 1.574803 25.984249 9.448819 1.574803 3.149606 20.485649 1.574803 0.000000 16.942339 1.574803 -0.000000 20.485649 1.574803 6.299213 16.942339 1.574803 6.299213 20.485649 1.574803 9.448819 18.897640 1.574803 6.299213 11.404110 1.574803 6.299213 7.860808 1.574803 9.448819 9.448819 1.574803 25.984249 9.448819 1.574803 25.984249 18.897640 1.574803 0.000000 7.860808 1.574803 0.000000 11.404110 1.574803 6.299213 7.860808 1.574803 6.299213 11.404110 1.574803 0.000000 7.860808 1.574803 0.000000 11.404110 1.574803 25.984249 18.897640 1.574803 9.448819 18.897640 1.574803 25.984249 9.448819 1.574803 9.448819 9.448819 1.574803 6.299213 16.942339 1.574803 6.299213 20.485649 1.574803 3.149606 20.485649 1.574803 0.000000 16.942339 1.574803 -0.000000 20.485649 1.574803 0.000000 7.860808 11.811020 6.299213 11.404110 11.811020 0.000000 11.404110 11.811020 6.299213 7.860808 11.811020 6.299213 16.942339 11.811020 0.000000 20.485649 11.811020 0.000000 16.942339 11.811020 3.149606 20.485649 11.811020 6.299213 20.485649 11.811020 9.448819 18.897640 11.811020 9.448819 9.448819 11.811020 25.984249 18.897640 11.811020 25.984249 9.448819 11.811020 25.984249 9.448819 11.811020 9.448819 9.448819 11.811020 25.984249 18.897640 11.811020 9.448819 18.897640 11.811020 6.299213 7.860808 11.811020 6.299213 11.404110 11.811020 6.299213 16.942339 11.811020 6.299213 20.485649 11.811020 3.149606 20.485649 11.811020 0.000000 20.485649 11.811020 0.000000 16.942339 11.811020 0.000000 7.860808 11.811020 0.000000 11.404110 11.811020 9.448819 9.448819 11.811020 6.299213 7.860808 1.574803 9.448819 9.448819 1.574803 6.299213 7.860808 11.811020 6.299213 7.860808 11.811020 9.448819 9.448819 11.811020 6.299213 7.860808 1.574803 9.448819 9.448819 1.574803 6.299213 7.860808 11.811020 0.000000 7.860808 1.574803 6.299213 7.860808 1.574803 0.000000 7.860808 11.811020 0.000000 7.860808 11.811020 6.299213 7.860808 11.811020 0.000000 7.860808 1.574803 6.299213 7.860808 1.574803 0.000000 7.860808 11.811020 0.000000 11.404110 1.574803 0.000000 7.860808 1.574803 0.000000 11.404110 11.811020 0.000000 11.404110 11.811020 0.000000 7.860808 11.811020 0.000000 11.404110 1.574803 0.000000 7.860808 1.574803 0.000000 11.404110 1.574803 6.299213 11.404110 11.811020 6.299213 11.404110 1.574803 0.000000 11.404110 11.811020 0.000000 11.404110 11.811020 0.000000 11.404110 1.574803 6.299213 11.404110 11.811020 6.299213 11.404110 1.574803 6.299213 11.404110 11.811020 6.299213 16.942339 1.574803 6.299213 11.404110 1.574803 6.299213 16.942339 11.811020 6.299213 16.942339 11.811020 6.299213 11.404110 11.811020 6.299213 16.942339 1.574803 6.299213 11.404110 1.574803 6.299213 16.942339 11.811020 0.000000 16.942339 1.574803 6.299213 16.942339 1.574803 0.000000 16.942339 11.811020 0.000000 16.942339 11.811020 6.299213 16.942339 11.811020 0.000000 16.942339 1.574803 6.299213 16.942339 1.574803 0.000000 16.942339 11.811020 -0.000000 20.485649 1.574803 0.000000 16.942339 1.574803 0.000000 20.485649 11.811020 0.000000 20.485649 11.811020 0.000000 16.942339 11.811020 -0.000000 20.485649 1.574803 0.000000 16.942339 1.574803 -0.000000 20.485649 1.574803 3.149606 20.485649 11.811020 3.149606 20.485649 1.574803 0.000000 20.485649 11.811020 0.000000 20.485649 11.811020 -0.000000 20.485649 1.574803 3.149606 20.485649 11.811020 3.149606 20.485649 1.574803 3.149606 20.485649 1.574803 6.299213 20.485649 11.811020 6.299213 20.485649 1.574803 3.149606 20.485649 11.811020 3.149606 20.485649 11.811020 3.149606 20.485649 1.574803 6.299213 20.485649 11.811020 6.299213 20.485649 1.574803 6.299213 20.485649 1.574803 9.448819 18.897640 11.811020 9.448819 18.897640 1.574803 6.299213 20.485649 11.811020 6.299213 20.485649 11.811020 6.299213 20.485649 1.574803 9.448819 18.897640 11.811020 9.448819 18.897640 1.574803 9.448819 18.897640 1.574803 25.984249 18.897640 11.811020 25.984249 18.897640 1.574803 9.448819 18.897640 11.811020 9.448819 18.897640 11.811020 9.448819 18.897640 1.574803 25.984249 18.897640 11.811020 25.984249 18.897640 1.574803</float_array>
               <technique_common>
                  <accessor count="148" source="#coords_ME_ID488-position-array" stride="3">
                     <param name="X" type="float"/>
                     <param name="Y" type="float"/>
                     <param name="Z" type="float"/>
                  </accessor>
               </technique_common>
            </source>
            <source id="coords_ME_ID488_normal-source-normal" name="normal">
               <float_array id="coords_ME_ID488_normal-normal-array" count="36">0.00000 -1.00000 0.00000  0.00000 1.00000 0.00000  0.00000 0.00000 -1.00000  0.00000 0.00000 1.00000  0.45021 -0.89292 0.00000  -0.45021 0.89292 0.00000  -1.00000 0.00000 0.00000  1.00000 0.00000 0.00000  -1.00000 0.00000 0.00000  1.00000 0.00000 0.00000  0.45021 0.89292 0.00000  -0.45021 -0.89292 0.00000 </float_array>
               <technique_common>
                  <accessor count="12" source="#coords_ME_ID488_normal-normal-array" stride="3">
                     <param name="X" type="float"/>
                     <param name="Y" type="float"/>
                     <param name="Z" type="float"/>
                  </accessor>
               </technique_common>
            </source>
            <vertices id="verts">
               <input semantic="POSITION" source="#coords_ME_ID488-source-position"/>
            </vertices>
            <triangles count="92" material="MA_Couplers">
               <input offset="0" semantic="VERTEX" source="#verts"/>
               <input offset="1"
                      semantic="NORMAL"
                      source="#coords_ME_ID488_normal-source-normal"/>
               <p>0 0 1 0 2 0 1 0 0 0 3 0 4 1 5 1 6 1 7 1 6 1 5 1 8 2 9 2 10 2 9 2 8 2 11 2 11 2 8 2 12 2 11 2 12 2 13 2 11 2 13 2 14 2 14 2 13 2 15 2 15 2 13 2 16 2 16 2 13 2 17 2 17 2 13 2 18 2 14 2 19 2 20 2 19 2 14 2 15 2 21 3 22 3 23 3 24 3 23 3 22 3 25 3 26 3 27 3 27 3 26 3 28 3 28 3 26 3 21 3 21 3 26 3 22 3 22 3 26 3 29 3 26 3 30 3 29 3 30 3 31 3 29 3 29 3 31 3 32 3 33 3 32 3 31 3 34 3 35 3 36 3 35 3 34 3 37 3 38 3 39 3 40 3 39 3 38 3 41 3 41 3 38 3 42 3 42 3 38 3 43 3 43 3 38 3 35 3 43 3 35 3 37 3 43 3 37 3 44 3 43 3 44 3 45 3 45 3 44 3 46 3 47 2 48 2 49 2 49 2 48 2 50 2 48 2 51 2 50 2 51 2 52 2 50 2 52 2 53 2 50 2 50 2 53 2 54 2 54 2 53 2 55 2 55 2 53 2 56 2 57 2 56 2 53 2 51 2 58 2 52 2 59 2 52 2 58 2 60 4 61 4 62 4 61 4 60 4 63 4 64 5 65 5 66 5 67 5 66 5 65 5 68 0 69 0 70 0 69 0 68 0 71 0 72 1 73 1 74 1 75 1 74 1 73 1 76 6 77 6 78 6 77 6 76 6 79 6 80 7 81 7 82 7 83 7 82 7 81 7 84 1 85 1 86 1 85 1 84 1 87 1 88 0 89 0 90 0 91 0 90 0 89 0 92 8 93 8 94 8 93 8 92 8 95 8 96 9 97 9 98 9 99 9 98 9 97 9 100 0 101 0 102 0 101 0 100 0 103 0 104 1 105 1 106 1 107 1 106 1 105 1 108 8 109 8 110 8 109 8 108 8 111 8 112 9 113 9 114 9 115 9 114 9 113 9 116 1 117 1 118 1 117 1 116 1 119 1 120 0 121 0 122 0 123 0 122 0 121 0 124 1 125 1 126 1 125 1 124 1 127 1 128 0 129 0 130 0 131 0 130 0 129 0 132 10 133 10 134 10 133 10 132 10 135 10 136 11 137 11 138 11 139 11 138 11 137 11 140 1 141 1 142 1 141 1 140 1 143 1 144 0 145 0 146 0 147 0 146 0 145 0 </p>
            </triangles>
         </mesh>
      </geometry>
      <geometry id="coords_ME_ID481_MA_Frame-geometry" name="coords_ME_ID481">
         <mesh>
            <source id="coords_ME_ID481-source-position" name="position">
               <float_array id="coords_ME_ID481-position-array" count="288">51.888859 94.881889 14.530620 51.888859 0.000001 20.906080 51.888859 0.000000 14.530629 51.888859 38.385830 20.906080 51.888859 56.496059 20.906069 51.888859 38.385830 38.224171 51.888859 94.881889 20.906069 51.888859 56.496067 38.224171 51.888859 56.496059 20.906069 51.888859 38.385830 38.224171 51.888859 56.496067 38.224171 51.888859 94.881889 20.906069 51.888859 94.881889 14.530620 51.888859 38.385830 20.906080 51.888859 0.000001 20.906080 51.888859 0.000000 14.530629 34.546368 94.881889 20.906069 51.888859 94.881889 14.530620 34.546368 94.881889 14.530620 51.888859 94.881889 20.906069 51.888859 94.881889 20.906069 34.546368 94.881889 20.906069 51.888859 94.881889 14.530620 34.546368 94.881889 14.530620 34.546368 56.496059 20.906069 51.888859 94.881889 20.906069 34.546368 94.881889 20.906069 51.888859 56.496059 20.906069 51.888859 56.496059 20.906069 34.546368 56.496059 20.906069 51.888859 94.881889 20.906069 34.546368 94.881889 20.906069 34.546368 56.496067 38.224171 51.888859 56.496059 20.906069 34.546368 56.496059 20.906069 51.888859 56.496067 38.224171 51.888859 56.496067 38.224171 34.546368 56.496067 38.224171 51.888859 56.496059 20.906069 34.546368 56.496059 20.906069 34.546368 38.385830 38.224171 51.888859 56.496067 38.224171 34.546368 56.496067 38.224171 51.888859 38.385830 38.224171 51.888859 38.385830 38.224171 34.546368 38.385830 38.224171 51.888859 56.496067 38.224171 34.546368 56.496067 38.224171 51.888859 38.385830 20.906080 34.546368 38.385830 38.224171 34.546368 38.385830 20.906080 51.888859 38.385830 38.224171 51.888859 38.385830 38.224171 51.888859 38.385830 20.906080 34.546368 38.385830 38.224171 34.546368 38.385830 20.906080 34.546368 0.000001 20.906080 51.888859 38.385830 20.906080 34.546368 38.385830 20.906080 51.888859 0.000001 20.906080 51.888859 0.000001 20.906080 34.546368 0.000001 20.906080 51.888859 38.385830 20.906080 34.546368 38.385830 20.906080 51.888859 0.000001 20.906080 34.546368 0.000000 14.530629 51.888859 0.000000 14.530629 34.546368 0.000001 20.906080 34.546368 0.000001 20.906080 51.888859 0.000001 20.906080 34.546368 0.000000 14.530629 51.888859 0.000000 14.530629 51.888859 94.881889 14.530620 34.546368 0.000000 14.530629 34.546368 94.881889 14.530620 51.888859 0.000000 14.530629 51.888859 0.000000 14.530629 51.888859 94.881889 14.530620 34.546368 0.000000 14.530629 34.546368 94.881889 14.530620 34.546368 56.496067 38.224171 34.546368 56.496059 20.906069 34.546368 38.385830 38.224171 34.546368 0.000001 20.906080 34.546368 94.881889 14.530620 34.546368 0.000000 14.530629 34.546368 38.385830 20.906080 34.546368 94.881889 20.906069 34.546368 94.881889 20.906069 34.546368 56.496059 20.906069 34.546368 94.881889 14.530620 34.546368 38.385830 38.224171 34.546368 38.385830 20.906080 34.546368 0.000001 20.906080 34.546368 0.000000 14.530629 34.546368 56.496067 38.224171</float_array>
               <technique_common>
                  <accessor count="96" source="#coords_ME_ID481-position-array" stride="3">
                     <param name="X" type="float"/>
                     <param name="Y" type="float"/>
                     <param name="Z" type="float"/>
                  </accessor>
               </technique_common>
            </source>
            <source id="coords_ME_ID481_normal-source-normal" name="normal">
               <float_array id="coords_ME_ID481_normal-normal-array" count="48">1.00000 0.00000 0.00000  1.00000 0.00000 0.00000  -1.00000 0.00000 0.00000  -1.00000 0.00000 0.00000  0.00000 1.00000 0.00000  0.00000 -1.00000 0.00000  0.00000 0.00000 1.00000  0.00000 0.00000 -1.00000  0.00000 1.00000 -0.00000  0.00000 -1.00000 0.00000  0.00000 -1.00000 0.00000  0.00000 1.00000 0.00000  0.00000 -1.00000 0.00000  0.00000 1.00000 -0.00000  0.00000 -0.00000 -1.00000  0.00000 0.00000 1.00000 </float_array>
               <technique_common>
                  <accessor count="16" source="#coords_ME_ID481_normal-normal-array" stride="3">
                     <param name="X" type="float"/>
                     <param name="Y" type="float"/>
                     <param name="Z" type="float"/>
                  </accessor>
               </technique_common>
            </source>
            <vertices id="verts">
               <input semantic="POSITION" source="#coords_ME_ID481-source-position"/>
            </vertices>
            <triangles count="56" material="MA_Frame">
               <input offset="0" semantic="VERTEX" source="#verts"/>
               <input offset="1"
                      semantic="NORMAL"
                      source="#coords_ME_ID481_normal-source-normal"/>
               <p>0 0 1 0 2 0 1 0 0 0 3 0 3 0 0 0 4 0 3 0 4 0 5 0 4 1 0 1 6 1 7 0 5 0 4 0 8 2 9 2 10 2 11 3 12 3 8 3 9 2 8 2 13 2 8 2 12 2 13 2 13 2 12 2 14 2 15 2 14 2 12 2 16 4 17 4 18 4 17 4 16 4 19 4 20 5 21 5 22 5 23 5 22 5 21 5 24 6 25 6 26 6 25 6 24 6 27 6 28 7 29 7 30 7 31 7 30 7 29 7 32 8 33 8 34 8 33 8 32 8 35 8 36 9 37 9 38 9 39 9 38 9 37 9 40 6 41 6 42 6 41 6 40 6 43 6 44 7 45 7 46 7 47 7 46 7 45 7 48 10 49 10 50 10 49 10 48 10 51 10 52 11 53 11 54 11 55 11 54 11 53 11 56 6 57 6 58 6 57 6 56 6 59 6 60 7 61 7 62 7 63 7 62 7 61 7 64 12 65 12 66 12 65 12 64 12 67 12 68 13 69 13 70 13 71 13 70 13 69 13 72 14 73 14 74 14 73 14 72 14 75 14 76 15 77 15 78 15 79 15 78 15 77 15 80 2 81 2 82 2 83 2 84 2 85 2 84 2 83 2 86 2 84 3 86 3 81 3 81 2 86 2 82 2 84 3 81 3 87 3 88 1 89 1 90 1 91 0 92 0 89 0 89 1 92 1 90 1 92 0 93 0 90 0 94 0 90 0 93 0 91 0 89 0 95 0 </p>
            </triangles>
         </mesh>
      </geometry>
      <geometry id="coords_ME_ID475_MA_Frame-geometry" name="coords_ME_ID475">
         <mesh>
            <source id="coords_ME_ID475-source-position" name="position">
               <float_array id="coords_ME_ID475-position-array" count="288">30.007509 92.555168 0.160786 68.255409 92.555168 12.976870 56.660038 92.555168 -0.000000 17.633360 92.555168 12.982920 86.475388 92.555168 14.084690 0.043306 92.555168 14.084700 86.372551 92.555168 27.651430 0.000000 92.555168 28.172489 0.000000 92.555168 28.172489 0.043306 92.555168 14.084700 86.372551 92.555168 27.651430 86.475388 92.555168 14.084690 17.633360 92.555168 12.982920 68.255409 92.555168 12.976870 30.007509 92.555168 0.160786 56.660038 92.555168 -0.000000 56.660038 92.555168 -0.000000 68.255409 85.134789 12.976870 56.660038 85.134789 0.000000 68.255409 92.555168 12.976870 68.255409 92.555168 12.976870 56.660038 92.555168 -0.000000 68.255409 85.134789 12.976870 56.660038 85.134789 0.000000 56.660038 92.555168 -0.000000 30.007509 85.134789 0.160787 30.007509 92.555168 0.160786 56.660038 85.134789 0.000000 56.660038 85.134789 0.000000 56.660038 92.555168 -0.000000 30.007509 85.134789 0.160787 30.007509 92.555168 0.160786 17.633360 85.134789 12.982920 30.007509 92.555168 0.160786 30.007509 85.134789 0.160787 17.633360 92.555168 12.982920 17.633360 92.555168 12.982920 17.633360 85.134789 12.982920 30.007509 92.555168 0.160786 30.007509 85.134789 0.160787 17.633360 92.555168 12.982920 0.043306 85.134789 14.084700 0.043306 92.555168 14.084700 17.633360 85.134789 12.982920 17.633360 85.134789 12.982920 17.633360 92.555168 12.982920 0.043306 85.134789 14.084700 0.043306 92.555168 14.084700 0.000000 85.134789 28.172489 0.043306 92.555168 14.084700 0.043306 85.134789 14.084700 0.000000 92.555168 28.172489 0.000000 92.555168 28.172489 0.000000 85.134789 28.172489 0.043306 92.555168 14.084700 0.043306 85.134789 14.084700 0.000000 85.134789 28.172489 86.372551 92.555168 27.651430 0.000000 92.555168 28.172489 86.372551 85.134789 27.651440 86.372551 85.134789 27.651440 0.000000 85.134789 28.172489 86.372551 92.555168 27.651430 0.000000 92.555168 28.172489 86.475388 92.555168 14.084690 86.372551 85.134789 27.651440 86.475388 85.134789 14.084690 86.372551 92.555168 27.651430 86.372551 92.555168 27.651430 86.475388 92.555168 14.084690 86.372551 85.134789 27.651440 86.475388 85.134789 14.084690 86.475388 92.555168 14.084690 68.255409 85.134789 12.976870 68.255409 92.555168 12.976870 86.475388 85.134789 14.084690 86.475388 85.134789 14.084690 86.475388 92.555168 14.084690 68.255409 85.134789 12.976870 68.255409 92.555168 12.976870 68.255409 85.134789 12.976870 30.007509 85.134789 0.160787 56.660038 85.134789 0.000000 17.633360 85.134789 12.982920 86.475388 85.134789 14.084690 0.043306 85.134789 14.084700 86.372551 85.134789 27.651440 0.000000 85.134789 28.172489 0.000000 85.134789 28.172489 86.372551 85.134789 27.651440 0.043306 85.134789 14.084700 86.475388 85.134789 14.084690 17.633360 85.134789 12.982920 68.255409 85.134789 12.976870 30.007509 85.134789 0.160787 56.660038 85.134789 0.000000</float_array>
               <technique_common>
                  <accessor count="96" source="#coords_ME_ID475-position-array" stride="3">
                     <param name="X" type="float"/>
                     <param name="Y" type="float"/>
                     <param name="Z" type="float"/>
                  </accessor>
               </technique_common>
            </source>
            <source id="coords_ME_ID475_normal-source-normal" name="normal">
               <float_array id="coords_ME_ID475_normal-normal-array" count="84">0.00000 1.00000 0.00000  0.00000 1.00000 0.00000  0.00000 -1.00000 0.00000  0.00000 -1.00000 0.00000  0.74568 0.00000 -0.66630  -0.74568 0.00000 0.66630  -0.00603 -0.00000 -0.99998  -0.00603 0.00000 -0.99998  0.00603 0.00000 0.99998  0.00603 0.00000 0.99998  -0.71957 -0.00000 -0.69442  -0.71957 0.00000 -0.69442  0.71957 0.00000 0.69442  0.71957 0.00000 0.69442  -0.06251 0.00000 -0.99804  0.06251 0.00000 0.99804  -1.00000 0.00000 -0.00307  1.00000 0.00000 0.00307  0.00603 0.00000 0.99998  0.00603 0.00000 0.99998  -0.00603 -0.00000 -0.99998  -0.00603 0.00000 -0.99998  0.99997 0.00000 0.00758  0.99997 0.00000 0.00758  -0.99997 -0.00000 -0.00758  -0.99997 0.00000 -0.00758  0.06069 0.00000 -0.99816  -0.06069 0.00000 0.99816 </float_array>
               <technique_common>
                  <accessor count="28" source="#coords_ME_ID475_normal-normal-array" stride="3">
                     <param name="X" type="float"/>
                     <param name="Y" type="float"/>
                     <param name="Z" type="float"/>
                  </accessor>
               </technique_common>
            </source>
            <vertices id="verts">
               <input semantic="POSITION" source="#coords_ME_ID475-source-position"/>
            </vertices>
            <triangles count="56" material="MA_Frame">
               <input offset="0" semantic="VERTEX" source="#verts"/>
               <input offset="1"
                      semantic="NORMAL"
                      source="#coords_ME_ID475_normal-source-normal"/>
               <p>0 0 1 0 2 0 1 1 0 1 3 1 1 0 3 0 4 0 4 0 3 0 5 0 4 0 5 0 6 0 6 0 5 0 7 0 8 2 9 2 10 2 10 2 9 2 11 2 9 2 12 2 11 2 11 2 12 2 13 2 12 3 14 3 13 3 15 2 13 2 14 2 16 4 17 4 18 4 17 4 16 4 19 4 20 5 21 5 22 5 23 5 22 5 21 5 24 6 25 6 26 6 25 7 24 7 27 7 28 8 29 8 30 8 31 9 30 9 29 9 32 10 33 10 34 10 33 11 32 11 35 11 36 12 37 12 38 12 39 13 38 13 37 13 40 14 41 14 42 14 41 14 40 14 43 14 44 15 45 15 46 15 47 15 46 15 45 15 48 16 49 16 50 16 49 16 48 16 51 16 52 17 53 17 54 17 55 17 54 17 53 17 56 18 57 18 58 18 57 19 56 19 59 19 60 20 61 20 62 20 63 21 62 21 61 21 64 22 65 22 66 22 65 23 64 23 67 23 68 24 69 24 70 24 71 25 70 25 69 25 72 26 73 26 74 26 73 26 72 26 75 26 76 27 77 27 78 27 79 27 78 27 77 27 80 2 81 2 82 2 81 2 80 2 83 2 83 2 80 2 84 2 83 2 84 2 85 2 85 2 84 2 86 2 85 2 86 2 87 2 88 0 89 0 90 0 89 0 91 0 90 0 90 0 91 0 92 0 91 0 93 0 92 0 92 0 93 0 94 0 95 0 94 0 93 0 </p>
            </triangles>
         </mesh>
      </geometry>
      <geometry id="coords_ME_ID469_MA_Frame-geometry" name="coords_ME_ID469">
         <mesh>
            <source id="coords_ME_ID469-source-position" name="position">
               <float_array id="coords_ME_ID469-position-array" count="288">68.255409 9.782584 12.976870 86.475388 2.362205 14.084690 68.255409 2.362205 12.976870 86.475388 9.782584 14.084690 86.475388 9.782584 14.084690 68.255409 9.782584 12.976870 86.475388 2.362205 14.084690 68.255409 2.362205 12.976870 68.255409 2.362205 12.976870 30.007509 2.362206 0.160786 56.660038 2.362206 0.000000 17.633360 2.362205 12.982920 86.475388 2.362205 14.084690 0.043306 2.362205 14.084700 86.372551 2.362204 27.651430 0.000000 2.362203 28.172489 0.000000 2.362203 28.172489 86.372551 2.362204 27.651430 0.043306 2.362205 14.084700 86.475388 2.362205 14.084690 17.633360 2.362205 12.982920 68.255409 2.362205 12.976870 30.007509 2.362206 0.160786 56.660038 2.362206 0.000000 56.660038 2.362206 0.000000 68.255409 9.782584 12.976870 68.255409 2.362205 12.976870 56.660038 9.782584 0.000000 56.660038 9.782584 0.000000 56.660038 2.362206 0.000000 68.255409 9.782584 12.976870 68.255409 2.362205 12.976870 30.007509 9.782585 0.160787 68.255409 9.782584 12.976870 56.660038 9.782584 0.000000 17.633360 9.782584 12.982920 86.475388 9.782584 14.084690 0.043306 9.782584 14.084700 86.372551 9.782582 27.651440 0.000000 9.782582 28.172489 0.000000 9.782582 28.172489 0.043306 9.782584 14.084700 86.372551 9.782582 27.651440 86.475388 9.782584 14.084690 17.633360 9.782584 12.982920 68.255409 9.782584 12.976870 30.007509 9.782585 0.160787 56.660038 9.782584 0.000000 86.475388 2.362205 14.084690 86.372551 9.782582 27.651440 86.372551 2.362204 27.651430 86.475388 9.782584 14.084690 86.475388 9.782584 14.084690 86.475388 2.362205 14.084690 86.372551 9.782582 27.651440 86.372551 2.362204 27.651430 86.372551 2.362204 27.651430 0.000000 9.782582 28.172489 0.000000 2.362203 28.172489 86.372551 9.782582 27.651440 86.372551 9.782582 27.651440 86.372551 2.362204 27.651430 0.000000 9.782582 28.172489 0.000000 2.362203 28.172489 0.000000 9.782582 28.172489 0.043306 2.362205 14.084700 0.000000 2.362203 28.172489 0.043306 9.782584 14.084700 0.043306 9.782584 14.084700 0.000000 9.782582 28.172489 0.043306 2.362205 14.084700 0.000000 2.362203 28.172489 0.043306 9.782584 14.084700 17.633360 2.362205 12.982920 0.043306 2.362205 14.084700 17.633360 9.782584 12.982920 17.633360 9.782584 12.982920 0.043306 9.782584 14.084700 17.633360 2.362205 12.982920 0.043306 2.362205 14.084700 17.633360 9.782584 12.982920 30.007509 2.362206 0.160786 17.633360 2.362205 12.982920 30.007509 9.782585 0.160787 30.007509 9.782585 0.160787 17.633360 9.782584 12.982920 30.007509 2.362206 0.160786 17.633360 2.362205 12.982920 30.007509 9.782585 0.160787 56.660038 2.362206 0.000000 30.007509 2.362206 0.160786 56.660038 9.782584 0.000000 56.660038 9.782584 0.000000 30.007509 9.782585 0.160787 56.660038 2.362206 0.000000 30.007509 2.362206 0.160786</float_array>
               <technique_common>
                  <accessor count="96" source="#coords_ME_ID469-position-array" stride="3">
                     <param name="X" type="float"/>
                     <param name="Y" type="float"/>
                     <param name="Z" type="float"/>
                  </accessor>
               </technique_common>
            </source>
            <source id="coords_ME_ID469_normal-source-normal" name="normal">
               <float_array id="coords_ME_ID469_normal-normal-array" count="138">0.06069 0.00000 -0.99816  -0.06069 0.00000 0.99816  -0.00000 -1.00000 -0.00000  -0.00000 -1.00000 -0.00000  0.00000 -1.00000 0.00000  -0.00000 -1.00000 -0.00000  0.00000 -1.00000 -0.00000  -0.00000 1.00000 0.00000  0.00000 1.00000 0.00000  0.00000 1.00000 0.00000  0.00000 1.00000 0.00000  0.00000 1.00000 0.00000  0.74568 0.00000 -0.66630  0.74568 0.00000 -0.66630  -0.74568 0.00000 0.66630  -0.74568 0.00000 0.66630  0.00000 1.00000 -0.00000  0.00000 1.00000 0.00000  0.00000 1.00000 0.00000  0.00000 1.00000 0.00000  -0.00000 -1.00000 -0.00000  -0.00000 -1.00000 -0.00000  -0.00000 -1.00000 -0.00000  -0.00000 -1.00000 0.00000  0.99997 -0.00000 0.00758  0.99997 0.00000 0.00758  -0.99997 0.00000 -0.00758  -0.99997 0.00000 -0.00758  0.00603 0.00000 0.99998  0.00603 -0.00000 0.99998  -0.00603 0.00000 -0.99998  -0.00603 0.00000 -0.99998  -1.00000 0.00000 -0.00307  -1.00000 0.00000 -0.00307  1.00000 0.00000 0.00307  1.00000 0.00000 0.00307  -0.06251 0.00000 -0.99804  0.06251 0.00000 0.99804  -0.71957 0.00000 -0.69442  -0.71957 0.00000 -0.69442  0.71957 -0.00000 0.69442  0.71957 0.00000 0.69442  -0.00603 0.00000 -0.99998  -0.00603 0.00000 -0.99998  0.00603 0.00000 0.99998  0.00603 -0.00000 0.99998 </float_array>
               <technique_common>
                  <accessor count="46" source="#coords_ME_ID469_normal-normal-array" stride="3">
                     <param name="X" type="float"/>
                     <param name="Y" type="float"/>
                     <param name="Z" type="float"/>
                  </accessor>
               </technique_common>
            </source>
            <vertices id="verts">
               <input semantic="POSITION" source="#coords_ME_ID469-source-position"/>
            </vertices>
            <triangles count="56" material="MA_Frame">
               <input offset="0" semantic="VERTEX" source="#verts"/>
               <input offset="1"
                      semantic="NORMAL"
                      source="#coords_ME_ID469_normal-source-normal"/>
               <p>0 0 1 0 2 0 1 0 0 0 3 0 4 1 5 1 6 1 7 1 6 1 5 1 8 2 9 2 10 2 9 3 8 3 11 3 11 4 8 4 12 4 11 4 12 4 13 4 13 5 12 5 14 5 13 6 14 6 15 6 16 7 17 7 18 7 17 8 19 8 18 8 18 9 19 9 20 9 19 9 21 9 20 9 20 10 21 10 22 10 23 11 22 11 21 11 24 12 25 12 26 12 25 13 24 13 27 13 28 14 29 14 30 14 31 15 30 15 29 15 32 16 33 16 34 16 33 17 32 17 35 17 33 9 35 9 36 9 36 9 35 9 37 9 36 18 37 18 38 18 38 19 37 19 39 19 40 20 41 20 42 20 42 21 41 21 43 21 41 4 44 4 43 4 43 4 44 4 45 4 44 22 46 22 45 22 47 23 45 23 46 23 48 24 49 24 50 24 49 25 48 25 51 25 52 26 53 26 54 26 55 27 54 27 53 27 56 28 57 28 58 28 57 29 56 29 59 29 60 30 61 30 62 30 63 31 62 31 61 31 64 32 65 32 66 32 65 33 64 33 67 33 68 34 69 34 70 34 71 35 70 35 69 35 72 36 73 36 74 36 73 36 72 36 75 36 76 37 77 37 78 37 79 37 78 37 77 37 80 38 81 38 82 38 81 39 80 39 83 39 84 40 85 40 86 40 87 41 86 41 85 41 88 42 89 42 90 42 89 43 88 43 91 43 92 44 93 44 94 44 95 45 94 45 93 45 </p>
            </triangles>
         </mesh>
      </geometry>
      <geometry id="coords_ME_ID462_MA_Wheels-geometry" name="coords_ME_ID462">
         <mesh>
            <source id="coords_ME_ID462-source-position" name="position">
               <float_array id="coords_ME_ID462-position-array" count="198">38.645718 12.762159 18.104689 40.790398 20.253599 29.525860 37.236759 12.762159 27.903019 42.512299 20.253599 17.548740 42.512299 20.253599 17.548740 38.645718 12.762159 18.104689 40.790398 20.253599 29.525860 37.236759 12.762159 27.903019 34.533459 12.762159 9.100166 16.306589 12.762159 3.748322 26.205709 12.762159 3.748322 7.978838 12.762159 9.100168 3.866634 12.762159 18.104700 5.275591 12.762159 27.903019 30.754478 12.762159 35.384270 11.757919 12.762159 35.384270 21.255909 12.762159 38.173149 21.255909 12.762159 38.173149 30.754478 12.762159 35.384270 11.757919 12.762159 35.384270 5.275591 12.762159 27.903019 3.866634 12.762159 18.104700 7.978838 12.762159 9.100168 34.533459 12.762159 9.100166 16.306589 12.762159 3.748322 26.205709 12.762159 3.748322 37.485729 20.253599 6.541899 37.485729 20.253599 6.541899 15.206249 20.253599 0.000006 37.485729 20.253599 6.541899 27.306099 20.253599 0.000005 5.026574 20.253599 6.541902 42.512299 20.253599 17.548740 0.000000 20.253599 17.548740 40.790398 20.253599 29.525860 1.721950 20.253599 29.525860 32.866188 20.253599 38.670639 9.646212 20.253599 38.670639 21.255909 20.253599 42.079700 21.255909 20.253599 42.079700 9.646212 20.253599 38.670639 32.866188 20.253599 38.670639 1.721950 20.253599 29.525860 40.790398 20.253599 29.525860 0.000000 20.253599 17.548740 42.512299 20.253599 17.548740 5.026574 20.253599 6.541902 37.485729 20.253599 6.541899 15.206249 20.253599 0.000006 27.306099 20.253599 0.000005 32.866188 20.253599 38.670639 32.866188 20.253599 38.670639 1.721950 20.253599 29.525860 0.000000 20.253599 17.548740 0.000000 20.253599 17.548740 1.721950 20.253599 29.525860 5.026574 20.253599 6.541902 5.026574 20.253599 6.541902 15.206249 20.253599 0.000006 15.206249 20.253599 0.000006 27.306099 20.253599 0.000005 27.306099 20.253599 0.000005 21.255909 20.253599 42.079700 21.255909 20.253599 42.079700 9.646212 20.253599 38.670639 9.646212 20.253599 38.670639</float_array>
               <technique_common>
                  <accessor count="66" source="#coords_ME_ID462-position-array" stride="3">
                     <param name="X" type="float"/>
                     <param name="Y" type="float"/>
                     <param name="Z" type="float"/>
                  </accessor>
               </technique_common>
            </source>
            <source id="coords_ME_ID462_normal-source-normal" name="normal">
               <float_array id="coords_ME_ID462_normal-normal-array" count="144">0.44244 -0.89618 0.03321  0.85154 -0.45886 0.25363  0.38675 -0.91347 0.12643  0.87936 -0.46233 -0.11391  -0.85514 0.45922 0.24051  -0.41134 0.91107 -0.02736  -0.85154 0.45886 -0.25363  -0.08293 0.99532 -0.04964  0.43078 -0.73500 -0.52365  -0.06459 -0.68629 -0.72446  0.29679 -0.60809 -0.73630  -0.35252 -0.83809 -0.41634  -0.42133 -0.90635 0.03163  -0.44993 -0.88087 0.14709  0.12815 -0.95748 0.25847  -0.19453 -0.89901 0.39235  -0.00000 -0.78473 0.61984  0.00000 0.78473 -0.61984  -0.06708 0.98853 -0.13530  0.43966 0.69205 -0.57250  0.09520 0.99383 -0.05698  0.42133 0.90635 -0.03163  0.11496 0.98836 0.09962  -0.43078 0.73500 0.52365  0.05951 0.66901 0.74086  -0.14840 0.60809 0.77987  0.67011 -0.46237 -0.58066  -0.67011 0.46237 0.58066  0.00000 1.00000 0.00000  0.00000 1.00000 0.00000  0.00000 -1.00000 0.00000  0.00000 -1.00000 0.00000  0.57924 -0.45886 0.67375  -0.57401 0.45922 -0.67796  -0.85154 -0.45886 0.25363  -0.87936 -0.46233 -0.11390  0.85514 0.45922 0.24050  0.84941 0.45924 -0.26001  -0.67011 -0.46237 -0.58066  0.67011 0.46237 0.58066  -0.23789 -0.46234 -0.85420  0.23789 0.46234 0.85420  0.32627 -0.46087 -0.82532  -0.32627 0.46087 0.82532  -0.08053 -0.46087 0.88381  0.09200 0.46041 -0.88293  -0.57402 -0.45922 0.67795  0.57402 0.45922 -0.67795 </float_array>
               <technique_common>
                  <accessor count="48" source="#coords_ME_ID462_normal-normal-array" stride="3">
                     <param name="X" type="float"/>
                     <param name="Y" type="float"/>
                     <param name="Z" type="float"/>
                  </accessor>
               </technique_common>
            </source>
            <vertices id="verts">
               <input semantic="POSITION" source="#coords_ME_ID462-source-position"/>
            </vertices>
            <triangles count="80" material="MA_Wheels">
               <input offset="0" semantic="VERTEX" source="#verts"/>
               <input offset="1"
                      semantic="NORMAL"
                      source="#coords_ME_ID462_normal-source-normal"/>
               <p>0 0 1 1 2 2 1 1 0 0 3 3 4 4 5 5 6 6 7 7 6 6 5 5 8 8 9 9 10 10 9 9 8 8 11 11 8 8 0 0 11 11 11 11 0 0 12 12 12 12 0 0 2 2 12 12 2 2 13 13 13 13 2 2 14 14 13 13 14 14 15 15 15 15 14 14 16 16 17 17 18 18 19 19 19 19 18 18 20 20 18 18 7 7 20 20 20 20 7 7 21 21 7 7 5 5 21 21 21 21 5 5 22 22 5 5 23 23 22 22 22 22 23 23 24 24 25 25 24 24 23 23 3 3 0 0 8 8 3 3 8 8 26 26 27 27 23 23 4 4 5 5 4 4 23 23 28 28 29 28 30 28 29 28 28 28 31 28 29 28 31 28 32 28 32 28 31 28 33 29 32 28 33 29 34 28 34 28 33 29 35 28 34 28 35 28 36 29 36 29 35 28 37 28 36 29 37 28 38 29 39 30 40 31 41 31 40 31 42 30 41 31 41 31 42 30 43 31 42 30 44 31 43 31 43 31 44 31 45 31 44 31 46 31 45 31 45 31 46 31 47 31 46 31 48 31 47 31 49 31 47 31 48 31 2 2 50 32 14 14 50 32 2 2 1 1 6 6 7 7 51 33 18 18 51 33 7 7 52 34 12 12 13 13 12 12 52 34 53 35 54 36 55 37 21 21 20 20 21 21 55 37 53 35 11 11 12 12 11 11 53 35 56 38 57 39 54 36 22 22 21 21 22 22 54 36 58 40 11 11 56 38 11 11 58 40 9 9 24 24 59 41 22 22 57 39 22 22 59 41 60 42 9 9 58 40 9 9 60 42 10 10 25 25 61 43 24 24 59 41 24 24 61 43 60 42 8 8 10 10 8 8 60 42 26 26 27 27 61 43 23 23 25 25 23 23 61 43 14 14 62 44 16 16 62 44 14 14 50 32 51 33 18 18 63 45 17 17 63 45 18 18 15 15 62 44 64 46 62 44 15 15 16 16 17 17 19 19 63 45 65 47 63 45 19 19 64 46 13 13 15 15 13 13 64 46 52 34 55 37 65 47 20 20 19 19 20 20 65 47 </p>
            </triangles>
         </mesh>
      </geometry>
      <geometry id="coords_ME_ID456_MA_Wheels-geometry" name="coords_ME_ID456">
         <mesh>
            <source id="coords_ME_ID456-source-position" name="position">
               <float_array id="coords_ME_ID456-position-array" count="198">108.519699 81.815155 18.104689 110.664398 74.323715 29.525848 112.386894 74.323715 17.548729 107.111198 81.815155 27.903019 107.111198 81.815155 27.903019 108.519699 81.815155 18.104689 110.664398 74.323715 29.525848 112.386894 74.323715 17.548729 86.181099 81.815155 3.748317 104.407494 81.815155 9.100161 96.080215 81.815155 3.748316 77.853348 81.815155 9.100163 73.741135 81.815155 18.104689 75.149605 81.815155 27.903019 100.628395 81.815155 35.384270 81.632378 81.815155 35.384270 91.130409 81.815155 38.173138 91.130409 81.815155 38.173138 81.632378 81.815155 35.384270 100.628395 81.815155 35.384270 75.149605 81.815155 27.903019 73.741135 81.815155 18.104689 77.853348 81.815155 9.100163 104.407494 81.815155 9.100161 86.181099 81.815155 3.748317 96.080215 81.815155 3.748316 102.740700 74.323715 38.670628 102.740700 74.323715 38.670628 107.359795 74.323715 6.541894 85.080215 74.323715 0.000001 97.180611 74.323715 0.000000 74.901077 74.323715 6.541896 112.386894 74.323715 17.548729 69.874016 74.323715 17.548740 110.664398 74.323715 29.525848 71.596458 74.323715 29.525848 102.740700 74.323715 38.670628 79.520180 74.323715 38.670639 91.130417 74.323715 42.079689 91.130417 74.323715 42.079689 102.740700 74.323715 38.670628 79.520180 74.323715 38.670639 71.596458 74.323715 29.525848 110.664398 74.323715 29.525848 69.874016 74.323715 17.548740 112.386894 74.323715 17.548729 74.901077 74.323715 6.541896 107.359795 74.323715 6.541894 85.080215 74.323715 0.000001 97.180611 74.323715 0.000000 107.359795 74.323715 6.541894 107.359795 74.323715 6.541894 71.596458 74.323715 29.525848 69.874016 74.323715 17.548740 71.596458 74.323715 29.525848 69.874016 74.323715 17.548740 79.520180 74.323715 38.670639 79.520180 74.323715 38.670639 91.130417 74.323715 42.079689 91.130417 74.323715 42.079689 97.180611 74.323715 0.000000 97.180611 74.323715 0.000000 85.080215 74.323715 0.000001 85.080215 74.323715 0.000001 74.901077 74.323715 6.541896 74.901077 74.323715 6.541896</float_array>
               <technique_common>
                  <accessor count="66" source="#coords_ME_ID456-position-array" stride="3">
                     <param name="X" type="float"/>
                     <param name="Y" type="float"/>
                     <param name="Z" type="float"/>
                  </accessor>
               </technique_common>
            </source>
            <source id="coords_ME_ID456_normal-source-normal" name="normal">
               <float_array id="coords_ME_ID456_normal-normal-array" count="144">0.41135 0.91107 0.02735  0.84942 0.45922 0.25999  0.87934 0.46237 -0.11389  0.38676 0.91347 0.12642  -0.08294 -0.99532 -0.04964  -0.44244 -0.89618 -0.03322  -0.84942 -0.45922 -0.25999  -0.85347 -0.45888 0.24702  -0.26055 0.69206 -0.67318  0.42325 0.75565 -0.49985  0.29680 0.60809 -0.73630  -0.46226 0.83809 -0.28968  -0.39056 0.92021 0.02597  -0.44994 0.88086 0.14708  0.21691 0.77932 0.58789  -0.19453 0.89900 0.39237  0.00000 0.78473 0.61984  -0.07733 -0.60809 -0.79009  0.13204 -0.95479 -0.26633  -0.06708 -0.98853 -0.13530  0.09520 -0.99383 -0.05697  0.09371 -0.99559 0.00299  0.09773 -0.99160 0.08468  -0.13116 -0.98483 0.11365  0.26055 -0.69206 0.67318  -0.14840 -0.60809 0.77987  0.46890 0.46234 0.75257  -0.46890 -0.46234 -0.75257  0.00000 -1.00000 0.00000  0.00000 -1.00000 0.00000  0.00000 1.00000 0.00000  0.00000 1.00000 0.00000  0.67011 0.46237 -0.58066  -0.67011 -0.46237 0.58066  -0.84942 0.45922 0.25999  -0.87935 0.46236 -0.11389  0.85154 -0.45886 -0.25363  0.85513 -0.45926 0.24050  -0.46891 0.46234 0.75258  0.46891 -0.46234 -0.75258  0.08053 0.46088 0.88380  -0.08053 -0.46088 -0.88380  0.33702 0.46042 -0.82124  -0.33702 -0.46042 0.82124  -0.35975 0.45924 -0.81220  0.36596 -0.45887 0.80964  -0.67011 0.46237 -0.58066  0.67011 -0.46237 0.58066 </float_array>
               <technique_common>
                  <accessor count="48" source="#coords_ME_ID456_normal-normal-array" stride="3">
                     <param name="X" type="float"/>
                     <param name="Y" type="float"/>
                     <param name="Z" type="float"/>
                  </accessor>
               </technique_common>
            </source>
            <vertices id="verts">
               <input semantic="POSITION" source="#coords_ME_ID456-source-position"/>
            </vertices>
            <triangles count="80" material="MA_Wheels">
               <input offset="0" semantic="VERTEX" source="#verts"/>
               <input offset="1"
                      semantic="NORMAL"
                      source="#coords_ME_ID456_normal-source-normal"/>
               <p>0 0 1 1 2 2 1 1 0 0 3 3 4 4 5 5 6 6 7 7 6 6 5 5 8 8 9 9 10 10 9 9 8 8 11 11 11 11 0 0 9 9 0 0 11 11 12 12 0 0 12 12 3 3 3 3 12 12 13 13 3 3 13 13 14 14 14 14 13 13 15 15 14 14 15 15 16 16 17 17 18 18 19 19 18 18 20 20 19 19 19 19 20 20 4 4 20 20 21 21 4 4 4 4 21 21 5 5 21 21 22 22 5 5 5 5 22 22 23 23 22 22 24 24 23 23 25 25 23 23 24 24 3 3 26 26 1 1 26 26 3 3 14 14 19 19 4 4 27 27 6 6 27 27 4 4 28 28 29 28 30 28 29 28 28 28 31 28 31 28 28 28 32 29 31 28 32 29 33 28 33 28 32 29 34 28 33 28 34 28 35 28 35 28 34 28 36 28 35 28 36 28 37 28 37 28 36 28 38 28 39 30 40 30 41 30 41 30 40 30 42 31 40 30 43 31 42 31 42 31 43 31 44 30 43 31 45 30 44 30 44 30 45 30 46 30 45 30 47 30 46 30 46 30 47 30 48 30 49 30 48 30 47 30 9 9 2 2 50 32 9 9 0 0 2 2 5 5 23 23 7 7 51 33 7 7 23 23 52 34 12 12 53 35 12 12 52 34 13 13 20 20 54 36 21 21 55 37 21 21 54 36 56 38 13 13 52 34 13 13 56 38 15 15 18 18 57 39 20 20 54 36 20 20 57 39 58 40 15 15 56 38 15 15 58 40 16 16 17 17 59 41 18 18 57 39 18 18 59 41 58 40 14 14 16 16 14 14 58 40 26 26 27 27 59 41 19 19 17 17 19 19 59 41 9 9 60 42 10 10 60 42 9 9 50 32 51 33 23 23 61 43 25 25 61 43 23 23 8 8 60 42 62 44 60 42 8 8 10 10 25 25 24 24 61 43 63 45 61 43 24 24 11 11 62 44 64 46 62 44 11 11 8 8 24 24 22 22 63 45 65 47 63 45 22 22 53 35 11 11 64 46 11 11 53 35 12 12 21 21 55 37 22 22 65 47 22 22 55 37 </p>
            </triangles>
         </mesh>
      </geometry>
      <geometry id="coords_ME_ID450_MA_Wheels-geometry" name="coords_ME_ID450">
         <mesh>
            <source id="coords_ME_ID450-source-position" name="position">
               <float_array id="coords_ME_ID450-position-array" count="144">84.419289 94.577316 20.342089 98.528534 94.577316 20.342089 91.473915 94.577316 14.527969 91.473915 94.577316 26.156210 91.473915 94.577316 26.156210 84.419289 94.577316 20.342089 98.528534 94.577316 20.342089 91.473915 94.577316 14.527969 98.528534 0.000001 20.342089 91.473915 94.577316 26.156210 91.473915 0.000000 26.156210 98.528534 94.577316 20.342089 98.528534 94.577316 20.342089 98.528534 0.000001 20.342089 91.473915 94.577316 26.156210 91.473915 0.000000 26.156210 98.528534 94.577316 20.342089 91.473915 0.000001 14.527969 91.473915 94.577316 14.527969 98.528534 0.000001 20.342089 98.528534 0.000001 20.342089 98.528534 94.577316 20.342089 91.473915 0.000001 14.527969 91.473915 94.577316 14.527969 91.473915 94.577316 14.527969 84.419289 0.000001 20.342089 84.419289 94.577316 20.342089 91.473915 0.000001 14.527969 91.473915 0.000001 14.527969 91.473915 94.577316 14.527969 84.419289 0.000001 20.342089 84.419289 94.577316 20.342089 91.473915 0.000000 26.156210 84.419289 94.577316 20.342089 84.419289 0.000001 20.342089 91.473915 94.577316 26.156210 91.473915 94.577316 26.156210 91.473915 0.000000 26.156210 84.419289 94.577316 20.342089 84.419289 0.000001 20.342089 98.528534 0.000001 20.342089 84.419289 0.000001 20.342089 91.473915 0.000001 14.527969 91.473915 0.000000 26.156210 91.473915 0.000000 26.156210 98.528534 0.000001 20.342089 84.419289 0.000001 20.342089 91.473915 0.000001 14.527969</float_array>
               <technique_common>
                  <accessor count="48" source="#coords_ME_ID450-position-array" stride="3">
                     <param name="X" type="float"/>
                     <param name="Y" type="float"/>
                     <param name="Z" type="float"/>
                  </accessor>
               </technique_common>
            </source>
            <source id="coords_ME_ID450_normal-source-normal" name="normal">
               <float_array id="coords_ME_ID450_normal-normal-array" count="36">0.00000 1.00000 0.00000  0.00000 -1.00000 0.00000  0.63600 0.00000 0.77169  -0.63600 0.00000 -0.77169  0.63600 0.00000 -0.77169  -0.63600 0.00000 0.77169  -0.63600 0.00000 -0.77169  0.63600 0.00000 0.77169  -0.63600 0.00000 0.77169  0.63600 0.00000 -0.77169  0.00000 -1.00000 -0.00000  0.00000 1.00000 0.00000 </float_array>
               <technique_common>
                  <accessor count="12" source="#coords_ME_ID450_normal-normal-array" stride="3">
                     <param name="X" type="float"/>
                     <param name="Y" type="float"/>
                     <param name="Z" type="float"/>
                  </accessor>
               </technique_common>
            </source>
            <vertices id="verts">
               <input semantic="POSITION" source="#coords_ME_ID450-source-position"/>
            </vertices>
            <triangles count="24" material="MA_Wheels">
               <input offset="0" semantic="VERTEX" source="#verts"/>
               <input offset="1"
                      semantic="NORMAL"
                      source="#coords_ME_ID450_normal-source-normal"/>
               <p>0 0 1 0 2 0 1 0 0 0 3 0 4 1 5 1 6 1 7 1 6 1 5 1 8 2 9 2 10 2 9 2 8 2 11 2 12 3 13 3 14 3 15 3 14 3 13 3 16 4 17 4 18 4 17 4 16 4 19 4 20 5 21 5 22 5 23 5 22 5 21 5 24 6 25 6 26 6 25 6 24 6 27 6 28 7 29 7 30 7 31 7 30 7 29 7 32 8 33 8 34 8 33 8 32 8 35 8 36 9 37 9 38 9 39 9 38 9 37 9 40 1 41 1 42 1 41 10 40 10 43 10 44 11 45 11 46 11 47 0 46 0 45 0 </p>
            </triangles>
         </mesh>
      </geometry>
      <geometry id="coords_ME_ID444_MA_Wheels-geometry" name="coords_ME_ID444">
         <mesh>
            <source id="coords_ME_ID444-source-position" name="position">
               <float_array id="coords_ME_ID444-position-array" count="144">13.267220 94.577316 20.342100 27.376480 94.577316 20.342100 20.321850 94.577316 14.527969 20.321850 94.577316 26.156219 20.321850 94.577316 26.156219 13.267220 94.577316 20.342100 27.376480 94.577316 20.342100 20.321850 94.577316 14.527969 27.376480 0.000001 20.342100 20.321850 94.577316 26.156219 20.321850 0.000000 26.156219 27.376480 94.577316 20.342100 27.376480 94.577316 20.342100 27.376480 0.000001 20.342100 20.321850 94.577316 26.156219 20.321850 0.000000 26.156219 27.376480 94.577316 20.342100 20.321850 0.000001 14.527969 20.321850 94.577316 14.527969 27.376480 0.000001 20.342100 27.376480 0.000001 20.342100 27.376480 94.577316 20.342100 20.321850 0.000001 14.527969 20.321850 94.577316 14.527969 20.321850 94.577316 14.527969 13.267220 0.000001 20.342100 13.267220 94.577316 20.342100 20.321850 0.000001 14.527969 20.321850 0.000001 14.527969 20.321850 94.577316 14.527969 13.267220 0.000001 20.342100 13.267220 94.577316 20.342100 20.321850 0.000000 26.156219 13.267220 94.577316 20.342100 13.267220 0.000001 20.342100 20.321850 94.577316 26.156219 20.321850 94.577316 26.156219 20.321850 0.000000 26.156219 13.267220 94.577316 20.342100 13.267220 0.000001 20.342100 27.376480 0.000001 20.342100 13.267220 0.000001 20.342100 20.321850 0.000001 14.527969 20.321850 0.000000 26.156219 20.321850 0.000000 26.156219 27.376480 0.000001 20.342100 13.267220 0.000001 20.342100 20.321850 0.000001 14.527969</float_array>
               <technique_common>
                  <accessor count="48" source="#coords_ME_ID444-position-array" stride="3">
                     <param name="X" type="float"/>
                     <param name="Y" type="float"/>
                     <param name="Z" type="float"/>
                  </accessor>
               </technique_common>
            </source>
            <source id="coords_ME_ID444_normal-source-normal" name="normal">
               <float_array id="coords_ME_ID444_normal-normal-array" count="42">0.00000 1.00000 0.00000  0.00000 -1.00000 0.00000  0.63600 0.00000 0.77169  0.63600 0.00000 0.77169  -0.63600 0.00000 -0.77169  -0.63600 0.00000 -0.77169  0.63600 0.00000 -0.77169  -0.63600 0.00000 0.77169  -0.63600 0.00000 -0.77169  0.63600 0.00000 0.77169  -0.63600 0.00000 0.77169  0.63600 0.00000 -0.77169  0.00000 -1.00000 -0.00000  0.00000 1.00000 0.00000 </float_array>
               <technique_common>
                  <accessor count="14" source="#coords_ME_ID444_normal-normal-array" stride="3">
                     <param name="X" type="float"/>
                     <param name="Y" type="float"/>
                     <param name="Z" type="float"/>
                  </accessor>
               </technique_common>
            </source>
            <vertices id="verts">
               <input semantic="POSITION" source="#coords_ME_ID444-source-position"/>
            </vertices>
            <triangles count="24" material="MA_Wheels">
               <input offset="0" semantic="VERTEX" source="#verts"/>
               <input offset="1"
                      semantic="NORMAL"
                      source="#coords_ME_ID444_normal-source-normal"/>
               <p>0 0 1 0 2 0 1 0 0 0 3 0 4 1 5 1 6 1 7 1 6 1 5 1 8 2 9 2 10 2 9 3 8 3 11 3 12 4 13 4 14 4 15 5 14 5 13 5 16 6 17 6 18 6 17 6 16 6 19 6 20 7 21 7 22 7 23 7 22 7 21 7 24 8 25 8 26 8 25 8 24 8 27 8 28 9 29 9 30 9 31 9 30 9 29 9 32 10 33 10 34 10 33 10 32 10 35 10 36 11 37 11 38 11 39 11 38 11 37 11 40 1 41 1 42 1 41 12 40 12 43 12 44 13 45 13 46 13 47 0 46 0 45 0 </p>
            </triangles>
         </mesh>
      </geometry>
      <geometry id="coords_ME_ID438_MA_Wheels-geometry" name="coords_ME_ID438">
         <mesh>
            <source id="coords_ME_ID438-source-position" name="position">
               <float_array id="coords_ME_ID438-position-array" count="198">71.596458 20.253599 29.525848 73.741135 12.762159 18.104689 75.149605 12.762159 27.903019 69.874016 20.253599 17.548740 69.874016 20.253599 17.548740 71.596458 20.253599 29.525848 73.741135 12.762159 18.104689 75.149605 12.762159 27.903019 79.520180 20.253599 38.670639 81.632378 12.762159 35.384270 79.520180 20.253599 38.670639 81.632378 12.762159 35.384270 85.080215 20.253599 0.000001 107.359795 20.253599 6.541894 97.180611 20.253599 0.000000 74.901077 20.253599 6.541896 112.386894 20.253599 17.548729 69.874016 20.253599 17.548740 110.664398 20.253599 29.525848 71.596458 20.253599 29.525848 102.740700 20.253599 38.670628 79.520180 20.253599 38.670639 91.130417 20.253599 42.079689 91.130417 20.253599 42.079689 79.520180 20.253599 38.670639 102.740700 20.253599 38.670628 71.596458 20.253599 29.525848 110.664398 20.253599 29.525848 69.874016 20.253599 17.548740 112.386894 20.253599 17.548729 74.901077 20.253599 6.541896 107.359795 20.253599 6.541894 85.080215 20.253599 0.000001 97.180611 20.253599 0.000000 77.853348 12.762159 9.100163 74.901077 20.253599 6.541896 74.901077 20.253599 6.541896 77.853348 12.762159 9.100163 104.407494 12.762159 9.100161 86.181099 12.762159 3.748317 96.080215 12.762159 3.748316 108.519699 12.762159 18.104689 107.111198 12.762159 27.903019 100.628395 12.762159 35.384270 91.130409 12.762159 38.173138 91.130409 12.762159 38.173138 100.628395 12.762159 35.384270 107.111198 12.762159 27.903019 108.519699 12.762159 18.104689 104.407494 12.762159 9.100161 86.181099 12.762159 3.748317 96.080215 12.762159 3.748316 91.130417 20.253599 42.079689 91.130417 20.253599 42.079689 110.664398 20.253599 29.525848 112.386894 20.253599 17.548729 112.386894 20.253599 17.548729 110.664398 20.253599 29.525848 107.359795 20.253599 6.541894 107.359795 20.253599 6.541894 97.180611 20.253599 0.000000 97.180611 20.253599 0.000000 85.080215 20.253599 0.000001 85.080215 20.253599 0.000001 102.740700 20.253599 38.670628 102.740700 20.253599 38.670628</float_array>
               <technique_common>
                  <accessor count="66" source="#coords_ME_ID438-position-array" stride="3">
                     <param name="X" type="float"/>
                     <param name="Y" type="float"/>
                     <param name="Z" type="float"/>
                  </accessor>
               </technique_common>
            </source>
            <source id="coords_ME_ID438_normal-source-normal" name="normal">
               <float_array id="coords_ME_ID438_normal-normal-array" count="141">-0.85154 -0.45886 0.25363  -0.42133 -0.90636 0.03164  -0.09520 -0.99383 0.05697  -0.87935 -0.46236 -0.11389  0.85513 0.45926 0.24050  0.84942 0.45922 -0.25999  0.42133 0.90636 -0.03164  0.09520 0.99383 -0.05697  -0.46891 -0.46234 0.75258  -0.26582 -0.66901 0.69409  0.57400 0.45923 -0.67795  0.26582 0.66901 -0.69409  0.00000 1.00000 0.00000  0.00000 1.00000 0.00000  0.00000 -1.00000 0.00000  -0.09773 -0.99160 -0.08468  -0.67011 -0.46237 -0.58066  0.67011 0.46237 0.58066  0.14925 0.98030 0.12933  0.13116 -0.98483 -0.11365  -0.06459 -0.68628 -0.72446  0.14840 -0.60809 -0.77987  0.09661 -0.99532 -0.00308  0.08294 -0.99532 0.04964  0.37456 -0.80518 0.45976  -0.07733 -0.60809 0.79009  -0.07733 0.60809 -0.79009  -0.37456 0.80518 -0.45976  -0.33125 0.91107 -0.24541  -0.11631 0.99321 0.00371  -0.42325 0.75565 0.49985  0.06459 0.68628 0.72446  -0.29680 0.60809 0.73630  -0.08053 -0.46088 0.88380  0.08053 0.46088 -0.88380  0.80135 -0.46233 0.37959  0.85347 -0.45888 -0.24702  -0.85512 0.45926 0.24050  -0.80135 0.46233 -0.37959  0.67011 -0.46237 -0.58066  -0.67011 0.46237 0.58066  0.17173 -0.46087 -0.87069  -0.17173 0.46087 0.87069  -0.23789 -0.46235 -0.85419  0.35975 0.45924 0.81220  0.57924 -0.45886 0.67374  -0.57400 0.45924 -0.67795 </float_array>
               <technique_common>
                  <accessor count="47" source="#coords_ME_ID438_normal-normal-array" stride="3">
                     <param name="X" type="float"/>
                     <param name="Y" type="float"/>
                     <param name="Z" type="float"/>
                  </accessor>
               </technique_common>
            </source>
            <vertices id="verts">
               <input semantic="POSITION" source="#coords_ME_ID438-source-position"/>
            </vertices>
            <triangles count="80" material="MA_Wheels">
               <input offset="0" semantic="VERTEX" source="#verts"/>
               <input offset="1"
                      semantic="NORMAL"
                      source="#coords_ME_ID438_normal-source-normal"/>
               <p>0 0 1 1 2 2 1 1 0 0 3 3 4 4 5 5 6 6 7 7 6 6 5 5 8 8 2 2 9 9 8 8 0 0 2 2 5 5 10 10 7 7 11 11 7 7 10 10 12 12 13 12 14 12 13 12 12 12 15 12 13 12 15 12 16 13 16 13 15 12 17 12 16 13 17 12 18 12 18 12 17 12 19 12 18 12 19 12 20 12 20 12 19 12 21 12 20 12 21 12 22 12 23 14 24 14 25 14 24 14 26 14 25 14 25 14 26 14 27 14 26 14 28 14 27 14 27 14 28 14 29 14 28 14 30 14 29 14 29 14 30 14 31 14 30 14 32 14 31 14 33 14 31 14 32 14 3 3 34 15 1 1 34 15 3 3 35 16 36 17 4 4 37 18 6 6 37 18 4 4 38 19 39 20 40 21 39 20 38 19 34 15 34 15 38 19 41 22 34 15 41 22 1 1 1 1 41 22 42 23 1 1 42 23 2 2 2 2 42 23 43 24 2 2 43 24 9 9 9 9 43 24 44 25 45 26 46 27 11 11 11 11 46 27 7 7 46 27 47 28 7 7 7 7 47 28 6 6 47 28 48 29 6 6 6 6 48 29 37 18 48 29 49 30 37 18 37 18 49 30 50 31 51 32 50 31 49 30 9 9 52 33 8 8 52 33 9 9 44 25 45 26 11 11 53 34 10 10 53 34 11 11 41 22 54 35 42 23 54 35 41 22 55 36 56 37 48 29 57 38 47 28 57 38 48 29 38 19 55 36 41 22 55 36 38 19 58 39 59 40 49 30 56 37 48 29 56 37 49 30 60 41 38 19 40 21 38 19 60 41 58 39 59 40 61 42 49 30 51 32 49 30 61 42 60 41 39 20 62 43 39 20 60 41 40 21 51 32 61 42 50 31 63 44 50 31 61 42 62 43 34 15 35 16 34 15 62 43 39 20 50 31 63 44 37 18 36 17 37 18 63 44 43 24 52 33 44 25 52 33 43 24 64 45 65 46 46 27 53 34 45 26 53 34 46 27 42 23 64 45 43 24 64 45 42 23 54 35 57 38 47 28 65 46 46 27 65 46 47 28 </p>
            </triangles>
         </mesh>
      </geometry>
      <geometry id="coords_ME_ID432_MA_Wheels-geometry" name="coords_ME_ID432">
         <mesh>
            <source id="coords_ME_ID432-source-position" name="position">
               <float_array id="coords_ME_ID432-position-array" count="198">37.485729 74.323715 6.541899 15.206249 74.323715 0.000006 27.306099 74.323715 0.000005 5.026574 74.323715 6.541902 42.512299 74.323715 17.548740 0.000000 74.323715 17.548740 40.790398 74.323715 29.525860 1.721950 74.323715 29.525860 32.866188 74.323715 38.670639 9.646212 74.323715 38.670639 21.255909 74.323715 42.079700 21.255909 74.323715 42.079700 32.866188 74.323715 38.670639 9.646212 74.323715 38.670639 1.721950 74.323715 29.525860 40.790398 74.323715 29.525860 0.000000 74.323715 17.548740 42.512299 74.323715 17.548740 5.026574 74.323715 6.541902 37.485729 74.323715 6.541899 15.206249 74.323715 0.000006 27.306099 74.323715 0.000005 38.645718 81.815155 18.104689 40.790398 74.323715 29.525860 42.512299 74.323715 17.548740 37.236759 81.815155 27.903019 37.236759 81.815155 27.903019 38.645718 81.815155 18.104689 40.790398 74.323715 29.525860 42.512299 74.323715 17.548740 32.866188 74.323715 38.670639 30.754478 81.815155 35.384270 30.754478 81.815155 35.384270 32.866188 74.323715 38.670639 21.255909 74.323715 42.079700 21.255909 81.815155 38.173149 21.255909 74.323715 42.079700 21.255909 81.815155 38.173149 11.757919 81.815155 35.384270 9.646212 74.323715 38.670639 11.757919 81.815155 35.384270 9.646212 74.323715 38.670639 5.275591 81.815155 27.903019 1.721950 74.323715 29.525860 5.275591 81.815155 27.903019 1.721950 74.323715 29.525860 3.866634 81.815155 18.104700 0.000000 74.323715 17.548740 3.866634 81.815155 18.104700 0.000000 74.323715 17.548740 7.978838 81.815155 9.100168 5.026574 74.323715 6.541902 7.978838 81.815155 9.100168 5.026574 74.323715 6.541902 15.206249 74.323715 0.000006 16.306589 81.815155 3.748322 16.306589 81.815155 3.748322 15.206249 74.323715 0.000006 27.306099 74.323715 0.000005 26.205709 81.815155 3.748322 26.205709 81.815155 3.748322 27.306099 74.323715 0.000005 34.533459 81.815155 9.100166 37.485729 74.323715 6.541899 37.485729 74.323715 6.541899 34.533459 81.815155 9.100166</float_array>
               <technique_common>
                  <accessor count="66" source="#coords_ME_ID432-position-array" stride="3">
                     <param name="X" type="float"/>
                     <param name="Y" type="float"/>
                     <param name="Z" type="float"/>
                  </accessor>
               </technique_common>
            </source>
            <source id="coords_ME_ID432_normal-source-normal" name="normal">
               <float_array id="coords_ME_ID432_normal-normal-array" count="144">0.00000 -1.00000 0.00000  0.00000 -1.00000 0.00000  0.00000 1.00000 0.00000  0.00000 1.00000 0.00000  0.10127 0.99485 -0.00323  0.85154 0.45886 0.25363  0.87936 0.46233 -0.11391  0.38675 0.91347 0.12643  -0.08293 -0.99532 -0.04964  -0.11631 -0.99321 0.00371  -0.80134 -0.46234 -0.37960  -0.85349 -0.45885 0.24701  0.46891 0.46233 0.75258  0.21691 0.77931 0.58789  -0.21215 -0.80070 -0.56025  -0.46891 -0.46233 -0.75258  -0.08053 0.46087 0.88381  -0.07733 0.60810 0.79009  0.08053 -0.46087 -0.88381  0.07733 -0.60810 -0.79009  -0.43966 0.69205 0.57250  -0.46892 0.46233 0.75257  0.26583 -0.66901 -0.69409  0.46892 -0.46233 -0.75257  -0.40770 0.85980 0.30745  -0.80133 0.46235 0.37960  0.09520 -0.99383 -0.05698  0.84941 -0.45924 -0.26001  -0.09371 0.99559 -0.00299  -0.85514 0.45922 -0.24050  0.37372 -0.92240 0.09752  0.85514 -0.45922 0.24050  -0.09773 0.99160 -0.08468  -0.67011 0.46237 -0.58066  0.36486 -0.81864 0.44351  0.67011 -0.46237 0.58066  -0.23789 0.46234 -0.85420  -0.05166 0.95480 -0.29274  0.26055 -0.69206 0.67318  0.36596 -0.45886 0.80964  0.16048 0.46041 -0.87308  0.14840 0.60809 -0.77987  -0.17463 -0.78473 0.59473  -0.32627 -0.46087 0.82532  0.13116 0.98483 -0.11365  0.67011 0.46237 -0.58066  -0.67011 -0.46237 0.58066  -0.25978 -0.93907 0.22510 </float_array>
               <technique_common>
                  <accessor count="48" source="#coords_ME_ID432_normal-normal-array" stride="3">
                     <param name="X" type="float"/>
                     <param name="Y" type="float"/>
                     <param name="Z" type="float"/>
                  </accessor>
               </technique_common>
            </source>
            <vertices id="verts">
               <input semantic="POSITION" source="#coords_ME_ID432-source-position"/>
            </vertices>
            <triangles count="80" material="MA_Wheels">
               <input offset="0" semantic="VERTEX" source="#verts"/>
               <input offset="1"
                      semantic="NORMAL"
                      source="#coords_ME_ID432_normal-source-normal"/>
               <p>0 0 1 0 2 0 1 0 0 0 3 1 3 1 0 0 4 1 3 1 4 1 5 0 5 0 4 1 6 0 5 0 6 0 7 0 7 0 6 0 8 0 7 0 8 0 9 0 9 0 8 0 10 1 11 2 12 2 13 3 13 3 12 2 14 2 12 2 15 3 14 2 14 2 15 3 16 3 15 3 17 3 16 3 16 3 17 3 18 2 17 3 19 3 18 2 18 2 19 3 20 3 21 3 20 3 19 3 22 4 23 5 24 6 23 5 22 4 25 7 26 8 27 9 28 10 29 11 28 10 27 9 25 7 30 12 23 5 30 12 25 7 31 13 32 14 26 8 33 15 28 10 33 15 26 8 34 16 31 13 35 17 31 13 34 16 30 12 33 15 36 18 32 14 37 19 32 14 36 18 34 16 38 20 39 21 38 20 34 16 35 17 37 19 36 18 40 22 41 23 40 22 36 18 39 21 42 24 43 25 42 24 39 21 38 20 40 22 41 23 44 26 45 27 44 26 41 23 43 25 46 28 47 29 46 28 43 25 42 24 44 26 45 27 48 30 49 31 48 30 45 27 47 29 50 32 51 33 50 32 47 29 46 28 48 30 49 31 52 34 53 35 52 34 49 31 50 32 54 36 51 33 54 36 50 32 55 37 56 38 52 34 57 39 53 35 57 39 52 34 55 37 58 40 54 36 58 40 55 37 59 41 60 42 56 38 61 43 57 39 61 43 56 38 62 44 58 40 59 41 58 40 62 44 63 45 64 46 65 47 61 43 60 42 61 43 65 47 62 44 24 6 63 45 24 6 62 44 22 4 27 9 65 47 29 11 64 46 29 11 65 47 55 37 62 44 59 41 62 44 55 37 50 32 62 44 50 32 22 4 22 4 50 32 46 28 22 4 46 28 25 7 25 7 46 28 42 24 25 7 42 24 31 13 31 13 42 24 38 20 31 13 38 20 35 17 37 19 40 22 32 14 40 22 44 26 32 14 32 14 44 26 26 8 44 26 48 30 26 8 26 8 48 30 27 9 48 30 52 34 27 9 27 9 52 34 65 47 52 34 56 38 65 47 60 42 65 47 56 38 </p>
            </triangles>
         </mesh>
      </geometry>
      <geometry id="coords_ME_ID424_MA_Couplers-geometry" name="coords_ME_ID424">
         <mesh>
            <source id="coords_ME_ID424-source-position" name="position">
               <float_array id="coords_ME_ID424-position-array" count="168">25.984249 0.000000 13.385830 29.133860 28.346458 13.385830 25.984249 28.346458 13.385830 29.133860 0.000000 13.385830 29.133860 0.000000 13.385830 25.984249 0.000000 13.385830 29.133860 28.346458 13.385830 25.984249 28.346458 13.385830 29.133860 28.346458 0.000000 29.133860 0.000000 13.385830 29.133860 0.000000 0.000000 29.133860 28.346458 13.385830 29.133860 28.346458 13.385830 29.133860 28.346458 0.000000 29.133860 0.000000 13.385830 29.133860 0.000000 0.000000 25.984249 28.346458 0.000000 29.133860 28.346458 13.385830 29.133860 28.346458 0.000000 25.984249 28.346458 13.385830 25.984249 28.346458 13.385830 25.984249 28.346458 0.000000 29.133860 28.346458 13.385830 29.133860 28.346458 0.000000 25.984249 0.000000 13.385830 25.984249 9.448819 11.811020 25.984249 9.448819 1.574803 25.984249 28.346458 13.385830 25.984249 18.897640 11.811020 25.984249 28.346458 0.000000 25.984249 0.000000 0.000000 25.984249 18.897640 1.574803 25.984249 18.897640 11.811020 25.984249 18.897640 1.574803 25.984249 28.346458 0.000000 25.984249 9.448819 1.574803 25.984249 0.000000 13.385830 25.984249 0.000000 0.000000 25.984249 28.346458 13.385830 25.984249 9.448819 11.811020 29.133860 0.000000 13.385830 25.984249 0.000000 0.000000 29.133860 0.000000 0.000000 25.984249 0.000000 13.385830 25.984249 0.000000 13.385830 29.133860 0.000000 13.385830 25.984249 0.000000 0.000000 29.133860 0.000000 0.000000 25.984249 28.346458 0.000000 29.133860 0.000000 0.000000 25.984249 0.000000 0.000000 29.133860 28.346458 0.000000 29.133860 28.346458 0.000000 25.984249 28.346458 0.000000 29.133860 0.000000 0.000000 25.984249 0.000000 0.000000</float_array>
               <technique_common>
                  <accessor count="56" source="#coords_ME_ID424-position-array" stride="3">
                     <param name="X" type="float"/>
                     <param name="Y" type="float"/>
                     <param name="Z" type="float"/>
                  </accessor>
               </technique_common>
            </source>
            <source id="coords_ME_ID424_normal-source-normal" name="normal">
               <float_array id="coords_ME_ID424_normal-normal-array" count="24">0.00000 0.00000 1.00000  0.00000 0.00000 -1.00000  1.00000 0.00000 0.00000  -1.00000 0.00000 0.00000  0.00000 1.00000 0.00000  0.00000 -1.00000 0.00000  -1.00000 0.00000 0.00000  1.00000 0.00000 0.00000 </float_array>
               <technique_common>
                  <accessor count="8" source="#coords_ME_ID424_normal-normal-array" stride="3">
                     <param name="X" type="float"/>
                     <param name="Y" type="float"/>
                     <param name="Z" type="float"/>
                  </accessor>
               </technique_common>
            </source>
            <vertices id="verts">
               <input semantic="POSITION" source="#coords_ME_ID424-source-position"/>
            </vertices>
            <triangles count="36" material="MA_Couplers">
               <input offset="0" semantic="VERTEX" source="#verts"/>
               <input offset="1"
                      semantic="NORMAL"
                      source="#coords_ME_ID424_normal-source-normal"/>
               <p>0 0 1 0 2 0 1 0 0 0 3 0 4 1 5 1 6 1 7 1 6 1 5 1 8 2 9 2 10 2 9 2 8 2 11 2 12 3 13 3 14 3 15 3 14 3 13 3 16 4 17 4 18 4 17 4 16 4 19 4 20 5 21 5 22 5 23 5 22 5 21 5 24 6 25 6 26 6 25 3 24 3 27 3 25 3 27 3 28 3 28 3 27 3 29 3 30 3 26 3 29 3 26 6 30 6 24 6 29 3 26 3 31 3 29 6 31 6 28 6 32 7 33 7 34 7 33 2 35 2 34 2 36 7 37 7 35 7 34 2 35 2 37 2 34 2 38 2 32 2 32 2 38 2 39 2 38 2 36 2 39 2 35 7 39 7 36 7 40 5 41 5 42 5 41 5 40 5 43 5 44 4 45 4 46 4 47 4 46 4 45 4 48 1 49 1 50 1 49 1 48 1 51 1 52 0 53 0 54 0 55 0 54 0 53 0 </p>
            </triangles>
         </mesh>
      </geometry>
      <geometry id="coords_ME_ID416_MA_Couplers-geometry" name="coords_ME_ID416">
         <mesh>
            <source id="coords_ME_ID416-source-position" name="position">
               <float_array id="coords_ME_ID416-position-array" count="444">25.984249 9.448819 11.811020 9.448819 9.448819 1.574803 25.984249 9.448819 1.574803 9.448819 9.448819 11.811020 9.448819 9.448819 11.811020 25.984249 9.448819 11.811020 9.448819 9.448819 1.574803 25.984249 9.448819 1.574803 3.149606 20.485649 1.574803 0.000000 16.942339 1.574803 -0.000000 20.485649 1.574803 6.299213 16.942339 1.574803 6.299213 20.485649 1.574803 9.448819 18.897640 1.574803 6.299213 11.404110 1.574803 6.299213 7.860808 1.574803 9.448819 9.448819 1.574803 25.984249 9.448819 1.574803 25.984249 18.897640 1.574803 0.000000 7.860808 1.574803 0.000000 11.404110 1.574803 6.299213 7.860808 1.574803 6.299213 11.404110 1.574803 0.000000 7.860808 1.574803 0.000000 11.404110 1.574803 25.984249 18.897640 1.574803 9.448819 18.897640 1.574803 25.984249 9.448819 1.574803 9.448819 9.448819 1.574803 6.299213 16.942339 1.574803 6.299213 20.485649 1.574803 3.149606 20.485649 1.574803 0.000000 16.942339 1.574803 -0.000000 20.485649 1.574803 0.000000 7.860808 11.811020 6.299213 11.404110 11.811020 0.000000 11.404110 11.811020 6.299213 7.860808 11.811020 6.299213 16.942339 11.811020 0.000000 20.485649 11.811020 0.000000 16.942339 11.811020 3.149606 20.485649 11.811020 6.299213 20.485649 11.811020 9.448819 18.897640 11.811020 9.448819 9.448819 11.811020 25.984249 18.897640 11.811020 25.984249 9.448819 11.811020 25.984249 9.448819 11.811020 9.448819 9.448819 11.811020 25.984249 18.897640 11.811020 9.448819 18.897640 11.811020 6.299213 7.860808 11.811020 6.299213 11.404110 11.811020 6.299213 16.942339 11.811020 6.299213 20.485649 11.811020 3.149606 20.485649 11.811020 0.000000 20.485649 11.811020 0.000000 16.942339 11.811020 0.000000 7.860808 11.811020 0.000000 11.404110 11.811020 9.448819 9.448819 11.811020 6.299213 7.860808 1.574803 9.448819 9.448819 1.574803 6.299213 7.860808 11.811020 6.299213 7.860808 11.811020 9.448819 9.448819 11.811020 6.299213 7.860808 1.574803 9.448819 9.448819 1.574803 6.299213 7.860808 11.811020 0.000000 7.860808 1.574803 6.299213 7.860808 1.574803 0.000000 7.860808 11.811020 0.000000 7.860808 11.811020 6.299213 7.860808 11.811020 0.000000 7.860808 1.574803 6.299213 7.860808 1.574803 0.000000 7.860808 11.811020 0.000000 11.404110 1.574803 0.000000 7.860808 1.574803 0.000000 11.404110 11.811020 0.000000 11.404110 11.811020 0.000000 7.860808 11.811020 0.000000 11.404110 1.574803 0.000000 7.860808 1.574803 0.000000 11.404110 1.574803 6.299213 11.404110 11.811020 6.299213 11.404110 1.574803 0.000000 11.404110 11.811020 0.000000 11.404110 11.811020 0.000000 11.404110 1.574803 6.299213 11.404110 11.811020 6.299213 11.404110 1.574803 6.299213 11.404110 11.811020 6.299213 16.942339 1.574803 6.299213 11.404110 1.574803 6.299213 16.942339 11.811020 6.299213 16.942339 11.811020 6.299213 11.404110 11.811020 6.299213 16.942339 1.574803 6.299213 11.404110 1.574803 6.299213 16.942339 11.811020 0.000000 16.942339 1.574803 6.299213 16.942339 1.574803 0.000000 16.942339 11.811020 0.000000 16.942339 11.811020 6.299213 16.942339 11.811020 0.000000 16.942339 1.574803 6.299213 16.942339 1.574803 0.000000 16.942339 11.811020 -0.000000 20.485649 1.574803 0.000000 16.942339 1.574803 0.000000 20.485649 11.811020 0.000000 20.485649 11.811020 0.000000 16.942339 11.811020 -0.000000 20.485649 1.574803 0.000000 16.942339 1.574803 -0.000000 20.485649 1.574803 3.149606 20.485649 11.811020 3.149606 20.485649 1.574803 0.000000 20.485649 11.811020 0.000000 20.485649 11.811020 -0.000000 20.485649 1.574803 3.149606 20.485649 11.811020 3.149606 20.485649 1.574803 3.149606 20.485649 1.574803 6.299213 20.485649 11.811020 6.299213 20.485649 1.574803 3.149606 20.485649 11.811020 3.149606 20.485649 11.811020 3.149606 20.485649 1.574803 6.299213 20.485649 11.811020 6.299213 20.485649 1.574803 6.299213 20.485649 1.574803 9.448819 18.897640 11.811020 9.448819 18.897640 1.574803 6.299213 20.485649 11.811020 6.299213 20.485649 11.811020 6.299213 20.485649 1.574803 9.448819 18.897640 11.811020 9.448819 18.897640 1.574803 9.448819 18.897640 1.574803 25.984249 18.897640 11.811020 25.984249 18.897640 1.574803 9.448819 18.897640 11.811020 9.448819 18.897640 11.811020 9.448819 18.897640 1.574803 25.984249 18.897640 11.811020 25.984249 18.897640 1.574803</float_array>
               <technique_common>
                  <accessor count="148" source="#coords_ME_ID416-position-array" stride="3">
                     <param name="X" type="float"/>
                     <param name="Y" type="float"/>
                     <param name="Z" type="float"/>
                  </accessor>
               </technique_common>
            </source>
            <source id="coords_ME_ID416_normal-source-normal" name="normal">
               <float_array id="coords_ME_ID416_normal-normal-array" count="36">0.00000 -1.00000 0.00000  0.00000 1.00000 0.00000  0.00000 0.00000 -1.00000  0.00000 0.00000 1.00000  0.45021 -0.89292 0.00000  -0.45021 0.89292 0.00000  -1.00000 0.00000 0.00000  1.00000 0.00000 0.00000  -1.00000 0.00000 0.00000  1.00000 0.00000 0.00000  0.45021 0.89292 0.00000  -0.45021 -0.89292 0.00000 </float_array>
               <technique_common>
                  <accessor count="12" source="#coords_ME_ID416_normal-normal-array" stride="3">
                     <param name="X" type="float"/>
                     <param name="Y" type="float"/>
                     <param name="Z" type="float"/>
                  </accessor>
               </technique_common>
            </source>
            <vertices id="verts">
               <input semantic="POSITION" source="#coords_ME_ID416-source-position"/>
            </vertices>
            <triangles count="92" material="MA_Couplers">
               <input offset="0" semantic="VERTEX" source="#verts"/>
               <input offset="1"
                      semantic="NORMAL"
                      source="#coords_ME_ID416_normal-source-normal"/>
               <p>0 0 1 0 2 0 1 0 0 0 3 0 4 1 5 1 6 1 7 1 6 1 5 1 8 2 9 2 10 2 9 2 8 2 11 2 11 2 8 2 12 2 11 2 12 2 13 2 11 2 13 2 14 2 14 2 13 2 15 2 15 2 13 2 16 2 16 2 13 2 17 2 17 2 13 2 18 2 14 2 19 2 20 2 19 2 14 2 15 2 21 3 22 3 23 3 24 3 23 3 22 3 25 3 26 3 27 3 27 3 26 3 28 3 28 3 26 3 21 3 21 3 26 3 22 3 22 3 26 3 29 3 26 3 30 3 29 3 30 3 31 3 29 3 29 3 31 3 32 3 33 3 32 3 31 3 34 3 35 3 36 3 35 3 34 3 37 3 38 3 39 3 40 3 39 3 38 3 41 3 41 3 38 3 42 3 42 3 38 3 43 3 43 3 38 3 35 3 43 3 35 3 37 3 43 3 37 3 44 3 43 3 44 3 45 3 45 3 44 3 46 3 47 2 48 2 49 2 49 2 48 2 50 2 48 2 51 2 50 2 51 2 52 2 50 2 52 2 53 2 50 2 50 2 53 2 54 2 54 2 53 2 55 2 55 2 53 2 56 2 57 2 56 2 53 2 51 2 58 2 52 2 59 2 52 2 58 2 60 4 61 4 62 4 61 4 60 4 63 4 64 5 65 5 66 5 67 5 66 5 65 5 68 0 69 0 70 0 69 0 68 0 71 0 72 1 73 1 74 1 75 1 74 1 73 1 76 6 77 6 78 6 77 6 76 6 79 6 80 7 81 7 82 7 83 7 82 7 81 7 84 1 85 1 86 1 85 1 84 1 87 1 88 0 89 0 90 0 91 0 90 0 89 0 92 8 93 8 94 8 93 8 92 8 95 8 96 9 97 9 98 9 99 9 98 9 97 9 100 0 101 0 102 0 101 0 100 0 103 0 104 1 105 1 106 1 107 1 106 1 105 1 108 8 109 8 110 8 109 8 108 8 111 8 112 9 113 9 114 9 115 9 114 9 113 9 116 1 117 1 118 1 117 1 116 1 119 1 120 0 121 0 122 0 123 0 122 0 121 0 124 1 125 1 126 1 125 1 124 1 127 1 128 0 129 0 130 0 131 0 130 0 129 0 132 10 133 10 134 10 133 10 132 10 135 10 136 11 137 11 138 11 139 11 138 11 137 11 140 1 141 1 142 1 141 1 140 1 143 1 144 0 145 0 146 0 147 0 146 0 145 0 </p>
            </triangles>
         </mesh>
      </geometry>
      <geometry id="coords_ME_ID409_MA_Frame-geometry" name="coords_ME_ID409">
         <mesh>
            <source id="coords_ME_ID409-source-position" name="position">
               <float_array id="coords_ME_ID409-position-array" count="288">30.007509 92.555168 0.160786 68.255409 92.555168 12.976870 56.660038 92.555168 0.000000 17.633360 92.555168 12.982920 86.475388 92.555168 14.084690 0.043306 92.555168 14.084700 86.372551 92.555168 27.651430 0.000000 92.555168 28.172489 0.000000 92.555168 28.172489 0.043306 92.555168 14.084700 86.372551 92.555168 27.651430 86.475388 92.555168 14.084690 17.633360 92.555168 12.982920 68.255409 92.555168 12.976870 30.007509 92.555168 0.160786 56.660038 92.555168 0.000000 56.660038 92.555168 0.000000 68.255409 85.134789 12.976870 56.660038 85.134789 0.000000 68.255409 92.555168 12.976870 68.255409 92.555168 12.976870 56.660038 92.555168 0.000000 68.255409 85.134789 12.976870 56.660038 85.134789 0.000000 56.660038 92.555168 0.000000 30.007509 85.134789 0.160787 30.007509 92.555168 0.160786 56.660038 85.134789 0.000000 56.660038 85.134789 0.000000 56.660038 92.555168 0.000000 30.007509 85.134789 0.160787 30.007509 92.555168 0.160786 17.633360 85.134789 12.982920 30.007509 92.555168 0.160786 30.007509 85.134789 0.160787 17.633360 92.555168 12.982920 17.633360 92.555168 12.982920 17.633360 85.134789 12.982920 30.007509 92.555168 0.160786 30.007509 85.134789 0.160787 17.633360 92.555168 12.982920 0.043306 85.134789 14.084700 0.043306 92.555168 14.084700 17.633360 85.134789 12.982920 17.633360 85.134789 12.982920 17.633360 92.555168 12.982920 0.043306 85.134789 14.084700 0.043306 92.555168 14.084700 0.000000 85.134789 28.172489 0.043306 92.555168 14.084700 0.043306 85.134789 14.084700 0.000000 92.555168 28.172489 0.000000 92.555168 28.172489 0.000000 85.134789 28.172489 0.043306 92.555168 14.084700 0.043306 85.134789 14.084700 0.000000 85.134789 28.172489 86.372551 92.555168 27.651430 0.000000 92.555168 28.172489 86.372551 85.134789 27.651440 86.372551 85.134789 27.651440 0.000000 85.134789 28.172489 86.372551 92.555168 27.651430 0.000000 92.555168 28.172489 86.475388 92.555168 14.084690 86.372551 85.134789 27.651440 86.475388 85.134789 14.084690 86.372551 92.555168 27.651430 86.372551 92.555168 27.651430 86.475388 92.555168 14.084690 86.372551 85.134789 27.651440 86.475388 85.134789 14.084690 86.475388 92.555168 14.084690 68.255409 85.134789 12.976870 68.255409 92.555168 12.976870 86.475388 85.134789 14.084690 86.475388 85.134789 14.084690 86.475388 92.555168 14.084690 68.255409 85.134789 12.976870 68.255409 92.555168 12.976870 68.255409 85.134789 12.976870 30.007509 85.134789 0.160787 56.660038 85.134789 0.000000 17.633360 85.134789 12.982920 86.475388 85.134789 14.084690 0.043306 85.134789 14.084700 86.372551 85.134789 27.651440 0.000000 85.134789 28.172489 0.000000 85.134789 28.172489 86.372551 85.134789 27.651440 0.043306 85.134789 14.084700 86.475388 85.134789 14.084690 17.633360 85.134789 12.982920 68.255409 85.134789 12.976870 30.007509 85.134789 0.160787 56.660038 85.134789 0.000000</float_array>
               <technique_common>
                  <accessor count="96" source="#coords_ME_ID409-position-array" stride="3">
                     <param name="X" type="float"/>
                     <param name="Y" type="float"/>
                     <param name="Z" type="float"/>
                  </accessor>
               </technique_common>
            </source>
            <source id="coords_ME_ID409_normal-source-normal" name="normal">
               <float_array id="coords_ME_ID409_normal-normal-array" count="84">0.00000 1.00000 0.00000  0.00000 1.00000 0.00000  0.00000 -1.00000 0.00000  0.00000 -1.00000 0.00000  0.74568 0.00000 -0.66630  -0.74568 0.00000 0.66630  -0.00603 -0.00000 -0.99998  -0.00603 0.00000 -0.99998  0.00603 0.00000 0.99998  0.00603 0.00000 0.99998  -0.71957 -0.00000 -0.69442  -0.71957 0.00000 -0.69442  0.71957 0.00000 0.69442  0.71957 0.00000 0.69442  -0.06251 0.00000 -0.99804  0.06251 0.00000 0.99804  -1.00000 0.00000 -0.00307  1.00000 0.00000 0.00307  0.00603 0.00000 0.99998  0.00603 0.00000 0.99998  -0.00603 -0.00000 -0.99998  -0.00603 0.00000 -0.99998  0.99997 0.00000 0.00758  0.99997 0.00000 0.00758  -0.99997 -0.00000 -0.00758  -0.99997 0.00000 -0.00758  0.06069 0.00000 -0.99816  -0.06069 0.00000 0.99816 </float_array>
               <technique_common>
                  <accessor count="28" source="#coords_ME_ID409_normal-normal-array" stride="3">
                     <param name="X" type="float"/>
                     <param name="Y" type="float"/>
                     <param name="Z" type="float"/>
                  </accessor>
               </technique_common>
            </source>
            <vertices id="verts">
               <input semantic="POSITION" source="#coords_ME_ID409-source-position"/>
            </vertices>
            <triangles count="56" material="MA_Frame">
               <input offset="0" semantic="VERTEX" source="#verts"/>
               <input offset="1"
                      semantic="NORMAL"
                      source="#coords_ME_ID409_normal-source-normal"/>
               <p>0 0 1 0 2 0 1 1 0 1 3 1 1 0 3 0 4 0 4 0 3 0 5 0 4 0 5 0 6 0 6 0 5 0 7 0 8 2 9 2 10 2 10 2 9 2 11 2 9 2 12 2 11 2 11 2 12 2 13 2 12 3 14 3 13 3 15 2 13 2 14 2 16 4 17 4 18 4 17 4 16 4 19 4 20 5 21 5 22 5 23 5 22 5 21 5 24 6 25 6 26 6 25 7 24 7 27 7 28 8 29 8 30 8 31 9 30 9 29 9 32 10 33 10 34 10 33 11 32 11 35 11 36 12 37 12 38 12 39 13 38 13 37 13 40 14 41 14 42 14 41 14 40 14 43 14 44 15 45 15 46 15 47 15 46 15 45 15 48 16 49 16 50 16 49 16 48 16 51 16 52 17 53 17 54 17 55 17 54 17 53 17 56 18 57 18 58 18 57 19 56 19 59 19 60 20 61 20 62 20 63 21 62 21 61 21 64 22 65 22 66 22 65 23 64 23 67 23 68 24 69 24 70 24 71 25 70 25 69 25 72 26 73 26 74 26 73 26 72 26 75 26 76 27 77 27 78 27 79 27 78 27 77 27 80 2 81 2 82 2 81 2 80 2 83 2 83 2 80 2 84 2 83 2 84 2 85 2 85 2 84 2 86 2 85 2 86 2 87 2 88 0 89 0 90 0 89 0 91 0 90 0 90 0 91 0 92 0 91 0 93 0 92 0 92 0 93 0 94 0 95 0 94 0 93 0 </p>
            </triangles>
         </mesh>
      </geometry>
      <geometry id="coords_ME_ID403_MA_Frame-geometry" name="coords_ME_ID403">
         <mesh>
            <source id="coords_ME_ID403-source-position" name="position">
               <float_array id="coords_ME_ID403-position-array" count="288">68.255409 9.782584 12.976870 86.475388 2.362205 14.084690 68.255409 2.362205 12.976870 86.475388 9.782584 14.084690 86.475388 9.782584 14.084690 68.255409 9.782584 12.976870 86.475388 2.362205 14.084690 68.255409 2.362205 12.976870 68.255409 2.362205 12.976870 30.007509 2.362206 0.160786 56.660038 2.362206 0.000000 17.633360 2.362205 12.982920 86.475388 2.362205 14.084690 0.043306 2.362205 14.084700 86.372551 2.362204 27.651430 0.000000 2.362203 28.172489 0.000000 2.362203 28.172489 86.372551 2.362204 27.651430 0.043306 2.362205 14.084700 86.475388 2.362205 14.084690 17.633360 2.362205 12.982920 68.255409 2.362205 12.976870 30.007509 2.362206 0.160786 56.660038 2.362206 0.000000 56.660038 2.362206 0.000000 68.255409 9.782584 12.976870 68.255409 2.362205 12.976870 56.660038 9.782584 0.000000 56.660038 9.782584 0.000000 56.660038 2.362206 0.000000 68.255409 9.782584 12.976870 68.255409 2.362205 12.976870 30.007509 9.782585 0.160787 68.255409 9.782584 12.976870 56.660038 9.782584 0.000000 17.633360 9.782584 12.982920 86.475388 9.782584 14.084690 0.043306 9.782584 14.084700 86.372551 9.782582 27.651440 0.000000 9.782582 28.172489 0.000000 9.782582 28.172489 0.043306 9.782584 14.084700 86.372551 9.782582 27.651440 86.475388 9.782584 14.084690 17.633360 9.782584 12.982920 68.255409 9.782584 12.976870 30.007509 9.782585 0.160787 56.660038 9.782584 0.000000 86.475388 2.362205 14.084690 86.372551 9.782582 27.651440 86.372551 2.362204 27.651430 86.475388 9.782584 14.084690 86.475388 9.782584 14.084690 86.475388 2.362205 14.084690 86.372551 9.782582 27.651440 86.372551 2.362204 27.651430 86.372551 2.362204 27.651430 0.000000 9.782582 28.172489 0.000000 2.362203 28.172489 86.372551 9.782582 27.651440 86.372551 9.782582 27.651440 86.372551 2.362204 27.651430 0.000000 9.782582 28.172489 0.000000 2.362203 28.172489 0.000000 9.782582 28.172489 0.043306 2.362205 14.084700 0.000000 2.362203 28.172489 0.043306 9.782584 14.084700 0.043306 9.782584 14.084700 0.000000 9.782582 28.172489 0.043306 2.362205 14.084700 0.000000 2.362203 28.172489 0.043306 9.782584 14.084700 17.633360 2.362205 12.982920 0.043306 2.362205 14.084700 17.633360 9.782584 12.982920 17.633360 9.782584 12.982920 0.043306 9.782584 14.084700 17.633360 2.362205 12.982920 0.043306 2.362205 14.084700 17.633360 9.782584 12.982920 30.007509 2.362206 0.160786 17.633360 2.362205 12.982920 30.007509 9.782585 0.160787 30.007509 9.782585 0.160787 17.633360 9.782584 12.982920 30.007509 2.362206 0.160786 17.633360 2.362205 12.982920 30.007509 9.782585 0.160787 56.660038 2.362206 0.000000 30.007509 2.362206 0.160786 56.660038 9.782584 0.000000 56.660038 9.782584 0.000000 30.007509 9.782585 0.160787 56.660038 2.362206 0.000000 30.007509 2.362206 0.160786</float_array>
               <technique_common>
                  <accessor count="96" source="#coords_ME_ID403-position-array" stride="3">
                     <param name="X" type="float"/>
                     <param name="Y" type="float"/>
                     <param name="Z" type="float"/>
                  </accessor>
               </technique_common>
            </source>
            <source id="coords_ME_ID403_normal-source-normal" name="normal">
               <float_array id="coords_ME_ID403_normal-normal-array" count="138">0.06069 0.00000 -0.99816  -0.06069 0.00000 0.99816  -0.00000 -1.00000 -0.00000  -0.00000 -1.00000 -0.00000  0.00000 -1.00000 0.00000  -0.00000 -1.00000 -0.00000  0.00000 -1.00000 -0.00000  -0.00000 1.00000 0.00000  0.00000 1.00000 0.00000  0.00000 1.00000 0.00000  0.00000 1.00000 0.00000  0.00000 1.00000 0.00000  0.74568 0.00000 -0.66630  0.74568 0.00000 -0.66630  -0.74568 0.00000 0.66630  -0.74568 0.00000 0.66630  0.00000 1.00000 -0.00000  0.00000 1.00000 0.00000  0.00000 1.00000 0.00000  0.00000 1.00000 0.00000  -0.00000 -1.00000 -0.00000  -0.00000 -1.00000 -0.00000  -0.00000 -1.00000 -0.00000  -0.00000 -1.00000 0.00000  0.99997 -0.00000 0.00758  0.99997 0.00000 0.00758  -0.99997 0.00000 -0.00758  -0.99997 0.00000 -0.00758  0.00603 0.00000 0.99998  0.00603 -0.00000 0.99998  -0.00603 0.00000 -0.99998  -0.00603 0.00000 -0.99998  -1.00000 0.00000 -0.00307  -1.00000 0.00000 -0.00307  1.00000 0.00000 0.00307  1.00000 0.00000 0.00307  -0.06251 0.00000 -0.99804  0.06251 0.00000 0.99804  -0.71957 0.00000 -0.69442  -0.71957 0.00000 -0.69442  0.71957 -0.00000 0.69442  0.71957 0.00000 0.69442  -0.00603 0.00000 -0.99998  -0.00603 0.00000 -0.99998  0.00603 0.00000 0.99998  0.00603 -0.00000 0.99998 </float_array>
               <technique_common>
                  <accessor count="46" source="#coords_ME_ID403_normal-normal-array" stride="3">
                     <param name="X" type="float"/>
                     <param name="Y" type="float"/>
                     <param name="Z" type="float"/>
                  </accessor>
               </technique_common>
            </source>
            <vertices id="verts">
               <input semantic="POSITION" source="#coords_ME_ID403-source-position"/>
            </vertices>
            <triangles count="56" material="MA_Frame">
               <input offset="0" semantic="VERTEX" source="#verts"/>
               <input offset="1"
                      semantic="NORMAL"
                      source="#coords_ME_ID403_normal-source-normal"/>
               <p>0 0 1 0 2 0 1 0 0 0 3 0 4 1 5 1 6 1 7 1 6 1 5 1 8 2 9 2 10 2 9 3 8 3 11 3 11 4 8 4 12 4 11 4 12 4 13 4 13 5 12 5 14 5 13 6 14 6 15 6 16 7 17 7 18 7 17 8 19 8 18 8 18 9 19 9 20 9 19 9 21 9 20 9 20 10 21 10 22 10 23 11 22 11 21 11 24 12 25 12 26 12 25 13 24 13 27 13 28 14 29 14 30 14 31 15 30 15 29 15 32 16 33 16 34 16 33 17 32 17 35 17 33 9 35 9 36 9 36 9 35 9 37 9 36 18 37 18 38 18 38 19 37 19 39 19 40 20 41 20 42 20 42 21 41 21 43 21 41 4 44 4 43 4 43 4 44 4 45 4 44 22 46 22 45 22 47 23 45 23 46 23 48 24 49 24 50 24 49 25 48 25 51 25 52 26 53 26 54 26 55 27 54 27 53 27 56 28 57 28 58 28 57 29 56 29 59 29 60 30 61 30 62 30 63 31 62 31 61 31 64 32 65 32 66 32 65 33 64 33 67 33 68 34 69 34 70 34 71 35 70 35 69 35 72 36 73 36 74 36 73 36 72 36 75 36 76 37 77 37 78 37 79 37 78 37 77 37 80 38 81 38 82 38 81 39 80 39 83 39 84 40 85 40 86 40 87 41 86 41 85 41 88 42 89 42 90 42 89 43 88 43 91 43 92 44 93 44 94 44 95 45 94 45 93 45 </p>
            </triangles>
         </mesh>
      </geometry>
      <geometry id="coords_ME_ID395_MA_Frame-geometry" name="coords_ME_ID395">
         <mesh>
            <source id="coords_ME_ID395-source-position" name="position">
               <float_array id="coords_ME_ID395-position-array" count="288">51.888859 0.000001 20.906080 34.546368 0.000000 14.530629 51.888859 0.000000 14.530629 34.546368 0.000001 20.906080 34.546368 0.000001 20.906080 51.888859 0.000001 20.906080 34.546368 0.000000 14.530629 51.888859 0.000000 14.530629 51.888859 94.881889 14.530620 34.546368 0.000000 14.530629 34.546368 94.881889 14.530620 51.888859 0.000000 14.530629 51.888859 0.000000 14.530629 51.888859 94.881889 14.530620 34.546368 0.000000 14.530629 34.546368 94.881889 14.530620 51.888859 94.881889 14.530620 51.888859 0.000001 20.906080 51.888859 0.000000 14.530629 51.888859 38.385830 20.906080 51.888859 56.496059 20.906069 51.888859 38.385830 38.224171 51.888859 94.881889 20.906069 51.888859 56.496067 38.224171 51.888859 56.496059 20.906069 51.888859 38.385830 38.224171 51.888859 56.496067 38.224171 51.888859 94.881889 20.906069 51.888859 94.881889 14.530620 51.888859 38.385830 20.906080 51.888859 0.000001 20.906080 51.888859 0.000000 14.530629 34.546368 0.000001 20.906080 51.888859 38.385830 20.906080 34.546368 38.385830 20.906080 51.888859 0.000001 20.906080 51.888859 0.000001 20.906080 34.546368 0.000001 20.906080 51.888859 38.385830 20.906080 34.546368 38.385830 20.906080 34.546368 56.496067 38.224171 34.546368 56.496059 20.906069 34.546368 38.385830 38.224171 34.546368 0.000001 20.906080 34.546368 94.881889 14.530620 34.546368 0.000000 14.530629 34.546368 38.385830 20.906080 34.546368 94.881889 20.906069 34.546368 94.881889 20.906069 34.546368 56.496059 20.906069 34.546368 94.881889 14.530620 34.546368 38.385830 38.224171 34.546368 38.385830 20.906080 34.546368 0.000001 20.906080 34.546368 0.000000 14.530629 34.546368 56.496067 38.224171 34.546368 94.881889 20.906069 51.888859 94.881889 14.530620 34.546368 94.881889 14.530620 51.888859 94.881889 20.906069 51.888859 94.881889 20.906069 34.546368 94.881889 20.906069 51.888859 94.881889 14.530620 34.546368 94.881889 14.530620 34.546368 56.496059 20.906069 51.888859 94.881889 20.906069 34.546368 94.881889 20.906069 51.888859 56.496059 20.906069 51.888859 56.496059 20.906069 34.546368 56.496059 20.906069 51.888859 94.881889 20.906069 34.546368 94.881889 20.906069 34.546368 56.496067 38.224171 51.888859 56.496059 20.906069 34.546368 56.496059 20.906069 51.888859 56.496067 38.224171 51.888859 56.496067 38.224171 34.546368 56.496067 38.224171 51.888859 56.496059 20.906069 34.546368 56.496059 20.906069 34.546368 38.385830 38.224171 51.888859 56.496067 38.224171 34.546368 56.496067 38.224171 51.888859 38.385830 38.224171 51.888859 38.385830 38.224171 34.546368 38.385830 38.224171 51.888859 56.496067 38.224171 34.546368 56.496067 38.224171 51.888859 38.385830 20.906080 34.546368 38.385830 38.224171 34.546368 38.385830 20.906080 51.888859 38.385830 38.224171 51.888859 38.385830 38.224171 51.888859 38.385830 20.906080 34.546368 38.385830 38.224171 34.546368 38.385830 20.906080</float_array>
               <technique_common>
                  <accessor count="96" source="#coords_ME_ID395-position-array" stride="3">
                     <param name="X" type="float"/>
                     <param name="Y" type="float"/>
                     <param name="Z" type="float"/>
                  </accessor>
               </technique_common>
            </source>
            <source id="coords_ME_ID395_normal-source-normal" name="normal">
               <float_array id="coords_ME_ID395_normal-normal-array" count="48">0.00000 -1.00000 0.00000  0.00000 1.00000 -0.00000  0.00000 -0.00000 -1.00000  0.00000 0.00000 1.00000  1.00000 0.00000 0.00000  1.00000 0.00000 0.00000  -1.00000 0.00000 0.00000  -1.00000 0.00000 0.00000  0.00000 0.00000 1.00000  0.00000 0.00000 -1.00000  0.00000 1.00000 0.00000  0.00000 -1.00000 0.00000  0.00000 1.00000 -0.00000  0.00000 -1.00000 0.00000  0.00000 -1.00000 0.00000  0.00000 1.00000 0.00000 </float_array>
               <technique_common>
                  <accessor count="16" source="#coords_ME_ID395_normal-normal-array" stride="3">
                     <param name="X" type="float"/>
                     <param name="Y" type="float"/>
                     <param name="Z" type="float"/>
                  </accessor>
               </technique_common>
            </source>
            <vertices id="verts">
               <input semantic="POSITION" source="#coords_ME_ID395-source-position"/>
            </vertices>
            <triangles count="56" material="MA_Frame">
               <input offset="0" semantic="VERTEX" source="#verts"/>
               <input offset="1"
                      semantic="NORMAL"
                      source="#coords_ME_ID395_normal-source-normal"/>
               <p>0 0 1 0 2 0 1 0 0 0 3 0 4 1 5 1 6 1 7 1 6 1 5 1 8 2 9 2 10 2 9 2 8 2 11 2 12 3 13 3 14 3 15 3 14 3 13 3 16 4 17 4 18 4 17 4 16 4 19 4 19 4 16 4 20 4 19 4 20 4 21 4 20 5 16 5 22 5 23 4 21 4 20 4 24 6 25 6 26 6 27 7 28 7 24 7 25 6 24 6 29 6 24 6 28 6 29 6 29 6 28 6 30 6 31 6 30 6 28 6 32 8 33 8 34 8 33 8 32 8 35 8 36 9 37 9 38 9 39 9 38 9 37 9 40 6 41 6 42 6 43 6 44 6 45 6 44 6 43 6 46 6 44 7 46 7 41 7 41 6 46 6 42 6 44 7 41 7 47 7 48 5 49 5 50 5 51 4 52 4 49 4 49 5 52 5 50 5 52 4 53 4 50 4 54 4 50 4 53 4 51 4 49 4 55 4 56 10 57 10 58 10 57 10 56 10 59 10 60 11 61 11 62 11 63 11 62 11 61 11 64 8 65 8 66 8 65 8 64 8 67 8 68 9 69 9 70 9 71 9 70 9 69 9 72 12 73 12 74 12 73 12 72 12 75 12 76 13 77 13 78 13 79 13 78 13 77 13 80 8 81 8 82 8 81 8 80 8 83 8 84 9 85 9 86 9 87 9 86 9 85 9 88 14 89 14 90 14 89 14 88 14 91 14 92 15 93 15 94 15 95 15 94 15 93 15 </p>
            </triangles>
         </mesh>
      </geometry>
      <geometry id="coords_ME_ID388_MA_Wheels-geometry" name="coords_ME_ID388">
         <mesh>
            <source id="coords_ME_ID388-source-position" name="position">
               <float_array id="coords_ME_ID388-position-array" count="198">38.645718 12.762159 18.104689 40.790398 20.253599 29.525860 37.236759 12.762159 27.903019 42.512299 20.253599 17.548740 42.512299 20.253599 17.548740 38.645718 12.762159 18.104689 40.790398 20.253599 29.525860 37.236759 12.762159 27.903019 34.533459 12.762159 9.100166 16.306589 12.762159 3.748322 26.205709 12.762159 3.748322 7.978838 12.762159 9.100168 3.866634 12.762159 18.104700 5.275591 12.762159 27.903019 30.754478 12.762159 35.384270 11.757919 12.762159 35.384270 21.255909 12.762159 38.173149 21.255909 12.762159 38.173149 30.754478 12.762159 35.384270 11.757919 12.762159 35.384270 5.275591 12.762159 27.903019 3.866634 12.762159 18.104700 7.978838 12.762159 9.100168 34.533459 12.762159 9.100166 16.306589 12.762159 3.748322 26.205709 12.762159 3.748322 37.485729 20.253599 6.541899 37.485729 20.253599 6.541899 15.206249 20.253599 0.000006 37.485729 20.253599 6.541899 27.306099 20.253599 0.000005 5.026574 20.253599 6.541902 42.512299 20.253599 17.548740 0.000000 20.253599 17.548740 40.790398 20.253599 29.525860 1.721950 20.253599 29.525860 32.866188 20.253599 38.670639 9.646212 20.253599 38.670639 21.255909 20.253599 42.079700 21.255909 20.253599 42.079700 9.646212 20.253599 38.670639 32.866188 20.253599 38.670639 1.721950 20.253599 29.525860 40.790398 20.253599 29.525860 0.000000 20.253599 17.548740 42.512299 20.253599 17.548740 5.026574 20.253599 6.541902 37.485729 20.253599 6.541899 15.206249 20.253599 0.000006 27.306099 20.253599 0.000005 32.866188 20.253599 38.670639 32.866188 20.253599 38.670639 1.721950 20.253599 29.525860 0.000000 20.253599 17.548740 0.000000 20.253599 17.548740 1.721950 20.253599 29.525860 5.026574 20.253599 6.541902 5.026574 20.253599 6.541902 15.206249 20.253599 0.000006 15.206249 20.253599 0.000006 27.306099 20.253599 0.000005 27.306099 20.253599 0.000005 21.255909 20.253599 42.079700 21.255909 20.253599 42.079700 9.646212 20.253599 38.670639 9.646212 20.253599 38.670639</float_array>
               <technique_common>
                  <accessor count="66" source="#coords_ME_ID388-position-array" stride="3">
                     <param name="X" type="float"/>
                     <param name="Y" type="float"/>
                     <param name="Z" type="float"/>
                  </accessor>
               </technique_common>
            </source>
            <source id="coords_ME_ID388_normal-source-normal" name="normal">
               <float_array id="coords_ME_ID388_normal-normal-array" count="144">0.44244 -0.89618 0.03321  0.85154 -0.45886 0.25363  0.38675 -0.91347 0.12643  0.87936 -0.46233 -0.11391  -0.85514 0.45922 0.24051  -0.41134 0.91107 -0.02736  -0.85154 0.45886 -0.25363  -0.08293 0.99532 -0.04964  0.43078 -0.73500 -0.52365  -0.06459 -0.68629 -0.72446  0.29679 -0.60809 -0.73630  -0.35252 -0.83809 -0.41634  -0.42133 -0.90635 0.03163  -0.44993 -0.88087 0.14709  0.12815 -0.95748 0.25847  -0.19453 -0.89901 0.39235  -0.00000 -0.78473 0.61984  0.00000 0.78473 -0.61984  -0.06708 0.98853 -0.13530  0.43966 0.69205 -0.57250  0.09520 0.99383 -0.05698  0.42133 0.90635 -0.03163  0.11496 0.98836 0.09962  -0.43078 0.73500 0.52365  0.05951 0.66901 0.74086  -0.14840 0.60809 0.77987  0.67011 -0.46237 -0.58066  -0.67011 0.46237 0.58066  0.00000 1.00000 0.00000  0.00000 1.00000 0.00000  0.00000 -1.00000 0.00000  0.00000 -1.00000 0.00000  0.57924 -0.45886 0.67375  -0.57401 0.45922 -0.67796  -0.85154 -0.45886 0.25363  -0.87936 -0.46233 -0.11390  0.85514 0.45922 0.24050  0.84941 0.45924 -0.26001  -0.67011 -0.46237 -0.58066  0.67011 0.46237 0.58066  -0.23789 -0.46234 -0.85420  0.23789 0.46234 0.85420  0.32627 -0.46087 -0.82532  -0.32627 0.46087 0.82532  -0.08053 -0.46087 0.88381  0.09200 0.46041 -0.88293  -0.57402 -0.45922 0.67795  0.57402 0.45922 -0.67795 </float_array>
               <technique_common>
                  <accessor count="48" source="#coords_ME_ID388_normal-normal-array" stride="3">
                     <param name="X" type="float"/>
                     <param name="Y" type="float"/>
                     <param name="Z" type="float"/>
                  </accessor>
               </technique_common>
            </source>
            <vertices id="verts">
               <input semantic="POSITION" source="#coords_ME_ID388-source-position"/>
            </vertices>
            <triangles count="80" material="MA_Wheels">
               <input offset="0" semantic="VERTEX" source="#verts"/>
               <input offset="1"
                      semantic="NORMAL"
                      source="#coords_ME_ID388_normal-source-normal"/>
               <p>0 0 1 1 2 2 1 1 0 0 3 3 4 4 5 5 6 6 7 7 6 6 5 5 8 8 9 9 10 10 9 9 8 8 11 11 8 8 0 0 11 11 11 11 0 0 12 12 12 12 0 0 2 2 12 12 2 2 13 13 13 13 2 2 14 14 13 13 14 14 15 15 15 15 14 14 16 16 17 17 18 18 19 19 19 19 18 18 20 20 18 18 7 7 20 20 20 20 7 7 21 21 7 7 5 5 21 21 21 21 5 5 22 22 5 5 23 23 22 22 22 22 23 23 24 24 25 25 24 24 23 23 3 3 0 0 8 8 3 3 8 8 26 26 27 27 23 23 4 4 5 5 4 4 23 23 28 28 29 28 30 28 29 28 28 28 31 28 29 28 31 28 32 28 32 28 31 28 33 29 32 28 33 29 34 28 34 28 33 29 35 28 34 28 35 28 36 29 36 29 35 28 37 28 36 29 37 28 38 29 39 30 40 31 41 31 40 31 42 30 41 31 41 31 42 30 43 31 42 30 44 31 43 31 43 31 44 31 45 31 44 31 46 31 45 31 45 31 46 31 47 31 46 31 48 31 47 31 49 31 47 31 48 31 2 2 50 32 14 14 50 32 2 2 1 1 6 6 7 7 51 33 18 18 51 33 7 7 52 34 12 12 13 13 12 12 52 34 53 35 54 36 55 37 21 21 20 20 21 21 55 37 53 35 11 11 12 12 11 11 53 35 56 38 57 39 54 36 22 22 21 21 22 22 54 36 58 40 11 11 56 38 11 11 58 40 9 9 24 24 59 41 22 22 57 39 22 22 59 41 60 42 9 9 58 40 9 9 60 42 10 10 25 25 61 43 24 24 59 41 24 24 61 43 60 42 8 8 10 10 8 8 60 42 26 26 27 27 61 43 23 23 25 25 23 23 61 43 14 14 62 44 16 16 62 44 14 14 50 32 51 33 18 18 63 45 17 17 63 45 18 18 15 15 62 44 64 46 62 44 15 15 16 16 17 17 19 19 63 45 65 47 63 45 19 19 64 46 13 13 15 15 13 13 64 46 52 34 55 37 65 47 20 20 19 19 20 20 65 47 </p>
            </triangles>
         </mesh>
      </geometry>
      <geometry id="coords_ME_ID382_MA_Wheels-geometry" name="coords_ME_ID382">
         <mesh>
            <source id="coords_ME_ID382-source-position" name="position">
               <float_array id="coords_ME_ID382-position-array" count="198">108.519699 81.815155 18.104689 110.664398 74.323715 29.525848 112.386894 74.323715 17.548729 107.111198 81.815155 27.903019 107.111198 81.815155 27.903019 108.519699 81.815155 18.104689 110.664398 74.323715 29.525848 112.386894 74.323715 17.548729 86.181099 81.815155 3.748317 104.407494 81.815155 9.100161 96.080215 81.815155 3.748316 77.853348 81.815155 9.100163 73.741135 81.815155 18.104689 75.149605 81.815155 27.903019 100.628395 81.815155 35.384270 81.632378 81.815155 35.384270 91.130409 81.815155 38.173138 91.130409 81.815155 38.173138 81.632378 81.815155 35.384270 100.628395 81.815155 35.384270 75.149605 81.815155 27.903019 73.741135 81.815155 18.104689 77.853348 81.815155 9.100163 104.407494 81.815155 9.100161 86.181099 81.815155 3.748317 96.080215 81.815155 3.748316 102.740700 74.323715 38.670628 102.740700 74.323715 38.670628 107.359795 74.323715 6.541894 85.080215 74.323715 0.000001 97.180611 74.323715 0.000000 74.901077 74.323715 6.541896 112.386894 74.323715 17.548729 69.874016 74.323715 17.548740 110.664398 74.323715 29.525848 71.596458 74.323715 29.525848 102.740700 74.323715 38.670628 79.520180 74.323715 38.670639 91.130417 74.323715 42.079689 91.130417 74.323715 42.079689 102.740700 74.323715 38.670628 79.520180 74.323715 38.670639 71.596458 74.323715 29.525848 110.664398 74.323715 29.525848 69.874016 74.323715 17.548740 112.386894 74.323715 17.548729 74.901077 74.323715 6.541896 107.359795 74.323715 6.541894 85.080215 74.323715 0.000001 97.180611 74.323715 0.000000 107.359795 74.323715 6.541894 107.359795 74.323715 6.541894 71.596458 74.323715 29.525848 69.874016 74.323715 17.548740 71.596458 74.323715 29.525848 69.874016 74.323715 17.548740 79.520180 74.323715 38.670639 79.520180 74.323715 38.670639 91.130417 74.323715 42.079689 91.130417 74.323715 42.079689 97.180611 74.323715 0.000000 97.180611 74.323715 0.000000 85.080215 74.323715 0.000001 85.080215 74.323715 0.000001 74.901077 74.323715 6.541896 74.901077 74.323715 6.541896</float_array>
               <technique_common>
                  <accessor count="66" source="#coords_ME_ID382-position-array" stride="3">
                     <param name="X" type="float"/>
                     <param name="Y" type="float"/>
                     <param name="Z" type="float"/>
                  </accessor>
               </technique_common>
            </source>
            <source id="coords_ME_ID382_normal-source-normal" name="normal">
               <float_array id="coords_ME_ID382_normal-normal-array" count="144">0.41135 0.91107 0.02735  0.84942 0.45922 0.25999  0.87934 0.46237 -0.11389  0.38676 0.91347 0.12642  -0.08294 -0.99532 -0.04964  -0.44244 -0.89618 -0.03322  -0.84942 -0.45922 -0.25999  -0.85347 -0.45888 0.24702  -0.26055 0.69206 -0.67318  0.42325 0.75565 -0.49985  0.29680 0.60809 -0.73630  -0.46226 0.83809 -0.28968  -0.39056 0.92021 0.02597  -0.44994 0.88086 0.14708  0.21691 0.77932 0.58789  -0.19453 0.89900 0.39237  0.00000 0.78473 0.61984  -0.07733 -0.60809 -0.79009  0.13204 -0.95479 -0.26633  -0.06708 -0.98853 -0.13530  0.09520 -0.99383 -0.05697  0.09371 -0.99559 0.00299  0.09773 -0.99160 0.08468  -0.13116 -0.98483 0.11365  0.26055 -0.69206 0.67318  -0.14840 -0.60809 0.77987  0.46890 0.46234 0.75257  -0.46890 -0.46234 -0.75257  0.00000 -1.00000 0.00000  0.00000 -1.00000 0.00000  0.00000 1.00000 0.00000  0.00000 1.00000 0.00000  0.67011 0.46237 -0.58066  -0.67011 -0.46237 0.58066  -0.84942 0.45922 0.25999  -0.87935 0.46236 -0.11389  0.85154 -0.45886 -0.25363  0.85513 -0.45926 0.24050  -0.46891 0.46234 0.75258  0.46891 -0.46234 -0.75258  0.08053 0.46088 0.88380  -0.08053 -0.46088 -0.88380  0.33702 0.46042 -0.82124  -0.33702 -0.46042 0.82124  -0.35975 0.45924 -0.81220  0.36596 -0.45887 0.80964  -0.67011 0.46237 -0.58066  0.67011 -0.46237 0.58066 </float_array>
               <technique_common>
                  <accessor count="48" source="#coords_ME_ID382_normal-normal-array" stride="3">
                     <param name="X" type="float"/>
                     <param name="Y" type="float"/>
                     <param name="Z" type="float"/>
                  </accessor>
               </technique_common>
            </source>
            <vertices id="verts">
               <input semantic="POSITION" source="#coords_ME_ID382-source-position"/>
            </vertices>
            <triangles count="80" material="MA_Wheels">
               <input offset="0" semantic="VERTEX" source="#verts"/>
               <input offset="1"
                      semantic="NORMAL"
                      source="#coords_ME_ID382_normal-source-normal"/>
               <p>0 0 1 1 2 2 1 1 0 0 3 3 4 4 5 5 6 6 7 7 6 6 5 5 8 8 9 9 10 10 9 9 8 8 11 11 11 11 0 0 9 9 0 0 11 11 12 12 0 0 12 12 3 3 3 3 12 12 13 13 3 3 13 13 14 14 14 14 13 13 15 15 14 14 15 15 16 16 17 17 18 18 19 19 18 18 20 20 19 19 19 19 20 20 4 4 20 20 21 21 4 4 4 4 21 21 5 5 21 21 22 22 5 5 5 5 22 22 23 23 22 22 24 24 23 23 25 25 23 23 24 24 3 3 26 26 1 1 26 26 3 3 14 14 19 19 4 4 27 27 6 6 27 27 4 4 28 28 29 28 30 28 29 28 28 28 31 28 31 28 28 28 32 29 31 28 32 29 33 28 33 28 32 29 34 28 33 28 34 28 35 28 35 28 34 28 36 28 35 28 36 28 37 28 37 28 36 28 38 28 39 30 40 30 41 30 41 30 40 30 42 31 40 30 43 31 42 31 42 31 43 31 44 30 43 31 45 30 44 30 44 30 45 30 46 30 45 30 47 30 46 30 46 30 47 30 48 30 49 30 48 30 47 30 9 9 2 2 50 32 9 9 0 0 2 2 5 5 23 23 7 7 51 33 7 7 23 23 52 34 12 12 53 35 12 12 52 34 13 13 20 20 54 36 21 21 55 37 21 21 54 36 56 38 13 13 52 34 13 13 56 38 15 15 18 18 57 39 20 20 54 36 20 20 57 39 58 40 15 15 56 38 15 15 58 40 16 16 17 17 59 41 18 18 57 39 18 18 59 41 58 40 14 14 16 16 14 14 58 40 26 26 27 27 59 41 19 19 17 17 19 19 59 41 9 9 60 42 10 10 60 42 9 9 50 32 51 33 23 23 61 43 25 25 61 43 23 23 8 8 60 42 62 44 60 42 8 8 10 10 25 25 24 24 61 43 63 45 61 43 24 24 11 11 62 44 64 46 62 44 11 11 8 8 24 24 22 22 63 45 65 47 63 45 22 22 53 35 11 11 64 46 11 11 53 35 12 12 21 21 55 37 22 22 65 47 22 22 55 37 </p>
            </triangles>
         </mesh>
      </geometry>
      <geometry id="coords_ME_ID376_MA_Wheels-geometry" name="coords_ME_ID376">
         <mesh>
            <source id="coords_ME_ID376-source-position" name="position">
               <float_array id="coords_ME_ID376-position-array" count="144">84.419289 94.577316 20.342089 98.528534 94.577316 20.342089 91.473915 94.577316 14.527969 91.473915 94.577316 26.156210 91.473915 94.577316 26.156210 84.419289 94.577316 20.342089 98.528534 94.577316 20.342089 91.473915 94.577316 14.527969 98.528534 0.000001 20.342089 91.473915 94.577316 26.156210 91.473915 -0.000000 26.156210 98.528534 94.577316 20.342089 98.528534 94.577316 20.342089 98.528534 0.000001 20.342089 91.473915 94.577316 26.156210 91.473915 -0.000000 26.156210 91.473915 94.577316 14.527969 98.528534 0.000001 20.342089 91.473915 0.000001 14.527969 98.528534 94.577316 20.342089 98.528534 94.577316 20.342089 91.473915 94.577316 14.527969 98.528534 0.000001 20.342089 91.473915 0.000001 14.527969 84.419289 94.577316 20.342089 91.473915 0.000001 14.527969 84.419289 0.000001 20.342089 91.473915 94.577316 14.527969 91.473915 94.577316 14.527969 84.419289 94.577316 20.342089 91.473915 0.000001 14.527969 84.419289 0.000001 20.342089 91.473915 -0.000000 26.156210 84.419289 94.577316 20.342089 84.419289 0.000001 20.342089 91.473915 94.577316 26.156210 91.473915 94.577316 26.156210 91.473915 -0.000000 26.156210 84.419289 94.577316 20.342089 84.419289 0.000001 20.342089 98.528534 0.000001 20.342089 84.419289 0.000001 20.342089 91.473915 0.000001 14.527969 91.473915 -0.000000 26.156210 91.473915 -0.000000 26.156210 98.528534 0.000001 20.342089 84.419289 0.000001 20.342089 91.473915 0.000001 14.527969</float_array>
               <technique_common>
                  <accessor count="48" source="#coords_ME_ID376-position-array" stride="3">
                     <param name="X" type="float"/>
                     <param name="Y" type="float"/>
                     <param name="Z" type="float"/>
                  </accessor>
               </technique_common>
            </source>
            <source id="coords_ME_ID376_normal-source-normal" name="normal">
               <float_array id="coords_ME_ID376_normal-normal-array" count="36">0.00000 1.00000 0.00000  0.00000 -1.00000 0.00000  0.63600 0.00000 0.77169  -0.63600 0.00000 -0.77169  0.63600 0.00000 -0.77169  -0.63600 0.00000 0.77169  -0.63600 0.00000 -0.77169  0.63600 0.00000 0.77169  -0.63600 0.00000 0.77169  0.63600 0.00000 -0.77169  0.00000 -1.00000 -0.00000  0.00000 1.00000 0.00000 </float_array>
               <technique_common>
                  <accessor count="12" source="#coords_ME_ID376_normal-normal-array" stride="3">
                     <param name="X" type="float"/>
                     <param name="Y" type="float"/>
                     <param name="Z" type="float"/>
                  </accessor>
               </technique_common>
            </source>
            <vertices id="verts">
               <input semantic="POSITION" source="#coords_ME_ID376-source-position"/>
            </vertices>
            <triangles count="24" material="MA_Wheels">
               <input offset="0" semantic="VERTEX" source="#verts"/>
               <input offset="1"
                      semantic="NORMAL"
                      source="#coords_ME_ID376_normal-source-normal"/>
               <p>0 0 1 0 2 0 1 0 0 0 3 0 4 1 5 1 6 1 7 1 6 1 5 1 8 2 9 2 10 2 9 2 8 2 11 2 12 3 13 3 14 3 15 3 14 3 13 3 16 4 17 4 18 4 17 4 16 4 19 4 20 5 21 5 22 5 23 5 22 5 21 5 24 6 25 6 26 6 25 6 24 6 27 6 28 7 29 7 30 7 31 7 30 7 29 7 32 8 33 8 34 8 33 8 32 8 35 8 36 9 37 9 38 9 39 9 38 9 37 9 40 1 41 1 42 1 41 10 40 10 43 10 44 11 45 11 46 11 47 0 46 0 45 0 </p>
            </triangles>
         </mesh>
      </geometry>
      <geometry id="coords_ME_ID370_MA_Wheels-geometry" name="coords_ME_ID370">
         <mesh>
            <source id="coords_ME_ID370-source-position" name="position">
               <float_array id="coords_ME_ID370-position-array" count="144">13.267220 94.577316 20.342100 27.376480 94.577316 20.342100 20.321850 94.577316 14.527969 20.321850 94.577316 26.156219 20.321850 94.577316 26.156219 13.267220 94.577316 20.342100 27.376480 94.577316 20.342100 20.321850 94.577316 14.527969 27.376480 0.000001 20.342100 20.321850 94.577316 26.156219 20.321850 0.000000 26.156219 27.376480 94.577316 20.342100 27.376480 94.577316 20.342100 27.376480 0.000001 20.342100 20.321850 94.577316 26.156219 20.321850 0.000000 26.156219 27.376480 94.577316 20.342100 20.321850 0.000001 14.527969 20.321850 94.577316 14.527969 27.376480 0.000001 20.342100 27.376480 0.000001 20.342100 27.376480 94.577316 20.342100 20.321850 0.000001 14.527969 20.321850 94.577316 14.527969 20.321850 94.577316 14.527969 13.267220 0.000001 20.342100 13.267220 94.577316 20.342100 20.321850 0.000001 14.527969 20.321850 0.000001 14.527969 20.321850 94.577316 14.527969 13.267220 0.000001 20.342100 13.267220 94.577316 20.342100 20.321850 0.000000 26.156219 13.267220 94.577316 20.342100 13.267220 0.000001 20.342100 20.321850 94.577316 26.156219 20.321850 94.577316 26.156219 20.321850 0.000000 26.156219 13.267220 94.577316 20.342100 13.267220 0.000001 20.342100 27.376480 0.000001 20.342100 13.267220 0.000001 20.342100 20.321850 0.000001 14.527969 20.321850 0.000000 26.156219 20.321850 0.000000 26.156219 27.376480 0.000001 20.342100 13.267220 0.000001 20.342100 20.321850 0.000001 14.527969</float_array>
               <technique_common>
                  <accessor count="48" source="#coords_ME_ID370-position-array" stride="3">
                     <param name="X" type="float"/>
                     <param name="Y" type="float"/>
                     <param name="Z" type="float"/>
                  </accessor>
               </technique_common>
            </source>
            <source id="coords_ME_ID370_normal-source-normal" name="normal">
               <float_array id="coords_ME_ID370_normal-normal-array" count="42">0.00000 1.00000 0.00000  0.00000 -1.00000 0.00000  0.63600 0.00000 0.77169  0.63600 0.00000 0.77169  -0.63600 0.00000 -0.77169  -0.63600 0.00000 -0.77169  0.63600 0.00000 -0.77169  -0.63600 0.00000 0.77169  -0.63600 0.00000 -0.77169  0.63600 0.00000 0.77169  -0.63600 0.00000 0.77169  0.63600 0.00000 -0.77169  0.00000 -1.00000 -0.00000  0.00000 1.00000 0.00000 </float_array>
               <technique_common>
                  <accessor count="14" source="#coords_ME_ID370_normal-normal-array" stride="3">
                     <param name="X" type="float"/>
                     <param name="Y" type="float"/>
                     <param name="Z" type="float"/>
                  </accessor>
               </technique_common>
            </source>
            <vertices id="verts">
               <input semantic="POSITION" source="#coords_ME_ID370-source-position"/>
            </vertices>
            <triangles count="24" material="MA_Wheels">
               <input offset="0" semantic="VERTEX" source="#verts"/>
               <input offset="1"
                      semantic="NORMAL"
                      source="#coords_ME_ID370_normal-source-normal"/>
               <p>0 0 1 0 2 0 1 0 0 0 3 0 4 1 5 1 6 1 7 1 6 1 5 1 8 2 9 2 10 2 9 3 8 3 11 3 12 4 13 4 14 4 15 5 14 5 13 5 16 6 17 6 18 6 17 6 16 6 19 6 20 7 21 7 22 7 23 7 22 7 21 7 24 8 25 8 26 8 25 8 24 8 27 8 28 9 29 9 30 9 31 9 30 9 29 9 32 10 33 10 34 10 33 10 32 10 35 10 36 11 37 11 38 11 39 11 38 11 37 11 40 1 41 1 42 1 41 12 40 12 43 12 44 13 45 13 46 13 47 0 46 0 45 0 </p>
            </triangles>
         </mesh>
      </geometry>
      <geometry id="coords_ME_ID364_MA_Wheels-geometry" name="coords_ME_ID364">
         <mesh>
            <source id="coords_ME_ID364-source-position" name="position">
               <float_array id="coords_ME_ID364-position-array" count="198">71.596458 20.253599 29.525848 73.741135 12.762159 18.104689 75.149605 12.762159 27.903019 69.874016 20.253599 17.548740 69.874016 20.253599 17.548740 71.596458 20.253599 29.525848 73.741135 12.762159 18.104689 75.149605 12.762159 27.903019 79.520180 20.253599 38.670639 81.632378 12.762159 35.384270 79.520180 20.253599 38.670639 81.632378 12.762159 35.384270 85.080215 20.253599 0.000001 107.359795 20.253599 6.541894 97.180611 20.253599 0.000000 74.901077 20.253599 6.541896 112.386894 20.253599 17.548729 69.874016 20.253599 17.548740 110.664398 20.253599 29.525848 71.596458 20.253599 29.525848 102.740700 20.253599 38.670628 79.520180 20.253599 38.670639 91.130417 20.253599 42.079689 91.130417 20.253599 42.079689 79.520180 20.253599 38.670639 102.740700 20.253599 38.670628 71.596458 20.253599 29.525848 110.664398 20.253599 29.525848 69.874016 20.253599 17.548740 112.386894 20.253599 17.548729 74.901077 20.253599 6.541896 107.359795 20.253599 6.541894 85.080215 20.253599 0.000001 97.180611 20.253599 0.000000 77.853348 12.762159 9.100163 74.901077 20.253599 6.541896 74.901077 20.253599 6.541896 77.853348 12.762159 9.100163 104.407494 12.762159 9.100161 86.181099 12.762159 3.748317 96.080215 12.762159 3.748316 108.519699 12.762159 18.104689 107.111198 12.762159 27.903019 100.628395 12.762159 35.384270 91.130409 12.762159 38.173138 91.130409 12.762159 38.173138 100.628395 12.762159 35.384270 107.111198 12.762159 27.903019 108.519699 12.762159 18.104689 104.407494 12.762159 9.100161 86.181099 12.762159 3.748317 96.080215 12.762159 3.748316 91.130417 20.253599 42.079689 91.130417 20.253599 42.079689 110.664398 20.253599 29.525848 112.386894 20.253599 17.548729 112.386894 20.253599 17.548729 110.664398 20.253599 29.525848 107.359795 20.253599 6.541894 107.359795 20.253599 6.541894 97.180611 20.253599 0.000000 97.180611 20.253599 0.000000 85.080215 20.253599 0.000001 85.080215 20.253599 0.000001 102.740700 20.253599 38.670628 102.740700 20.253599 38.670628</float_array>
               <technique_common>
                  <accessor count="66" source="#coords_ME_ID364-position-array" stride="3">
                     <param name="X" type="float"/>
                     <param name="Y" type="float"/>
                     <param name="Z" type="float"/>
                  </accessor>
               </technique_common>
            </source>
            <source id="coords_ME_ID364_normal-source-normal" name="normal">
               <float_array id="coords_ME_ID364_normal-normal-array" count="141">-0.85154 -0.45886 0.25363  -0.42133 -0.90636 0.03164  -0.09520 -0.99383 0.05697  -0.87935 -0.46236 -0.11389  0.85513 0.45926 0.24050  0.84942 0.45922 -0.25999  0.42133 0.90636 -0.03164  0.09520 0.99383 -0.05697  -0.46891 -0.46234 0.75258  -0.26582 -0.66901 0.69409  0.57400 0.45923 -0.67795  0.26582 0.66901 -0.69409  0.00000 1.00000 0.00000  0.00000 1.00000 0.00000  0.00000 -1.00000 0.00000  -0.09773 -0.99160 -0.08468  -0.67011 -0.46237 -0.58066  0.67011 0.46237 0.58066  0.14925 0.98030 0.12933  0.13116 -0.98483 -0.11365  -0.06459 -0.68628 -0.72446  0.14840 -0.60809 -0.77987  0.09661 -0.99532 -0.00308  0.08294 -0.99532 0.04964  0.37456 -0.80518 0.45976  -0.07733 -0.60809 0.79009  -0.07733 0.60809 -0.79009  -0.37456 0.80518 -0.45976  -0.33125 0.91107 -0.24541  -0.11631 0.99321 0.00371  -0.42325 0.75565 0.49985  0.06459 0.68628 0.72446  -0.29680 0.60809 0.73630  -0.08053 -0.46088 0.88380  0.08053 0.46088 -0.88380  0.80135 -0.46233 0.37959  0.85347 -0.45888 -0.24702  -0.85512 0.45926 0.24050  -0.80135 0.46233 -0.37959  0.67011 -0.46237 -0.58066  -0.67011 0.46237 0.58066  0.17173 -0.46087 -0.87069  -0.17173 0.46087 0.87069  -0.23789 -0.46235 -0.85419  0.35975 0.45924 0.81220  0.57924 -0.45886 0.67374  -0.57400 0.45924 -0.67795 </float_array>
               <technique_common>
                  <accessor count="47" source="#coords_ME_ID364_normal-normal-array" stride="3">
                     <param name="X" type="float"/>
                     <param name="Y" type="float"/>
                     <param name="Z" type="float"/>
                  </accessor>
               </technique_common>
            </source>
            <vertices id="verts">
               <input semantic="POSITION" source="#coords_ME_ID364-source-position"/>
            </vertices>
            <triangles count="80" material="MA_Wheels">
               <input offset="0" semantic="VERTEX" source="#verts"/>
               <input offset="1"
                      semantic="NORMAL"
                      source="#coords_ME_ID364_normal-source-normal"/>
               <p>0 0 1 1 2 2 1 1 0 0 3 3 4 4 5 5 6 6 7 7 6 6 5 5 8 8 2 2 9 9 8 8 0 0 2 2 5 5 10 10 7 7 11 11 7 7 10 10 12 12 13 12 14 12 13 12 12 12 15 12 13 12 15 12 16 13 16 13 15 12 17 12 16 13 17 12 18 12 18 12 17 12 19 12 18 12 19 12 20 12 20 12 19 12 21 12 20 12 21 12 22 12 23 14 24 14 25 14 24 14 26 14 25 14 25 14 26 14 27 14 26 14 28 14 27 14 27 14 28 14 29 14 28 14 30 14 29 14 29 14 30 14 31 14 30 14 32 14 31 14 33 14 31 14 32 14 3 3 34 15 1 1 34 15 3 3 35 16 36 17 4 4 37 18 6 6 37 18 4 4 38 19 39 20 40 21 39 20 38 19 34 15 34 15 38 19 41 22 34 15 41 22 1 1 1 1 41 22 42 23 1 1 42 23 2 2 2 2 42 23 43 24 2 2 43 24 9 9 9 9 43 24 44 25 45 26 46 27 11 11 11 11 46 27 7 7 46 27 47 28 7 7 7 7 47 28 6 6 47 28 48 29 6 6 6 6 48 29 37 18 48 29 49 30 37 18 37 18 49 30 50 31 51 32 50 31 49 30 9 9 52 33 8 8 52 33 9 9 44 25 45 26 11 11 53 34 10 10 53 34 11 11 41 22 54 35 42 23 54 35 41 22 55 36 56 37 48 29 57 38 47 28 57 38 48 29 38 19 55 36 41 22 55 36 38 19 58 39 59 40 49 30 56 37 48 29 56 37 49 30 60 41 38 19 40 21 38 19 60 41 58 39 59 40 61 42 49 30 51 32 49 30 61 42 60 41 39 20 62 43 39 20 60 41 40 21 51 32 61 42 50 31 63 44 50 31 61 42 62 43 34 15 35 16 34 15 62 43 39 20 50 31 63 44 37 18 36 17 37 18 63 44 43 24 52 33 44 25 52 33 43 24 64 45 65 46 46 27 53 34 45 26 53 34 46 27 42 23 64 45 43 24 64 45 42 23 54 35 57 38 47 28 65 46 46 27 65 46 47 28 </p>
            </triangles>
         </mesh>
      </geometry>
      <geometry id="coords_ME_ID356_MA_Wheels-geometry" name="coords_ME_ID356">
         <mesh>
            <source id="coords_ME_ID356-source-position" name="position">
               <float_array id="coords_ME_ID356-position-array" count="198">37.485729 74.323715 6.541899 15.206249 74.323715 0.000006 27.306099 74.323715 0.000005 5.026574 74.323715 6.541902 42.512299 74.323715 17.548740 0.000000 74.323715 17.548740 40.790398 74.323715 29.525860 1.721950 74.323715 29.525860 32.866188 74.323715 38.670639 9.646212 74.323715 38.670639 21.255909 74.323715 42.079700 21.255909 74.323715 42.079700 32.866188 74.323715 38.670639 9.646212 74.323715 38.670639 1.721950 74.323715 29.525860 40.790398 74.323715 29.525860 0.000000 74.323715 17.548740 42.512299 74.323715 17.548740 5.026574 74.323715 6.541902 37.485729 74.323715 6.541899 15.206249 74.323715 0.000006 27.306099 74.323715 0.000005 38.645718 81.815155 18.104689 40.790398 74.323715 29.525860 42.512299 74.323715 17.548740 37.236759 81.815155 27.903019 37.236759 81.815155 27.903019 38.645718 81.815155 18.104689 40.790398 74.323715 29.525860 42.512299 74.323715 17.548740 32.866188 74.323715 38.670639 30.754478 81.815155 35.384270 30.754478 81.815155 35.384270 32.866188 74.323715 38.670639 21.255909 74.323715 42.079700 21.255909 81.815155 38.173149 21.255909 74.323715 42.079700 21.255909 81.815155 38.173149 11.757919 81.815155 35.384270 9.646212 74.323715 38.670639 11.757919 81.815155 35.384270 9.646212 74.323715 38.670639 5.275591 81.815155 27.903019 1.721950 74.323715 29.525860 5.275591 81.815155 27.903019 1.721950 74.323715 29.525860 3.866634 81.815155 18.104700 0.000000 74.323715 17.548740 3.866634 81.815155 18.104700 0.000000 74.323715 17.548740 7.978838 81.815155 9.100168 5.026574 74.323715 6.541902 7.978838 81.815155 9.100168 5.026574 74.323715 6.541902 15.206249 74.323715 0.000006 16.306589 81.815155 3.748322 16.306589 81.815155 3.748322 15.206249 74.323715 0.000006 27.306099 74.323715 0.000005 26.205709 81.815155 3.748322 26.205709 81.815155 3.748322 27.306099 74.323715 0.000005 34.533459 81.815155 9.100166 37.485729 74.323715 6.541899 37.485729 74.323715 6.541899 34.533459 81.815155 9.100166</float_array>
               <technique_common>
                  <accessor count="66" source="#coords_ME_ID356-position-array" stride="3">
                     <param name="X" type="float"/>
                     <param name="Y" type="float"/>
                     <param name="Z" type="float"/>
                  </accessor>
               </technique_common>
            </source>
            <source id="coords_ME_ID356_normal-source-normal" name="normal">
               <float_array id="coords_ME_ID356_normal-normal-array" count="144">0.00000 -1.00000 0.00000  0.00000 -1.00000 0.00000  0.00000 1.00000 0.00000  0.00000 1.00000 0.00000  0.10127 0.99485 -0.00323  0.85154 0.45886 0.25363  0.87936 0.46233 -0.11391  0.38675 0.91347 0.12643  -0.08293 -0.99532 -0.04964  -0.11631 -0.99321 0.00371  -0.80134 -0.46234 -0.37960  -0.85349 -0.45885 0.24701  0.46891 0.46233 0.75258  0.21691 0.77931 0.58789  -0.21215 -0.80070 -0.56025  -0.46891 -0.46233 -0.75258  -0.08053 0.46087 0.88381  -0.07733 0.60810 0.79009  0.08053 -0.46087 -0.88381  0.07733 -0.60810 -0.79009  -0.43966 0.69205 0.57250  -0.46892 0.46233 0.75257  0.26583 -0.66901 -0.69409  0.46892 -0.46233 -0.75257  -0.40770 0.85980 0.30745  -0.80133 0.46235 0.37960  0.09520 -0.99383 -0.05698  0.84941 -0.45924 -0.26001  -0.09371 0.99559 -0.00299  -0.85514 0.45922 -0.24050  0.37372 -0.92240 0.09752  0.85514 -0.45922 0.24050  -0.09773 0.99160 -0.08468  -0.67011 0.46237 -0.58066  0.36486 -0.81864 0.44351  0.67011 -0.46237 0.58066  -0.23789 0.46234 -0.85420  -0.05166 0.95480 -0.29274  0.26055 -0.69206 0.67318  0.36596 -0.45886 0.80964  0.16048 0.46041 -0.87308  0.14840 0.60809 -0.77987  -0.17463 -0.78473 0.59473  -0.32627 -0.46087 0.82532  0.13116 0.98483 -0.11365  0.67011 0.46237 -0.58066  -0.67011 -0.46237 0.58066  -0.25978 -0.93907 0.22510 </float_array>
               <technique_common>
                  <accessor count="48" source="#coords_ME_ID356_normal-normal-array" stride="3">
                     <param name="X" type="float"/>
                     <param name="Y" type="float"/>
                     <param name="Z" type="float"/>
                  </accessor>
               </technique_common>
            </source>
            <vertices id="verts">
               <input semantic="POSITION" source="#coords_ME_ID356-source-position"/>
            </vertices>
            <triangles count="80" material="MA_Wheels">
               <input offset="0" semantic="VERTEX" source="#verts"/>
               <input offset="1"
                      semantic="NORMAL"
                      source="#coords_ME_ID356_normal-source-normal"/>
               <p>0 0 1 0 2 0 1 0 0 0 3 1 3 1 0 0 4 1 3 1 4 1 5 0 5 0 4 1 6 0 5 0 6 0 7 0 7 0 6 0 8 0 7 0 8 0 9 0 9 0 8 0 10 1 11 2 12 2 13 3 13 3 12 2 14 2 12 2 15 3 14 2 14 2 15 3 16 3 15 3 17 3 16 3 16 3 17 3 18 2 17 3 19 3 18 2 18 2 19 3 20 3 21 3 20 3 19 3 22 4 23 5 24 6 23 5 22 4 25 7 26 8 27 9 28 10 29 11 28 10 27 9 25 7 30 12 23 5 30 12 25 7 31 13 32 14 26 8 33 15 28 10 33 15 26 8 34 16 31 13 35 17 31 13 34 16 30 12 33 15 36 18 32 14 37 19 32 14 36 18 34 16 38 20 39 21 38 20 34 16 35 17 37 19 36 18 40 22 41 23 40 22 36 18 39 21 42 24 43 25 42 24 39 21 38 20 40 22 41 23 44 26 45 27 44 26 41 23 43 25 46 28 47 29 46 28 43 25 42 24 44 26 45 27 48 30 49 31 48 30 45 27 47 29 50 32 51 33 50 32 47 29 46 28 48 30 49 31 52 34 53 35 52 34 49 31 50 32 54 36 51 33 54 36 50 32 55 37 56 38 52 34 57 39 53 35 57 39 52 34 55 37 58 40 54 36 58 40 55 37 59 41 60 42 56 38 61 43 57 39 61 43 56 38 62 44 58 40 59 41 58 40 62 44 63 45 64 46 65 47 61 43 60 42 61 43 65 47 62 44 24 6 63 45 24 6 62 44 22 4 27 9 65 47 29 11 64 46 29 11 65 47 55 37 62 44 59 41 62 44 55 37 50 32 62 44 50 32 22 4 22 4 50 32 46 28 22 4 46 28 25 7 25 7 46 28 42 24 25 7 42 24 31 13 31 13 42 24 38 20 31 13 38 20 35 17 37 19 40 22 32 14 40 22 44 26 32 14 32 14 44 26 26 8 44 26 48 30 26 8 26 8 48 30 27 9 48 30 52 34 27 9 27 9 52 34 65 47 52 34 56 38 65 47 60 42 65 47 56 38 </p>
            </triangles>
         </mesh>
      </geometry>
      <geometry id="coords_ME_ID342_MA_Windows-geometry" name="coords_ME_ID342">
         <mesh>
            <source id="coords_ME_ID342-source-position" name="position">
               <float_array id="coords_ME_ID342-position-array" count="24">2632.576172 683.296082 1266.404053 2871.398193 1081.183105 1224.668091 2632.576172 1081.182007 1224.668091 2871.399170 683.296204 1266.404053 2871.399170 683.296204 1266.404053 2632.576172 683.296082 1266.404053 2871.398193 1081.183105 1224.668091 2632.576172 1081.182007 1224.668091</float_array>
               <technique_common>
                  <accessor count="8" source="#coords_ME_ID342-position-array" stride="3">
                     <param name="X" type="float"/>
                     <param name="Y" type="float"/>
                     <param name="Z" type="float"/>
                  </accessor>
               </technique_common>
            </source>
            <source id="coords_ME_ID342_normal-source-normal" name="normal">
               <float_array id="coords_ME_ID342_normal-normal-array" count="12">-0.00000 0.10432 0.99454  -0.00000 0.10432 0.99454  0.00000 -0.10432 -0.99454  0.00000 -0.10432 -0.99454 </float_array>
               <technique_common>
                  <accessor count="4" source="#coords_ME_ID342_normal-normal-array" stride="3">
                     <param name="X" type="float"/>
                     <param name="Y" type="float"/>
                     <param name="Z" type="float"/>
                  </accessor>
               </technique_common>
            </source>
            <vertices id="verts">
               <input semantic="POSITION" source="#coords_ME_ID342-source-position"/>
            </vertices>
            <triangles count="4" material="MA_Windows">
               <input offset="0" semantic="VERTEX" source="#verts"/>
               <input offset="1"
                      semantic="NORMAL"
                      source="#coords_ME_ID342_normal-source-normal"/>
               <p>0 0 1 0 2 0 1 1 0 1 3 1 4 2 5 2 6 2 7 3 6 3 5 3 </p>
            </triangles>
         </mesh>
      </geometry>
      <geometry id="coords_ME_ID336_MA_Windows-geometry" name="coords_ME_ID336">
         <mesh>
            <source id="coords_ME_ID336-source-position" name="position">
               <float_array id="coords_ME_ID336-position-array" count="24">2348.084229 683.296082 1266.404053 2586.906006 1081.183105 1224.668091 2348.084229 1081.182007 1224.668091 2586.906006 683.296204 1266.404053 2586.906006 683.296204 1266.404053 2348.084229 683.296082 1266.404053 2586.906006 1081.183105 1224.668091 2348.084229 1081.182007 1224.668091</float_array>
               <technique_common>
                  <accessor count="8" source="#coords_ME_ID336-position-array" stride="3">
                     <param name="X" type="float"/>
                     <param name="Y" type="float"/>
                     <param name="Z" type="float"/>
                  </accessor>
               </technique_common>
            </source>
            <source id="coords_ME_ID336_normal-source-normal" name="normal">
               <float_array id="coords_ME_ID336_normal-normal-array" count="12">-0.00000 0.10432 0.99454  -0.00000 0.10432 0.99454  0.00000 -0.10432 -0.99454  0.00000 -0.10432 -0.99454 </float_array>
               <technique_common>
                  <accessor count="4" source="#coords_ME_ID336_normal-normal-array" stride="3">
                     <param name="X" type="float"/>
                     <param name="Y" type="float"/>
                     <param name="Z" type="float"/>
                  </accessor>
               </technique_common>
            </source>
            <vertices id="verts">
               <input semantic="POSITION" source="#coords_ME_ID336-source-position"/>
            </vertices>
            <triangles count="4" material="MA_Windows">
               <input offset="0" semantic="VERTEX" source="#verts"/>
               <input offset="1"
                      semantic="NORMAL"
                      source="#coords_ME_ID336_normal-source-normal"/>
               <p>0 0 1 0 2 0 1 1 0 1 3 1 4 2 5 2 6 2 7 3 6 3 5 3 </p>
            </triangles>
         </mesh>
      </geometry>
      <geometry id="coords_ME_ID330_MA_Windows-geometry" name="coords_ME_ID330">
         <mesh>
            <source id="coords_ME_ID330-source-position" name="position">
               <float_array id="coords_ME_ID330-position-array" count="24">6147.319824 683.296204 1266.404053 6386.143066 1081.183105 1224.668091 6147.319824 1081.182007 1224.668091 6386.143066 683.296204 1266.404053 6386.143066 683.296204 1266.404053 6147.319824 683.296204 1266.404053 6386.143066 1081.183105 1224.668091 6147.319824 1081.182007 1224.668091</float_array>
               <technique_common>
                  <accessor count="8" source="#coords_ME_ID330-position-array" stride="3">
                     <param name="X" type="float"/>
                     <param name="Y" type="float"/>
                     <param name="Z" type="float"/>
                  </accessor>
               </technique_common>
            </source>
            <source id="coords_ME_ID330_normal-source-normal" name="normal">
               <float_array id="coords_ME_ID330_normal-normal-array" count="12">-0.00000 0.10432 0.99454  0.00000 0.10432 0.99454  0.00000 -0.10432 -0.99454  0.00000 -0.10432 -0.99454 </float_array>
               <technique_common>
                  <accessor count="4" source="#coords_ME_ID330_normal-normal-array" stride="3">
                     <param name="X" type="float"/>
                     <param name="Y" type="float"/>
                     <param name="Z" type="float"/>
                  </accessor>
               </technique_common>
            </source>
            <vertices id="verts">
               <input semantic="POSITION" source="#coords_ME_ID330-source-position"/>
            </vertices>
            <triangles count="4" material="MA_Windows">
               <input offset="0" semantic="VERTEX" source="#verts"/>
               <input offset="1"
                      semantic="NORMAL"
                      source="#coords_ME_ID330_normal-source-normal"/>
               <p>0 0 1 0 2 0 1 1 0 1 3 1 4 2 5 2 6 2 7 3 6 3 5 3 </p>
            </triangles>
         </mesh>
      </geometry>
      <geometry id="coords_ME_ID324_MA_Windows-geometry" name="coords_ME_ID324">
         <mesh>
            <source id="coords_ME_ID324-source-position" name="position">
               <float_array id="coords_ME_ID324-position-array" count="24">591.819031 683.296082 1266.404053 830.641602 1081.182007 1224.668091 591.818909 1081.182007 1224.668091 830.641663 683.296204 1266.404053 830.641663 683.296204 1266.404053 591.819031 683.296082 1266.404053 830.641602 1081.182007 1224.668091 591.818909 1081.182007 1224.668091</float_array>
               <technique_common>
                  <accessor count="8" source="#coords_ME_ID324-position-array" stride="3">
                     <param name="X" type="float"/>
                     <param name="Y" type="float"/>
                     <param name="Z" type="float"/>
                  </accessor>
               </technique_common>
            </source>
            <source id="coords_ME_ID324_normal-source-normal" name="normal">
               <float_array id="coords_ME_ID324_normal-normal-array" count="12">0.00000 0.10432 0.99454  -0.00000 0.10432 0.99454  0.00000 -0.10432 -0.99454  0.00000 -0.10432 -0.99454 </float_array>
               <technique_common>
                  <accessor count="4" source="#coords_ME_ID324_normal-normal-array" stride="3">
                     <param name="X" type="float"/>
                     <param name="Y" type="float"/>
                     <param name="Z" type="float"/>
                  </accessor>
               </technique_common>
            </source>
            <vertices id="verts">
               <input semantic="POSITION" source="#coords_ME_ID324-source-position"/>
            </vertices>
            <triangles count="4" material="MA_Windows">
               <input offset="0" semantic="VERTEX" source="#verts"/>
               <input offset="1"
                      semantic="NORMAL"
                      source="#coords_ME_ID324_normal-source-normal"/>
               <p>0 0 1 0 2 0 1 1 0 1 3 1 4 2 5 2 6 2 7 3 6 3 5 3 </p>
            </triangles>
         </mesh>
      </geometry>
      <geometry id="coords_ME_ID318_MA_Windows-geometry" name="coords_ME_ID318">
         <mesh>
            <source id="coords_ME_ID318-source-position" name="position">
               <float_array id="coords_ME_ID318-position-array" count="24">4391.056152 683.296082 1266.404053 4629.878418 1081.183105 1224.668091 4391.055176 1081.182007 1224.668091 4629.878418 683.296204 1266.404053 4629.878418 683.296204 1266.404053 4391.056152 683.296082 1266.404053 4629.878418 1081.183105 1224.668091 4391.055176 1081.182007 1224.668091</float_array>
               <technique_common>
                  <accessor count="8" source="#coords_ME_ID318-position-array" stride="3">
                     <param name="X" type="float"/>
                     <param name="Y" type="float"/>
                     <param name="Z" type="float"/>
                  </accessor>
               </technique_common>
            </source>
            <source id="coords_ME_ID318_normal-source-normal" name="normal">
               <float_array id="coords_ME_ID318_normal-normal-array" count="12">-0.00000 0.10432 0.99454  -0.00000 0.10432 0.99454  0.00000 -0.10432 -0.99454  0.00000 -0.10432 -0.99454 </float_array>
               <technique_common>
                  <accessor count="4" source="#coords_ME_ID318_normal-normal-array" stride="3">
                     <param name="X" type="float"/>
                     <param name="Y" type="float"/>
                     <param name="Z" type="float"/>
                  </accessor>
               </technique_common>
            </source>
            <vertices id="verts">
               <input semantic="POSITION" source="#coords_ME_ID318-source-position"/>
            </vertices>
            <triangles count="4" material="MA_Windows">
               <input offset="0" semantic="VERTEX" source="#verts"/>
               <input offset="1"
                      semantic="NORMAL"
                      source="#coords_ME_ID318_normal-source-normal"/>
               <p>0 0 1 0 2 0 1 1 0 1 3 1 4 2 5 2 6 2 7 3 6 3 5 3 </p>
            </triangles>
         </mesh>
      </geometry>
      <geometry id="coords_ME_ID312_MA_Windows-geometry" name="coords_ME_ID312">
         <mesh>
            <source id="coords_ME_ID312-source-position" name="position">
               <float_array id="coords_ME_ID312-position-array" count="24">5862.828125 683.296204 1266.404053 6101.651367 1081.183105 1224.668091 5862.828125 1081.182007 1224.668091 6101.651367 683.296204 1266.404053 6101.651367 683.296204 1266.404053 5862.828125 683.296204 1266.404053 6101.651367 1081.183105 1224.668091 5862.828125 1081.182007 1224.668091</float_array>
               <technique_common>
                  <accessor count="8" source="#coords_ME_ID312-position-array" stride="3">
                     <param name="X" type="float"/>
                     <param name="Y" type="float"/>
                     <param name="Z" type="float"/>
                  </accessor>
               </technique_common>
            </source>
            <source id="coords_ME_ID312_normal-source-normal" name="normal">
               <float_array id="coords_ME_ID312_normal-normal-array" count="12">-0.00000 0.10432 0.99454  0.00000 0.10432 0.99454  0.00000 -0.10432 -0.99454  0.00000 -0.10432 -0.99454 </float_array>
               <technique_common>
                  <accessor count="4" source="#coords_ME_ID312_normal-normal-array" stride="3">
                     <param name="X" type="float"/>
                     <param name="Y" type="float"/>
                     <param name="Z" type="float"/>
                  </accessor>
               </technique_common>
            </source>
            <vertices id="verts">
               <input semantic="POSITION" source="#coords_ME_ID312-source-position"/>
            </vertices>
            <triangles count="4" material="MA_Windows">
               <input offset="0" semantic="VERTEX" source="#verts"/>
               <input offset="1"
                      semantic="NORMAL"
                      source="#coords_ME_ID312_normal-source-normal"/>
               <p>0 0 1 0 2 0 1 1 0 1 3 1 4 2 5 2 6 2 7 3 6 3 5 3 </p>
            </triangles>
         </mesh>
      </geometry>
      <geometry id="coords_ME_ID306_MA_Windows-geometry" name="coords_ME_ID306">
         <mesh>
            <source id="coords_ME_ID306-source-position" name="position">
               <float_array id="coords_ME_ID306-position-array" count="24">55.118160 655.887512 1269.279053 523.314880 1108.591064 1221.792114 55.118107 1108.591064 1221.792114 523.315002 655.887512 1269.279053 523.315002 655.887512 1269.279053 55.118160 655.887512 1269.279053 523.314880 1108.591064 1221.792114 55.118107 1108.591064 1221.792114</float_array>
               <technique_common>
                  <accessor count="8" source="#coords_ME_ID306-position-array" stride="3">
                     <param name="X" type="float"/>
                     <param name="Y" type="float"/>
                     <param name="Z" type="float"/>
                  </accessor>
               </technique_common>
            </source>
            <source id="coords_ME_ID306_normal-source-normal" name="normal">
               <float_array id="coords_ME_ID306_normal-normal-array" count="12">0.00000 0.10432 0.99454  0.00000 0.10432 0.99454  0.00000 -0.10432 -0.99454  0.00000 -0.10432 -0.99454 </float_array>
               <technique_common>
                  <accessor count="4" source="#coords_ME_ID306_normal-normal-array" stride="3">
                     <param name="X" type="float"/>
                     <param name="Y" type="float"/>
                     <param name="Z" type="float"/>
                  </accessor>
               </technique_common>
            </source>
            <vertices id="verts">
               <input semantic="POSITION" source="#coords_ME_ID306-source-position"/>
            </vertices>
            <triangles count="4" material="MA_Windows">
               <input offset="0" semantic="VERTEX" source="#verts"/>
               <input offset="1"
                      semantic="NORMAL"
                      source="#coords_ME_ID306_normal-source-normal"/>
               <p>0 0 1 0 2 0 1 1 0 1 3 1 4 2 5 2 6 2 7 3 6 3 5 3 </p>
            </triangles>
         </mesh>
      </geometry>
      <geometry id="coords_ME_ID300_MA_Windows-geometry" name="coords_ME_ID300">
         <mesh>
            <source id="coords_ME_ID300-source-position" name="position">
               <float_array id="coords_ME_ID300-position-array" count="24">6454.647461 655.887512 1269.279053 6922.844238 1108.591064 1221.793091 6454.647461 1108.591064 1221.793091 6922.844238 655.887573 1269.279053 6922.844238 655.887573 1269.279053 6454.647461 655.887512 1269.279053 6922.844238 1108.591064 1221.793091 6454.647461 1108.591064 1221.793091</float_array>
               <technique_common>
                  <accessor count="8" source="#coords_ME_ID300-position-array" stride="3">
                     <param name="X" type="float"/>
                     <param name="Y" type="float"/>
                     <param name="Z" type="float"/>
                  </accessor>
               </technique_common>
            </source>
            <source id="coords_ME_ID300_normal-source-normal" name="normal">
               <float_array id="coords_ME_ID300_normal-normal-array" count="12">0.00000 0.10432 0.99454  -0.00000 0.10432 0.99454  0.00000 -0.10432 -0.99454  0.00000 -0.10432 -0.99454 </float_array>
               <technique_common>
                  <accessor count="4" source="#coords_ME_ID300_normal-normal-array" stride="3">
                     <param name="X" type="float"/>
                     <param name="Y" type="float"/>
                     <param name="Z" type="float"/>
                  </accessor>
               </technique_common>
            </source>
            <vertices id="verts">
               <input semantic="POSITION" source="#coords_ME_ID300-source-position"/>
            </vertices>
            <triangles count="4" material="MA_Windows">
               <input offset="0" semantic="VERTEX" source="#verts"/>
               <input offset="1"
                      semantic="NORMAL"
                      source="#coords_ME_ID300_normal-source-normal"/>
               <p>0 0 1 0 2 0 1 1 0 1 3 1 4 2 5 2 6 2 7 3 6 3 5 3 </p>
            </triangles>
         </mesh>
      </geometry>
      <geometry id="coords_ME_ID294_MA_Windows-geometry" name="coords_ME_ID294">
         <mesh>
            <source id="coords_ME_ID294-source-position" name="position">
               <float_array id="coords_ME_ID294-position-array" count="24">876.311035 683.296204 1266.404053 1115.134033 1081.182007 1224.668091 876.310852 1081.182007 1224.668091 1115.134033 683.296265 1266.404053 1115.134033 683.296265 1266.404053 876.311035 683.296204 1266.404053 1115.134033 1081.182007 1224.668091 876.310852 1081.182007 1224.668091</float_array>
               <technique_common>
                  <accessor count="8" source="#coords_ME_ID294-position-array" stride="3">
                     <param name="X" type="float"/>
                     <param name="Y" type="float"/>
                     <param name="Z" type="float"/>
                  </accessor>
               </technique_common>
            </source>
            <source id="coords_ME_ID294_normal-source-normal" name="normal">
               <float_array id="coords_ME_ID294_normal-normal-array" count="12">0.00000 0.10432 0.99454  -0.00000 0.10432 0.99454  0.00000 -0.10432 -0.99454  0.00000 -0.10432 -0.99454 </float_array>
               <technique_common>
                  <accessor count="4" source="#coords_ME_ID294_normal-normal-array" stride="3">
                     <param name="X" type="float"/>
                     <param name="Y" type="float"/>
                     <param name="Z" type="float"/>
                  </accessor>
               </technique_common>
            </source>
            <vertices id="verts">
               <input semantic="POSITION" source="#coords_ME_ID294-source-position"/>
            </vertices>
            <triangles count="4" material="MA_Windows">
               <input offset="0" semantic="VERTEX" source="#verts"/>
               <input offset="1"
                      semantic="NORMAL"
                      source="#coords_ME_ID294_normal-source-normal"/>
               <p>0 0 1 0 2 0 1 1 0 1 3 1 4 2 5 2 6 2 7 3 6 3 5 3 </p>
            </triangles>
         </mesh>
      </geometry>
      <geometry id="coords_ME_ID288_MA_Windows-geometry" name="coords_ME_ID288">
         <mesh>
            <source id="coords_ME_ID288-source-position" name="position">
               <float_array id="coords_ME_ID288-position-array" count="24">6922.844238 1108.591064 59.358017 6454.647461 655.887573 11.871650 6454.647461 1108.591064 59.358017 6922.844238 655.887695 11.871650 6922.844238 655.887695 11.871650 6922.844238 1108.591064 59.358017 6454.647461 655.887573 11.871650 6454.647461 1108.591064 59.358017</float_array>
               <technique_common>
                  <accessor count="8" source="#coords_ME_ID288-position-array" stride="3">
                     <param name="X" type="float"/>
                     <param name="Y" type="float"/>
                     <param name="Z" type="float"/>
                  </accessor>
               </technique_common>
            </source>
            <source id="coords_ME_ID288_normal-source-normal" name="normal">
               <float_array id="coords_ME_ID288_normal-normal-array" count="12">0.00000 0.10432 -0.99454  -0.00000 0.10432 -0.99454  0.00000 -0.10432 0.99454  0.00000 -0.10432 0.99454 </float_array>
               <technique_common>
                  <accessor count="4" source="#coords_ME_ID288_normal-normal-array" stride="3">
                     <param name="X" type="float"/>
                     <param name="Y" type="float"/>
                     <param name="Z" type="float"/>
                  </accessor>
               </technique_common>
            </source>
            <vertices id="verts">
               <input semantic="POSITION" source="#coords_ME_ID288-source-position"/>
            </vertices>
            <triangles count="4" material="MA_Windows">
               <input offset="0" semantic="VERTEX" source="#verts"/>
               <input offset="1"
                      semantic="NORMAL"
                      source="#coords_ME_ID288_normal-source-normal"/>
               <p>0 0 1 0 2 0 1 1 0 1 3 1 4 2 5 2 6 2 7 3 6 3 5 3 </p>
            </triangles>
         </mesh>
      </geometry>
      <geometry id="coords_ME_ID282_MA_Windows-geometry" name="coords_ME_ID282">
         <mesh>
            <source id="coords_ME_ID282-source-position" name="position">
               <float_array id="coords_ME_ID282-position-array" count="24">1115.134033 1081.183105 56.483009 876.311035 683.296265 14.746739 876.310852 1081.182007 56.483028 1115.134033 683.296387 14.746739 1115.134033 683.296387 14.746739 1115.134033 1081.183105 56.483009 876.311035 683.296265 14.746739 876.310852 1081.182007 56.483028</float_array>
               <technique_common>
                  <accessor count="8" source="#coords_ME_ID282-position-array" stride="3">
                     <param name="X" type="float"/>
                     <param name="Y" type="float"/>
                     <param name="Z" type="float"/>
                  </accessor>
               </technique_common>
            </source>
            <source id="coords_ME_ID282_normal-source-normal" name="normal">
               <float_array id="coords_ME_ID282_normal-normal-array" count="12">-0.00000 0.10432 -0.99454  -0.00000 0.10432 -0.99454  0.00000 -0.10432 0.99454  0.00000 -0.10432 0.99454 </float_array>
               <technique_common>
                  <accessor count="4" source="#coords_ME_ID282_normal-normal-array" stride="3">
                     <param name="X" type="float"/>
                     <param name="Y" type="float"/>
                     <param name="Z" type="float"/>
                  </accessor>
               </technique_common>
            </source>
            <vertices id="verts">
               <input semantic="POSITION" source="#coords_ME_ID282-source-position"/>
            </vertices>
            <triangles count="4" material="MA_Windows">
               <input offset="0" semantic="VERTEX" source="#verts"/>
               <input offset="1"
                      semantic="NORMAL"
                      source="#coords_ME_ID282_normal-source-normal"/>
               <p>0 0 1 0 2 0 1 1 0 1 3 1 4 2 5 2 6 2 7 3 6 3 5 3 </p>
            </triangles>
         </mesh>
      </geometry>
      <geometry id="coords_ME_ID276_MA_Windows-geometry" name="coords_ME_ID276">
         <mesh>
            <source id="coords_ME_ID276-source-position" name="position">
               <float_array id="coords_ME_ID276-position-array" count="24">2871.398193 1081.183105 56.483002 2632.576172 683.296204 14.746690 2632.576172 1081.183105 56.483002 2871.399170 683.296265 14.746719 2871.399170 683.296265 14.746719 2871.398193 1081.183105 56.483002 2632.576172 683.296204 14.746690 2632.576172 1081.183105 56.483002</float_array>
               <technique_common>
                  <accessor count="8" source="#coords_ME_ID276-position-array" stride="3">
                     <param name="X" type="float"/>
                     <param name="Y" type="float"/>
                     <param name="Z" type="float"/>
                  </accessor>
               </technique_common>
            </source>
            <source id="coords_ME_ID276_normal-source-normal" name="normal">
               <float_array id="coords_ME_ID276_normal-normal-array" count="12">0.00000 0.10432 -0.99454  0.00000 0.10432 -0.99454  -0.00000 -0.10432 0.99454  0.00000 -0.10432 0.99454 </float_array>
               <technique_common>
                  <accessor count="4" source="#coords_ME_ID276_normal-normal-array" stride="3">
                     <param name="X" type="float"/>
                     <param name="Y" type="float"/>
                     <param name="Z" type="float"/>
                  </accessor>
               </technique_common>
            </source>
            <vertices id="verts">
               <input semantic="POSITION" source="#coords_ME_ID276-source-position"/>
            </vertices>
            <triangles count="4" material="MA_Windows">
               <input offset="0" semantic="VERTEX" source="#verts"/>
               <input offset="1"
                      semantic="NORMAL"
                      source="#coords_ME_ID276_normal-source-normal"/>
               <p>0 0 1 0 2 0 1 1 0 1 3 1 4 2 5 2 6 2 7 3 6 3 5 3 </p>
            </triangles>
         </mesh>
      </geometry>
      <geometry id="coords_ME_ID270_MA_Windows-geometry" name="coords_ME_ID270">
         <mesh>
            <source id="coords_ME_ID270-source-position" name="position">
               <float_array id="coords_ME_ID270-position-array" count="24">4629.878418 1081.183105 56.483002 4391.056152 683.296265 14.746690 4391.055176 1081.183105 56.483002 4629.878418 683.296265 14.746719 4629.878418 683.296265 14.746719 4629.878418 1081.183105 56.483002 4391.056152 683.296265 14.746690 4391.055176 1081.183105 56.483002</float_array>
               <technique_common>
                  <accessor count="8" source="#coords_ME_ID270-position-array" stride="3">
                     <param name="X" type="float"/>
                     <param name="Y" type="float"/>
                     <param name="Z" type="float"/>
                  </accessor>
               </technique_common>
            </source>
            <source id="coords_ME_ID270_normal-source-normal" name="normal">
               <float_array id="coords_ME_ID270_normal-normal-array" count="12">0.00000 0.10432 -0.99454  0.00000 0.10432 -0.99454  -0.00000 -0.10432 0.99454  0.00000 -0.10432 0.99454 </float_array>
               <technique_common>
                  <accessor count="4" source="#coords_ME_ID270_normal-normal-array" stride="3">
                     <param name="X" type="float"/>
                     <param name="Y" type="float"/>
                     <param name="Z" type="float"/>
                  </accessor>
               </technique_common>
            </source>
            <vertices id="verts">
               <input semantic="POSITION" source="#coords_ME_ID270-source-position"/>
            </vertices>
            <triangles count="4" material="MA_Windows">
               <input offset="0" semantic="VERTEX" source="#verts"/>
               <input offset="1"
                      semantic="NORMAL"
                      source="#coords_ME_ID270_normal-source-normal"/>
               <p>0 0 1 0 2 0 1 1 0 1 3 1 4 2 5 2 6 2 7 3 6 3 5 3 </p>
            </triangles>
         </mesh>
      </geometry>
      <geometry id="coords_ME_ID264_MA_Windows-geometry" name="coords_ME_ID264">
         <mesh>
            <source id="coords_ME_ID264-source-position" name="position">
               <float_array id="coords_ME_ID264-position-array" count="24">6101.651367 1081.183105 56.482990 5862.828125 683.296265 14.746679 5862.828125 1081.183105 56.482990 6101.651367 683.296265 14.746730 6101.651367 683.296265 14.746730 6101.651367 1081.183105 56.482990 5862.828125 683.296265 14.746679 5862.828125 1081.183105 56.482990</float_array>
               <technique_common>
                  <accessor count="8" source="#coords_ME_ID264-position-array" stride="3">
                     <param name="X" type="float"/>
                     <param name="Y" type="float"/>
                     <param name="Z" type="float"/>
                  </accessor>
               </technique_common>
            </source>
            <source id="coords_ME_ID264_normal-source-normal" name="normal">
               <float_array id="coords_ME_ID264_normal-normal-array" count="12">0.00000 0.10432 -0.99454  0.00000 0.10432 -0.99454  -0.00000 -0.10432 0.99454  0.00000 -0.10432 0.99454 </float_array>
               <technique_common>
                  <accessor count="4" source="#coords_ME_ID264_normal-normal-array" stride="3">
                     <param name="X" type="float"/>
                     <param name="Y" type="float"/>
                     <param name="Z" type="float"/>
                  </accessor>
               </technique_common>
            </source>
            <vertices id="verts">
               <input semantic="POSITION" source="#coords_ME_ID264-source-position"/>
            </vertices>
            <triangles count="4" material="MA_Windows">
               <input offset="0" semantic="VERTEX" source="#verts"/>
               <input offset="1"
                      semantic="NORMAL"
                      source="#coords_ME_ID264_normal-source-normal"/>
               <p>0 0 1 0 2 0 1 1 0 1 3 1 4 2 5 2 6 2 7 3 6 3 5 3 </p>
            </triangles>
         </mesh>
      </geometry>
      <geometry id="coords_ME_ID258_MA_Windows-geometry" name="coords_ME_ID258">
         <mesh>
            <source id="coords_ME_ID258-source-position" name="position">
               <float_array id="coords_ME_ID258-position-array" count="24">523.314880 1108.591064 59.358040 55.118160 655.887573 11.871670 55.118107 1108.591064 59.358040 523.315002 655.887573 11.871670 523.315002 655.887573 11.871670 523.314880 1108.591064 59.358040 55.118160 655.887573 11.871670 55.118107 1108.591064 59.358040</float_array>
               <technique_common>
                  <accessor count="8" source="#coords_ME_ID258-position-array" stride="3">
                     <param name="X" type="float"/>
                     <param name="Y" type="float"/>
                     <param name="Z" type="float"/>
                  </accessor>
               </technique_common>
            </source>
            <source id="coords_ME_ID258_normal-source-normal" name="normal">
               <float_array id="coords_ME_ID258_normal-normal-array" count="6">0.00000 0.10432 -0.99454  0.00000 -0.10432 0.99454 </float_array>
               <technique_common>
                  <accessor count="2" source="#coords_ME_ID258_normal-normal-array" stride="3">
                     <param name="X" type="float"/>
                     <param name="Y" type="float"/>
                     <param name="Z" type="float"/>
                  </accessor>
               </technique_common>
            </source>
            <vertices id="verts">
               <input semantic="POSITION" source="#coords_ME_ID258-source-position"/>
            </vertices>
            <triangles count="4" material="MA_Windows">
               <input offset="0" semantic="VERTEX" source="#verts"/>
               <input offset="1"
                      semantic="NORMAL"
                      source="#coords_ME_ID258_normal-source-normal"/>
               <p>0 0 1 0 2 0 1 0 0 0 3 0 4 1 5 1 6 1 7 1 6 1 5 1 </p>
            </triangles>
         </mesh>
      </geometry>
      <geometry id="coords_ME_ID252_MA_Windows-geometry" name="coords_ME_ID252">
         <mesh>
            <source id="coords_ME_ID252-source-position" name="position">
               <float_array id="coords_ME_ID252-position-array" count="24">4345.386230 1081.183105 56.483002 4106.562988 683.296265 14.746690 4106.562988 1081.183105 56.483002 4345.386230 683.296265 14.746730 4345.386230 683.296265 14.746730 4345.386230 1081.183105 56.483002 4106.562988 683.296265 14.746690 4106.562988 1081.183105 56.483002</float_array>
               <technique_common>
                  <accessor count="8" source="#coords_ME_ID252-position-array" stride="3">
                     <param name="X" type="float"/>
                     <param name="Y" type="float"/>
                     <param name="Z" type="float"/>
                  </accessor>
               </technique_common>
            </source>
            <source id="coords_ME_ID252_normal-source-normal" name="normal">
               <float_array id="coords_ME_ID252_normal-normal-array" count="12">0.00000 0.10432 -0.99454  0.00000 0.10432 -0.99454  -0.00000 -0.10432 0.99454  0.00000 -0.10432 0.99454 </float_array>
               <technique_common>
                  <accessor count="4" source="#coords_ME_ID252_normal-normal-array" stride="3">
                     <param name="X" type="float"/>
                     <param name="Y" type="float"/>
                     <param name="Z" type="float"/>
                  </accessor>
               </technique_common>
            </source>
            <vertices id="verts">
               <input semantic="POSITION" source="#coords_ME_ID252-source-position"/>
            </vertices>
            <triangles count="4" material="MA_Windows">
               <input offset="0" semantic="VERTEX" source="#verts"/>
               <input offset="1"
                      semantic="NORMAL"
                      source="#coords_ME_ID252_normal-source-normal"/>
               <p>0 0 1 0 2 0 1 1 0 1 3 1 4 2 5 2 6 2 7 3 6 3 5 3 </p>
            </triangles>
         </mesh>
      </geometry>
      <geometry id="coords_ME_ID246_MA_Windows-geometry" name="coords_ME_ID246">
         <mesh>
            <source id="coords_ME_ID246-source-position" name="position">
               <float_array id="coords_ME_ID246-position-array" count="24">2586.906006 1081.183105 56.483009 2348.084229 683.296204 14.746699 2348.084229 1081.183105 56.483009 2586.906006 683.296265 14.746730 2586.906006 683.296265 14.746730 2586.906006 1081.183105 56.483009 2348.084229 683.296204 14.746699 2348.084229 1081.183105 56.483009</float_array>
               <technique_common>
                  <accessor count="8" source="#coords_ME_ID246-position-array" stride="3">
                     <param name="X" type="float"/>
                     <param name="Y" type="float"/>
                     <param name="Z" type="float"/>
                  </accessor>
               </technique_common>
            </source>
            <source id="coords_ME_ID246_normal-source-normal" name="normal">
               <float_array id="coords_ME_ID246_normal-normal-array" count="12">0.00000 0.10432 -0.99454  0.00000 0.10432 -0.99454  -0.00000 -0.10432 0.99454  0.00000 -0.10432 0.99454 </float_array>
               <technique_common>
                  <accessor count="4" source="#coords_ME_ID246_normal-normal-array" stride="3">
                     <param name="X" type="float"/>
                     <param name="Y" type="float"/>
                     <param name="Z" type="float"/>
                  </accessor>
               </technique_common>
            </source>
            <vertices id="verts">
               <input semantic="POSITION" source="#coords_ME_ID246-source-position"/>
            </vertices>
            <triangles count="4" material="MA_Windows">
               <input offset="0" semantic="VERTEX" source="#verts"/>
               <input offset="1"
                      semantic="NORMAL"
                      source="#coords_ME_ID246_normal-source-normal"/>
               <p>0 0 1 0 2 0 1 1 0 1 3 1 4 2 5 2 6 2 7 3 6 3 5 3 </p>
            </triangles>
         </mesh>
      </geometry>
      <geometry id="coords_ME_ID240_MA_Windows-geometry" name="coords_ME_ID240">
         <mesh>
            <source id="coords_ME_ID240-source-position" name="position">
               <float_array id="coords_ME_ID240-position-array" count="24">6386.143066 1081.183105 56.482990 6147.319824 683.296265 14.746679 6147.319824 1081.183105 56.482990 6386.143066 683.296265 14.746719 6386.143066 683.296265 14.746719 6386.143066 1081.183105 56.482990 6147.319824 683.296265 14.746679 6147.319824 1081.183105 56.482990</float_array>
               <technique_common>
                  <accessor count="8" source="#coords_ME_ID240-position-array" stride="3">
                     <param name="X" type="float"/>
                     <param name="Y" type="float"/>
                     <param name="Z" type="float"/>
                  </accessor>
               </technique_common>
            </source>
            <source id="coords_ME_ID240_normal-source-normal" name="normal">
               <float_array id="coords_ME_ID240_normal-normal-array" count="12">0.00000 0.10432 -0.99454  0.00000 0.10432 -0.99454  -0.00000 -0.10432 0.99454  0.00000 -0.10432 0.99454 </float_array>
               <technique_common>
                  <accessor count="4" source="#coords_ME_ID240_normal-normal-array" stride="3">
                     <param name="X" type="float"/>
                     <param name="Y" type="float"/>
                     <param name="Z" type="float"/>
                  </accessor>
               </technique_common>
            </source>
            <vertices id="verts">
               <input semantic="POSITION" source="#coords_ME_ID240-source-position"/>
            </vertices>
            <triangles count="4" material="MA_Windows">
               <input offset="0" semantic="VERTEX" source="#verts"/>
               <input offset="1"
                      semantic="NORMAL"
                      source="#coords_ME_ID240_normal-source-normal"/>
               <p>0 0 1 0 2 0 1 1 0 1 3 1 4 2 5 2 6 2 7 3 6 3 5 3 </p>
            </triangles>
         </mesh>
      </geometry>
      <geometry id="coords_ME_ID234_MA_Windows-geometry" name="coords_ME_ID234">
         <mesh>
            <source id="coords_ME_ID234-source-position" name="position">
               <float_array id="coords_ME_ID234-position-array" count="24">4106.562988 683.296082 1266.404053 4345.386230 1081.183105 1224.668091 4106.562988 1081.182007 1224.668091 4345.386230 683.296204 1266.404053 4345.386230 683.296204 1266.404053 4106.562988 683.296082 1266.404053 4345.386230 1081.183105 1224.668091 4106.562988 1081.182007 1224.668091</float_array>
               <technique_common>
                  <accessor count="8" source="#coords_ME_ID234-position-array" stride="3">
                     <param name="X" type="float"/>
                     <param name="Y" type="float"/>
                     <param name="Z" type="float"/>
                  </accessor>
               </technique_common>
            </source>
            <source id="coords_ME_ID234_normal-source-normal" name="normal">
               <float_array id="coords_ME_ID234_normal-normal-array" count="12">-0.00000 0.10432 0.99454  -0.00000 0.10432 0.99454  0.00000 -0.10432 -0.99454  0.00000 -0.10432 -0.99454 </float_array>
               <technique_common>
                  <accessor count="4" source="#coords_ME_ID234_normal-normal-array" stride="3">
                     <param name="X" type="float"/>
                     <param name="Y" type="float"/>
                     <param name="Z" type="float"/>
                  </accessor>
               </technique_common>
            </source>
            <vertices id="verts">
               <input semantic="POSITION" source="#coords_ME_ID234-source-position"/>
            </vertices>
            <triangles count="4" material="MA_Windows">
               <input offset="0" semantic="VERTEX" source="#verts"/>
               <input offset="1"
                      semantic="NORMAL"
                      source="#coords_ME_ID234_normal-source-normal"/>
               <p>0 0 1 0 2 0 1 1 0 1 3 1 4 2 5 2 6 2 7 3 6 3 5 3 </p>
            </triangles>
         </mesh>
      </geometry>
      <geometry id="coords_ME_ID228_MA_Windows-geometry" name="coords_ME_ID228">
         <mesh>
            <source id="coords_ME_ID228-source-position" name="position">
               <float_array id="coords_ME_ID228-position-array" count="24">830.641602 1081.183105 56.483017 591.819031 683.296204 14.746710 591.818909 1081.183105 56.483017 830.641663 683.296265 14.746730 830.641663 683.296265 14.746730 830.641602 1081.183105 56.483017 591.819031 683.296204 14.746710 591.818909 1081.183105 56.483017</float_array>
               <technique_common>
                  <accessor count="8" source="#coords_ME_ID228-position-array" stride="3">
                     <param name="X" type="float"/>
                     <param name="Y" type="float"/>
                     <param name="Z" type="float"/>
                  </accessor>
               </technique_common>
            </source>
            <source id="coords_ME_ID228_normal-source-normal" name="normal">
               <float_array id="coords_ME_ID228_normal-normal-array" count="12">0.00000 0.10432 -0.99454  0.00000 0.10432 -0.99454  -0.00000 -0.10432 0.99454  0.00000 -0.10432 0.99454 </float_array>
               <technique_common>
                  <accessor count="4" source="#coords_ME_ID228_normal-normal-array" stride="3">
                     <param name="X" type="float"/>
                     <param name="Y" type="float"/>
                     <param name="Z" type="float"/>
                  </accessor>
               </technique_common>
            </source>
            <vertices id="verts">
               <input semantic="POSITION" source="#coords_ME_ID228-source-position"/>
            </vertices>
            <triangles count="4" material="MA_Windows">
               <input offset="0" semantic="VERTEX" source="#verts"/>
               <input offset="1"
                      semantic="NORMAL"
                      source="#coords_ME_ID228_normal-source-normal"/>
               <p>0 0 1 0 2 0 1 1 0 1 3 1 4 2 5 2 6 2 7 3 6 3 5 3 </p>
            </triangles>
         </mesh>
      </geometry>
      <geometry id="coords_ME_ID222_MA_Windows-geometry" name="coords_ME_ID222">
         <mesh>
            <source id="coords_ME_ID222-source-position" name="position">
               <float_array id="coords_ME_ID222-position-array" count="24">4038.209961 1108.591064 59.358017 2939.752197 655.887512 11.871610 2939.752197 1108.591064 59.358017 4038.209961 655.887573 11.871650 4038.209961 655.887573 11.871650 4038.209961 1108.591064 59.358017 2939.752197 655.887512 11.871610 2939.752197 1108.591064 59.358017</float_array>
               <technique_common>
                  <accessor count="8" source="#coords_ME_ID222-position-array" stride="3">
                     <param name="X" type="float"/>
                     <param name="Y" type="float"/>
                     <param name="Z" type="float"/>
                  </accessor>
               </technique_common>
            </source>
            <source id="coords_ME_ID222_normal-source-normal" name="normal">
               <float_array id="coords_ME_ID222_normal-normal-array" count="12">0.00000 0.10432 -0.99454  0.00000 0.10432 -0.99454  -0.00000 -0.10432 0.99454  0.00000 -0.10432 0.99454 </float_array>
               <technique_common>
                  <accessor count="4" source="#coords_ME_ID222_normal-normal-array" stride="3">
                     <param name="X" type="float"/>
                     <param name="Y" type="float"/>
                     <param name="Z" type="float"/>
                  </accessor>
               </technique_common>
            </source>
            <vertices id="verts">
               <input semantic="POSITION" source="#coords_ME_ID222-source-position"/>
            </vertices>
            <triangles count="4" material="MA_Windows">
               <input offset="0" semantic="VERTEX" source="#verts"/>
               <input offset="1"
                      semantic="NORMAL"
                      source="#coords_ME_ID222_normal-source-normal"/>
               <p>0 0 1 0 2 0 1 1 0 1 3 1 4 2 5 2 6 2 7 3 6 3 5 3 </p>
            </triangles>
         </mesh>
      </geometry>
      <geometry id="coords_ME_ID216_MA_Sub_car_part_1-geometry" name="coords_ME_ID216">
         <mesh>
            <source id="coords_ME_ID216-source-position" name="position">
               <float_array id="coords_ME_ID216-position-array" count="24">2325.249023 253.225693 53.060020 1137.968994 152.123703 71.591049 1137.968994 253.225693 53.060040 2325.249023 152.123703 71.591042 2325.249023 152.123703 71.591042 2325.249023 253.225693 53.060020 1137.968994 152.123703 71.591049 1137.968994 253.225693 53.060040</float_array>
               <technique_common>
                  <accessor count="8" source="#coords_ME_ID216-position-array" stride="3">
                     <param name="X" type="float"/>
                     <param name="Y" type="float"/>
                     <param name="Z" type="float"/>
                  </accessor>
               </technique_common>
            </source>
            <source id="coords_ME_ID216_normal-source-normal" name="normal">
               <float_array id="coords_ME_ID216_normal-normal-array" count="6">-0.00000 -0.18029 -0.98361  -0.00000 -0.18029 -0.98361 </float_array>
               <technique_common>
                  <accessor count="2" source="#coords_ME_ID216_normal-normal-array" stride="3">
                     <param name="X" type="float"/>
                     <param name="Y" type="float"/>
                     <param name="Z" type="float"/>
                  </accessor>
               </technique_common>
            </source>
            <vertices id="verts">
               <input semantic="POSITION" source="#coords_ME_ID216-source-position"/>
            </vertices>
            <triangles count="2" material="MA_Sub_car_part_1">
               <input offset="0" semantic="VERTEX" source="#verts"/>
               <input offset="1"
                      semantic="NORMAL"
                      source="#coords_ME_ID216_normal-source-normal"/>
               <p>0 0 1 0 2 0 1 1 0 1 3 1 </p>
            </triangles>
         </mesh>
      </geometry>
      <geometry id="coords_ME_ID216_MA_Windows-geometry" name="coords_ME_ID216">
         <mesh>
            <source id="coords_ME_ID216-source-position" name="position">
               <float_array id="coords_ME_ID216-position-array" count="24">2325.249023 253.225693 53.060020 1137.968994 152.123703 71.591049 1137.968994 253.225693 53.060040 2325.249023 152.123703 71.591042 2325.249023 152.123703 71.591042 2325.249023 253.225693 53.060020 1137.968994 152.123703 71.591049 1137.968994 253.225693 53.060040</float_array>
               <technique_common>
                  <accessor count="8" source="#coords_ME_ID216-position-array" stride="3">
                     <param name="X" type="float"/>
                     <param name="Y" type="float"/>
                     <param name="Z" type="float"/>
                  </accessor>
               </technique_common>
            </source>
            <source id="coords_ME_ID216_normal-source-normal" name="normal">
               <float_array id="coords_ME_ID216_normal-normal-array" count="6">0.00000 0.18029 0.98361  0.00000 0.18029 0.98361 </float_array>
               <technique_common>
                  <accessor count="2" source="#coords_ME_ID216_normal-normal-array" stride="3">
                     <param name="X" type="float"/>
                     <param name="Y" type="float"/>
                     <param name="Z" type="float"/>
                  </accessor>
               </technique_common>
            </source>
            <vertices id="verts">
               <input semantic="POSITION" source="#coords_ME_ID216-source-position"/>
            </vertices>
            <triangles count="2" material="MA_Windows">
               <input offset="0" semantic="VERTEX" source="#verts"/>
               <input offset="1"
                      semantic="NORMAL"
                      source="#coords_ME_ID216_normal-source-normal"/>
               <p>4 0 5 0 6 0 7 1 6 1 5 1 </p>
            </triangles>
         </mesh>
      </geometry>
      <geometry id="coords_ME_ID210_MA_Windows-geometry" name="coords_ME_ID210">
         <mesh>
            <source id="coords_ME_ID210-source-position" name="position">
               <float_array id="coords_ME_ID210-position-array" count="24">2325.249023 360.728027 33.355900 1137.968994 253.225693 53.060040 1137.968994 360.728027 33.355907 2325.249023 253.225693 53.060020 2325.249023 253.225693 53.060020 2325.249023 360.728027 33.355900 1137.968994 253.225693 53.060040 1137.968994 360.728027 33.355907</float_array>
               <technique_common>
                  <accessor count="8" source="#coords_ME_ID210-position-array" stride="3">
                     <param name="X" type="float"/>
                     <param name="Y" type="float"/>
                     <param name="Z" type="float"/>
                  </accessor>
               </technique_common>
            </source>
            <source id="coords_ME_ID210_normal-source-normal" name="normal">
               <float_array id="coords_ME_ID210_normal-normal-array" count="6">0.00000 0.18029 0.98361  0.00000 0.18029 0.98361 </float_array>
               <technique_common>
                  <accessor count="2" source="#coords_ME_ID210_normal-normal-array" stride="3">
                     <param name="X" type="float"/>
                     <param name="Y" type="float"/>
                     <param name="Z" type="float"/>
                  </accessor>
               </technique_common>
            </source>
            <vertices id="verts">
               <input semantic="POSITION" source="#coords_ME_ID210-source-position"/>
            </vertices>
            <triangles count="2" material="MA_Windows">
               <input offset="0" semantic="VERTEX" source="#verts"/>
               <input offset="1"
                      semantic="NORMAL"
                      source="#coords_ME_ID210_normal-source-normal"/>
               <p>4 0 5 0 6 0 7 1 6 1 5 1 </p>
            </triangles>
         </mesh>
      </geometry>
      <geometry id="coords_ME_ID210_MA_Sub_car_part_3-geometry" name="coords_ME_ID210">
         <mesh>
            <source id="coords_ME_ID210-source-position" name="position">
               <float_array id="coords_ME_ID210-position-array" count="24">2325.249023 360.728027 33.355900 1137.968994 253.225693 53.060040 1137.968994 360.728027 33.355907 2325.249023 253.225693 53.060020 2325.249023 253.225693 53.060020 2325.249023 360.728027 33.355900 1137.968994 253.225693 53.060040 1137.968994 360.728027 33.355907</float_array>
               <technique_common>
                  <accessor count="8" source="#coords_ME_ID210-position-array" stride="3">
                     <param name="X" type="float"/>
                     <param name="Y" type="float"/>
                     <param name="Z" type="float"/>
                  </accessor>
               </technique_common>
            </source>
            <source id="coords_ME_ID210_normal-source-normal" name="normal">
               <float_array id="coords_ME_ID210_normal-normal-array" count="6">-0.00000 -0.18029 -0.98361  -0.00000 -0.18029 -0.98361 </float_array>
               <technique_common>
                  <accessor count="2" source="#coords_ME_ID210_normal-normal-array" stride="3">
                     <param name="X" type="float"/>
                     <param name="Y" type="float"/>
                     <param name="Z" type="float"/>
                  </accessor>
               </technique_common>
            </source>
            <vertices id="verts">
               <input semantic="POSITION" source="#coords_ME_ID210-source-position"/>
            </vertices>
            <triangles count="2" material="MA_Sub_car_part_3">
               <input offset="0" semantic="VERTEX" source="#verts"/>
               <input offset="1"
                      semantic="NORMAL"
                      source="#coords_ME_ID210_normal-source-normal"/>
               <p>0 0 1 0 2 0 1 1 0 1 3 1 </p>
            </triangles>
         </mesh>
      </geometry>
      <geometry id="coords_ME_ID204_MA_Windows-geometry" name="coords_ME_ID204">
         <mesh>
            <source id="coords_ME_ID204-source-position" name="position">
               <float_array id="coords_ME_ID204-position-array" count="24">6977.962402 542.711609 855.974670 6977.962402 1118.315063 1179.432007 6977.962402 542.711609 1239.809937 6977.962402 1118.315063 855.974670 6977.962402 1118.315063 855.974670 6977.962402 542.711609 855.974670 6977.962402 1118.315063 1179.432007 6977.962402 542.711609 1239.809937</float_array>
               <technique_common>
                  <accessor count="8" source="#coords_ME_ID204-position-array" stride="3">
                     <param name="X" type="float"/>
                     <param name="Y" type="float"/>
                     <param name="Z" type="float"/>
                  </accessor>
               </technique_common>
            </source>
            <source id="coords_ME_ID204_normal-source-normal" name="normal">
               <float_array id="coords_ME_ID204_normal-normal-array" count="6">1.00000 0.00000 0.00000  -1.00000 0.00000 0.00000 </float_array>
               <technique_common>
                  <accessor count="2" source="#coords_ME_ID204_normal-normal-array" stride="3">
                     <param name="X" type="float"/>
                     <param name="Y" type="float"/>
                     <param name="Z" type="float"/>
                  </accessor>
               </technique_common>
            </source>
            <vertices id="verts">
               <input semantic="POSITION" source="#coords_ME_ID204-source-position"/>
            </vertices>
            <triangles count="4" material="MA_Windows">
               <input offset="0" semantic="VERTEX" source="#verts"/>
               <input offset="1"
                      semantic="NORMAL"
                      source="#coords_ME_ID204_normal-source-normal"/>
               <p>0 0 1 0 2 0 1 0 0 0 3 0 4 1 5 1 6 1 7 1 6 1 5 1 </p>
            </triangles>
         </mesh>
      </geometry>
      <geometry id="coords_ME_ID198_MA_Windows-geometry" name="coords_ME_ID198">
         <mesh>
            <source id="coords_ME_ID198-source-position" name="position">
               <float_array id="coords_ME_ID198-position-array" count="24">1137.968994 253.225693 1228.089966 2325.249023 360.728027 1247.795044 1137.968994 360.728027 1247.795044 2325.249023 253.225693 1228.089966 2325.249023 253.225693 1228.089966 1137.968994 253.225693 1228.089966 2325.249023 360.728027 1247.795044 1137.968994 360.728027 1247.795044</float_array>
               <technique_common>
                  <accessor count="8" source="#coords_ME_ID198-position-array" stride="3">
                     <param name="X" type="float"/>
                     <param name="Y" type="float"/>
                     <param name="Z" type="float"/>
                  </accessor>
               </technique_common>
            </source>
            <source id="coords_ME_ID198_normal-source-normal" name="normal">
               <float_array id="coords_ME_ID198_normal-normal-array" count="3">0.00000 0.18030 -0.98361 </float_array>
               <technique_common>
                  <accessor count="1" source="#coords_ME_ID198_normal-normal-array" stride="3">
                     <param name="X" type="float"/>
                     <param name="Y" type="float"/>
                     <param name="Z" type="float"/>
                  </accessor>
               </technique_common>
            </source>
            <vertices id="verts">
               <input semantic="POSITION" source="#coords_ME_ID198-source-position"/>
            </vertices>
            <triangles count="2" material="MA_Windows">
               <input offset="0" semantic="VERTEX" source="#verts"/>
               <input offset="1"
                      semantic="NORMAL"
                      source="#coords_ME_ID198_normal-source-normal"/>
               <p>4 0 5 0 6 0 7 0 6 0 5 0 </p>
            </triangles>
         </mesh>
      </geometry>
      <geometry id="coords_ME_ID198_MA_Sub_car_part_3-geometry" name="coords_ME_ID198">
         <mesh>
            <source id="coords_ME_ID198-source-position" name="position">
               <float_array id="coords_ME_ID198-position-array" count="24">1137.968994 253.225693 1228.089966 2325.249023 360.728027 1247.795044 1137.968994 360.728027 1247.795044 2325.249023 253.225693 1228.089966 2325.249023 253.225693 1228.089966 1137.968994 253.225693 1228.089966 2325.249023 360.728027 1247.795044 1137.968994 360.728027 1247.795044</float_array>
               <technique_common>
                  <accessor count="8" source="#coords_ME_ID198-position-array" stride="3">
                     <param name="X" type="float"/>
                     <param name="Y" type="float"/>
                     <param name="Z" type="float"/>
                  </accessor>
               </technique_common>
            </source>
            <source id="coords_ME_ID198_normal-source-normal" name="normal">
               <float_array id="coords_ME_ID198_normal-normal-array" count="3">0.00000 -0.18030 0.98361 </float_array>
               <technique_common>
                  <accessor count="1" source="#coords_ME_ID198_normal-normal-array" stride="3">
                     <param name="X" type="float"/>
                     <param name="Y" type="float"/>
                     <param name="Z" type="float"/>
                  </accessor>
               </technique_common>
            </source>
            <vertices id="verts">
               <input semantic="POSITION" source="#coords_ME_ID198-source-position"/>
            </vertices>
            <triangles count="2" material="MA_Sub_car_part_3">
               <input offset="0" semantic="VERTEX" source="#verts"/>
               <input offset="1"
                      semantic="NORMAL"
                      source="#coords_ME_ID198_normal-source-normal"/>
               <p>0 0 1 0 2 0 1 0 0 0 3 0 </p>
            </triangles>
         </mesh>
      </geometry>
      <geometry id="coords_ME_ID192_MA_Windows-geometry" name="coords_ME_ID192">
         <mesh>
            <source id="coords_ME_ID192-source-position" name="position">
               <float_array id="coords_ME_ID192-position-array" count="120">4083.729248 542.711609 1281.150024 4106.562988 683.296082 1266.404053 4083.729248 1108.591064 1221.792114 4652.713379 542.711609 1281.150024 4106.562988 1081.182007 1224.668091 4345.386230 683.296204 1266.404053 4391.056152 683.296082 1266.404053 4391.055176 1081.182007 1224.668091 4629.878418 683.296204 1266.404053 4652.713379 1108.591064 1221.792114 4345.386230 1081.183105 1224.668091 4629.878418 1081.183105 1224.668091 4629.878418 683.296204 1266.404053 4629.878418 1081.183105 1224.668091 4652.713379 1108.591064 1221.792114 4391.055176 1081.182007 1224.668091 4345.386230 683.296204 1266.404053 4345.386230 1081.183105 1224.668091 4106.562988 1081.182007 1224.668091 4083.729248 1108.591064 1221.792114 4652.713379 542.711609 1281.150024 4391.056152 683.296082 1266.404053 4106.562988 683.296082 1266.404053 4083.729248 542.711609 1281.150024 4083.729248 360.728027 1247.795044 4652.713379 542.711609 1281.150024 4083.729248 542.711609 1281.150024 4083.729248 253.225693 1228.089966 4083.729248 152.123703 1209.559082 4652.713379 253.225693 1228.091064 4652.713379 152.123703 1209.559082 4652.713379 360.728027 1247.795044 4652.713379 360.728027 1247.795044 4652.713379 253.225693 1228.091064 4652.713379 542.711609 1281.150024 4652.713379 152.123703 1209.559082 4083.729248 152.123703 1209.559082 4083.729248 253.225693 1228.089966 4083.729248 360.728027 1247.795044 4083.729248 542.711609 1281.150024</float_array>
               <technique_common>
                  <accessor count="40" source="#coords_ME_ID192-position-array" stride="3">
                     <param name="X" type="float"/>
                     <param name="Y" type="float"/>
                     <param name="Z" type="float"/>
                  </accessor>
               </technique_common>
            </source>
            <source id="coords_ME_ID192_normal-source-normal" name="normal">
               <float_array id="coords_ME_ID192_normal-normal-array" count="60">-0.00005 -0.10432 -0.99454  0.00000 -0.10436 -0.99454  -0.00000 -0.10432 -0.99454  -0.00000 -0.10433 -0.99454  0.00000 -0.10436 -0.99454  0.00000 -0.10436 -0.99454  -0.00003 -0.10432 -0.99454  0.00000 -0.10432 -0.99454  -0.00000 -0.10432 -0.99454  -0.00000 -0.10432 -0.99454  0.00000 -0.10432 -0.99454  0.00004 -0.10432 -0.99454  0.00000 -0.10432 -0.99454  0.00003 -0.10432 -0.99454  1.00000 0.00000 0.00000  0.00000 0.18030 -0.98361  0.00000 0.18028 -0.98361  0.00000 0.18029 -0.98361  -0.00000 0.18030 -0.98361  0.00000 0.18028 -0.98361 </float_array>
               <technique_common>
                  <accessor count="20" source="#coords_ME_ID192_normal-normal-array" stride="3">
                     <param name="X" type="float"/>
                     <param name="Y" type="float"/>
                     <param name="Z" type="float"/>
                  </accessor>
               </technique_common>
            </source>
            <vertices id="verts">
               <input semantic="POSITION" source="#coords_ME_ID192-source-position"/>
            </vertices>
            <triangles count="20" material="MA_Windows">
               <input offset="0" semantic="VERTEX" source="#verts"/>
               <input offset="1"
                      semantic="NORMAL"
                      source="#coords_ME_ID192_normal-source-normal"/>
               <p>12 0 13 0 14 0 13 1 15 1 14 1 16 2 17 2 15 2 15 3 17 3 14 3 17 4 18 4 14 4 19 5 14 5 18 5 14 6 20 6 12 6 12 7 20 7 21 7 15 8 21 8 16 8 21 9 20 9 16 9 16 10 20 10 22 10 18 11 22 11 19 11 20 12 23 12 22 12 19 13 22 13 23 13 32 14 33 14 34 14 35 15 36 15 33 15 33 16 36 16 34 16 36 17 37 17 34 17 37 18 38 18 34 18 39 19 34 19 38 19 </p>
            </triangles>
         </mesh>
      </geometry>
      <geometry id="coords_ME_ID192_MA_Doors-geometry" name="coords_ME_ID192">
         <mesh>
            <source id="coords_ME_ID192-source-position" name="position">
               <float_array id="coords_ME_ID192-position-array" count="120">4083.729248 542.711609 1281.150024 4106.562988 683.296082 1266.404053 4083.729248 1108.591064 1221.792114 4652.713379 542.711609 1281.150024 4106.562988 1081.182007 1224.668091 4345.386230 683.296204 1266.404053 4391.056152 683.296082 1266.404053 4391.055176 1081.182007 1224.668091 4629.878418 683.296204 1266.404053 4652.713379 1108.591064 1221.792114 4345.386230 1081.183105 1224.668091 4629.878418 1081.183105 1224.668091 4629.878418 683.296204 1266.404053 4629.878418 1081.183105 1224.668091 4652.713379 1108.591064 1221.792114 4391.055176 1081.182007 1224.668091 4345.386230 683.296204 1266.404053 4345.386230 1081.183105 1224.668091 4106.562988 1081.182007 1224.668091 4083.729248 1108.591064 1221.792114 4652.713379 542.711609 1281.150024 4391.056152 683.296082 1266.404053 4106.562988 683.296082 1266.404053 4083.729248 542.711609 1281.150024 4083.729248 360.728027 1247.795044 4652.713379 542.711609 1281.150024 4083.729248 542.711609 1281.150024 4083.729248 253.225693 1228.089966 4083.729248 152.123703 1209.559082 4652.713379 253.225693 1228.091064 4652.713379 152.123703 1209.559082 4652.713379 360.728027 1247.795044 4652.713379 360.728027 1247.795044 4652.713379 253.225693 1228.091064 4652.713379 542.711609 1281.150024 4652.713379 152.123703 1209.559082 4083.729248 152.123703 1209.559082 4083.729248 253.225693 1228.089966 4083.729248 360.728027 1247.795044 4083.729248 542.711609 1281.150024</float_array>
               <technique_common>
                  <accessor count="40" source="#coords_ME_ID192-position-array" stride="3">
                     <param name="X" type="float"/>
                     <param name="Y" type="float"/>
                     <param name="Z" type="float"/>
                  </accessor>
               </technique_common>
            </source>
            <source id="coords_ME_ID192_normal-source-normal" name="normal">
               <float_array id="coords_ME_ID192_normal-normal-array" count="60">-0.00003 0.10432 0.99454  0.00000 0.10432 0.99454  -0.00004 0.10432 0.99454  -0.00000 0.10432 0.99454  0.00000 0.10432 0.99454  0.00000 0.10432 0.99454  -0.00000 0.10432 0.99454  0.00003 0.10432 0.99454  0.00000 0.10436 0.99454  -0.00000 0.10436 0.99454  0.00000 0.10433 0.99454  0.00000 0.10432 0.99454  -0.00000 0.10436 0.99454  0.00005 0.10432 0.99454  0.00000 -0.18028 0.98361  0.00000 -0.18030 0.98361  -0.00000 -0.18029 0.98361  -0.00000 -0.18028 0.98361  0.00000 -0.18030 0.98361  -1.00000 0.00000 0.00000 </float_array>
               <technique_common>
                  <accessor count="20" source="#coords_ME_ID192_normal-normal-array" stride="3">
                     <param name="X" type="float"/>
                     <param name="Y" type="float"/>
                     <param name="Z" type="float"/>
                  </accessor>
               </technique_common>
            </source>
            <vertices id="verts">
               <input semantic="POSITION" source="#coords_ME_ID192-source-position"/>
            </vertices>
            <triangles count="20" material="MA_Doors">
               <input offset="0" semantic="VERTEX" source="#verts"/>
               <input offset="1"
                      semantic="NORMAL"
                      source="#coords_ME_ID192_normal-source-normal"/>
               <p>0 0 1 0 2 0 1 1 0 1 3 1 2 2 1 2 4 2 1 3 3 3 5 3 5 4 3 4 6 4 5 5 6 5 7 5 6 6 3 6 8 6 8 7 3 7 9 7 4 8 9 8 2 8 9 9 4 9 10 9 9 10 10 10 7 10 7 11 10 11 5 11 9 12 7 12 11 12 9 13 11 13 8 13 24 14 25 14 26 14 25 15 24 15 27 15 25 16 27 16 28 16 25 17 28 17 29 17 29 18 28 18 30 18 25 19 29 19 31 19 </p>
            </triangles>
         </mesh>
      </geometry>
      <geometry id="coords_ME_ID186_MA_Windows-geometry" name="coords_ME_ID186">
         <mesh>
            <source id="coords_ME_ID186-source-position" name="position">
               <float_array id="coords_ME_ID186-position-array" count="120">5839.993164 360.728027 1247.795044 6408.978516 542.711609 1281.151001 5839.993164 542.711609 1281.150024 5839.993164 253.225693 1228.091064 5839.993164 152.123703 1209.559082 6408.978516 253.225693 1228.091064 6408.978516 152.123703 1209.559937 6408.978516 360.728027 1247.795044 6408.978516 360.728027 1247.795044 6408.978516 253.225693 1228.091064 6408.978516 542.711609 1281.151001 6408.978516 152.123703 1209.559937 5839.993164 152.123703 1209.559082 5839.993164 253.225693 1228.091064 5839.993164 360.728027 1247.795044 5839.993164 542.711609 1281.150024 5839.993164 542.711609 1281.150024 5862.828125 683.296204 1266.404053 5839.993164 1108.591064 1221.793091 6408.978516 542.711609 1281.151001 5862.828125 1081.182007 1224.668091 6101.651367 683.296204 1266.404053 6147.319824 683.296204 1266.404053 6147.319824 1081.182007 1224.668091 6386.143066 683.296204 1266.404053 6408.978516 1108.591064 1221.793091 6101.651367 1081.183105 1224.668091 6386.143066 1081.183105 1224.668091 6386.143066 683.296204 1266.404053 6386.143066 1081.183105 1224.668091 6408.978516 1108.591064 1221.793091 6147.319824 1081.182007 1224.668091 6101.651367 683.296204 1266.404053 6101.651367 1081.183105 1224.668091 5862.828125 1081.182007 1224.668091 5839.993164 1108.591064 1221.793091 6408.978516 542.711609 1281.151001 6147.319824 683.296204 1266.404053 5862.828125 683.296204 1266.404053 5839.993164 542.711609 1281.150024</float_array>
               <technique_common>
                  <accessor count="40" source="#coords_ME_ID186-position-array" stride="3">
                     <param name="X" type="float"/>
                     <param name="Y" type="float"/>
                     <param name="Z" type="float"/>
                  </accessor>
               </technique_common>
            </source>
            <source id="coords_ME_ID186_normal-source-normal" name="normal">
               <float_array id="coords_ME_ID186_normal-normal-array" count="57">-1.00000 0.00000 0.00000  0.00000 0.18029 -0.98361  0.00000 0.18029 -0.98361  -0.00000 0.18030 -0.98361  0.00000 0.18029 -0.98361  0.00000 0.18028 -0.98361  -0.00000 -0.10432 -0.99454  0.00000 -0.10432 -0.99454  -0.00000 -0.10432 -0.99454  -0.00000 -0.10430 -0.99455  0.00000 -0.10433 -0.99454  0.00000 -0.10432 -0.99454  0.00001 -0.10432 -0.99454  0.00000 -0.10432 -0.99454  0.00000 -0.10432 -0.99454  0.00000 -0.10432 -0.99454  -0.00000 -0.10432 -0.99454  0.00000 -0.10432 -0.99454  0.00002 -0.10432 -0.99454 </float_array>
               <technique_common>
                  <accessor count="19" source="#coords_ME_ID186_normal-normal-array" stride="3">
                     <param name="X" type="float"/>
                     <param name="Y" type="float"/>
                     <param name="Z" type="float"/>
                  </accessor>
               </technique_common>
            </source>
            <vertices id="verts">
               <input semantic="POSITION" source="#coords_ME_ID186-source-position"/>
            </vertices>
            <triangles count="20" material="MA_Windows">
               <input offset="0" semantic="VERTEX" source="#verts"/>
               <input offset="1"
                      semantic="NORMAL"
                      source="#coords_ME_ID186_normal-source-normal"/>
               <p>8 0 9 0 10 0 11 1 12 1 9 1 9 2 12 2 10 2 12 3 13 3 10 3 13 4 14 4 10 4 15 5 10 5 14 5 28 6 29 6 30 6 29 7 31 7 30 7 32 8 33 8 31 8 31 9 33 9 30 9 33 10 34 10 30 10 35 11 30 11 34 11 30 12 36 12 28 12 28 13 36 13 37 13 31 14 37 14 32 14 37 15 36 15 32 15 32 13 36 13 38 13 34 16 38 16 35 16 36 17 39 17 38 17 35 18 38 18 39 18 </p>
            </triangles>
         </mesh>
      </geometry>
      <geometry id="coords_ME_ID186_MA_Doors-geometry" name="coords_ME_ID186">
         <mesh>
            <source id="coords_ME_ID186-source-position" name="position">
               <float_array id="coords_ME_ID186-position-array" count="120">5839.993164 360.728027 1247.795044 6408.978516 542.711609 1281.151001 5839.993164 542.711609 1281.150024 5839.993164 253.225693 1228.091064 5839.993164 152.123703 1209.559082 6408.978516 253.225693 1228.091064 6408.978516 152.123703 1209.559937 6408.978516 360.728027 1247.795044 6408.978516 360.728027 1247.795044 6408.978516 253.225693 1228.091064 6408.978516 542.711609 1281.151001 6408.978516 152.123703 1209.559937 5839.993164 152.123703 1209.559082 5839.993164 253.225693 1228.091064 5839.993164 360.728027 1247.795044 5839.993164 542.711609 1281.150024 5839.993164 542.711609 1281.150024 5862.828125 683.296204 1266.404053 5839.993164 1108.591064 1221.793091 6408.978516 542.711609 1281.151001 5862.828125 1081.182007 1224.668091 6101.651367 683.296204 1266.404053 6147.319824 683.296204 1266.404053 6147.319824 1081.182007 1224.668091 6386.143066 683.296204 1266.404053 6408.978516 1108.591064 1221.793091 6101.651367 1081.183105 1224.668091 6386.143066 1081.183105 1224.668091 6386.143066 683.296204 1266.404053 6386.143066 1081.183105 1224.668091 6408.978516 1108.591064 1221.793091 6147.319824 1081.182007 1224.668091 6101.651367 683.296204 1266.404053 6101.651367 1081.183105 1224.668091 5862.828125 1081.182007 1224.668091 5839.993164 1108.591064 1221.793091 6408.978516 542.711609 1281.151001 6147.319824 683.296204 1266.404053 5862.828125 683.296204 1266.404053 5839.993164 542.711609 1281.150024</float_array>
               <technique_common>
                  <accessor count="40" source="#coords_ME_ID186-position-array" stride="3">
                     <param name="X" type="float"/>
                     <param name="Y" type="float"/>
                     <param name="Z" type="float"/>
                  </accessor>
               </technique_common>
            </source>
            <source id="coords_ME_ID186_normal-source-normal" name="normal">
               <float_array id="coords_ME_ID186_normal-normal-array" count="57">-0.00000 -0.18028 0.98361  -0.00000 -0.18029 0.98361  0.00000 -0.18030 0.98361  -0.00000 -0.18029 0.98361  -0.00000 -0.18029 0.98361  1.00000 0.00000 0.00000  -0.00002 0.10432 0.99454  -0.00000 0.10432 0.99454  0.00000 0.10432 0.99454  0.00000 0.10432 0.99454  0.00000 0.10432 0.99454  0.00000 0.10432 0.99454  -0.00001 0.10432 0.99454  0.00000 0.10432 0.99454  -0.00000 0.10433 0.99454  0.00000 0.10430 0.99455  0.00000 0.10432 0.99454  -0.00000 0.10432 0.99454  0.00000 0.10432 0.99454 </float_array>
               <technique_common>
                  <accessor count="19" source="#coords_ME_ID186_normal-normal-array" stride="3">
                     <param name="X" type="float"/>
                     <param name="Y" type="float"/>
                     <param name="Z" type="float"/>
                  </accessor>
               </technique_common>
            </source>
            <vertices id="verts">
               <input semantic="POSITION" source="#coords_ME_ID186-source-position"/>
            </vertices>
            <triangles count="20" material="MA_Doors">
               <input offset="0" semantic="VERTEX" source="#verts"/>
               <input offset="1"
                      semantic="NORMAL"
                      source="#coords_ME_ID186_normal-source-normal"/>
               <p>0 0 1 0 2 0 1 1 0 1 3 1 1 2 3 2 4 2 1 3 4 3 5 3 5 4 4 4 6 4 1 5 5 5 7 5 16 6 17 6 18 6 17 7 16 7 19 7 18 8 17 8 20 8 17 9 19 9 21 9 21 10 19 10 22 10 21 11 22 11 23 11 22 9 19 9 24 9 24 12 19 12 25 12 20 13 25 13 18 13 25 14 20 14 26 14 25 15 26 15 23 15 23 16 26 16 21 16 25 17 23 17 27 17 25 18 27 18 24 18 </p>
            </triangles>
         </mesh>
      </geometry>
      <geometry id="coords_ME_ID180_MA_Windows-geometry" name="coords_ME_ID180">
         <mesh>
            <source id="coords_ME_ID180-source-position" name="position">
               <float_array id="coords_ME_ID180-position-array" count="24">4083.729248 360.728027 33.355888 2894.233154 253.225693 53.060020 2894.233154 360.728027 33.355881 4083.729248 253.225693 53.060009 4083.729248 253.225693 53.060009 4083.729248 360.728027 33.355888 2894.233154 253.225693 53.060020 2894.233154 360.728027 33.355881</float_array>
               <technique_common>
                  <accessor count="8" source="#coords_ME_ID180-position-array" stride="3">
                     <param name="X" type="float"/>
                     <param name="Y" type="float"/>
                     <param name="Z" type="float"/>
                  </accessor>
               </technique_common>
            </source>
            <source id="coords_ME_ID180_normal-source-normal" name="normal">
               <float_array id="coords_ME_ID180_normal-normal-array" count="6">0.00000 0.18029 0.98361  -0.00000 0.18029 0.98361 </float_array>
               <technique_common>
                  <accessor count="2" source="#coords_ME_ID180_normal-normal-array" stride="3">
                     <param name="X" type="float"/>
                     <param name="Y" type="float"/>
                     <param name="Z" type="float"/>
                  </accessor>
               </technique_common>
            </source>
            <vertices id="verts">
               <input semantic="POSITION" source="#coords_ME_ID180-source-position"/>
            </vertices>
            <triangles count="2" material="MA_Windows">
               <input offset="0" semantic="VERTEX" source="#verts"/>
               <input offset="1"
                      semantic="NORMAL"
                      source="#coords_ME_ID180_normal-source-normal"/>
               <p>4 0 5 0 6 0 7 1 6 1 5 1 </p>
            </triangles>
         </mesh>
      </geometry>
      <geometry id="coords_ME_ID180_MA_Sub_car_part_3-geometry" name="coords_ME_ID180">
         <mesh>
            <source id="coords_ME_ID180-source-position" name="position">
               <float_array id="coords_ME_ID180-position-array" count="24">4083.729248 360.728027 33.355888 2894.233154 253.225693 53.060020 2894.233154 360.728027 33.355881 4083.729248 253.225693 53.060009 4083.729248 253.225693 53.060009 4083.729248 360.728027 33.355888 2894.233154 253.225693 53.060020 2894.233154 360.728027 33.355881</float_array>
               <technique_common>
                  <accessor count="8" source="#coords_ME_ID180-position-array" stride="3">
                     <param name="X" type="float"/>
                     <param name="Y" type="float"/>
                     <param name="Z" type="float"/>
                  </accessor>
               </technique_common>
            </source>
            <source id="coords_ME_ID180_normal-source-normal" name="normal">
               <float_array id="coords_ME_ID180_normal-normal-array" count="6">0.00000 -0.18029 -0.98361  -0.00000 -0.18029 -0.98361 </float_array>
               <technique_common>
                  <accessor count="2" source="#coords_ME_ID180_normal-normal-array" stride="3">
                     <param name="X" type="float"/>
                     <param name="Y" type="float"/>
                     <param name="Z" type="float"/>
                  </accessor>
               </technique_common>
            </source>
            <vertices id="verts">
               <input semantic="POSITION" source="#coords_ME_ID180-source-position"/>
            </vertices>
            <triangles count="2" material="MA_Sub_car_part_3">
               <input offset="0" semantic="VERTEX" source="#verts"/>
               <input offset="1"
                      semantic="NORMAL"
                      source="#coords_ME_ID180_normal-source-normal"/>
               <p>0 0 1 0 2 0 1 1 0 1 3 1 </p>
            </triangles>
         </mesh>
      </geometry>
      <geometry id="coords_ME_ID174_MA_Sub_car_part_1-geometry" name="coords_ME_ID174">
         <mesh>
            <source id="coords_ME_ID174-source-position" name="position">
               <float_array id="coords_ME_ID174-position-array" count="24">1137.968994 152.123703 1209.559082 2325.249023 253.225693 1228.089966 1137.968994 253.225693 1228.089966 2325.249023 152.123703 1209.559082 2325.249023 152.123703 1209.559082 1137.968994 152.123703 1209.559082 2325.249023 253.225693 1228.089966 1137.968994 253.225693 1228.089966</float_array>
               <technique_common>
                  <accessor count="8" source="#coords_ME_ID174-position-array" stride="3">
                     <param name="X" type="float"/>
                     <param name="Y" type="float"/>
                     <param name="Z" type="float"/>
                  </accessor>
               </technique_common>
            </source>
            <source id="coords_ME_ID174_normal-source-normal" name="normal">
               <float_array id="coords_ME_ID174_normal-normal-array" count="3">0.00000 -0.18029 0.98361 </float_array>
               <technique_common>
                  <accessor count="1" source="#coords_ME_ID174_normal-normal-array" stride="3">
                     <param name="X" type="float"/>
                     <param name="Y" type="float"/>
                     <param name="Z" type="float"/>
                  </accessor>
               </technique_common>
            </source>
            <vertices id="verts">
               <input semantic="POSITION" source="#coords_ME_ID174-source-position"/>
            </vertices>
            <triangles count="2" material="MA_Sub_car_part_1">
               <input offset="0" semantic="VERTEX" source="#verts"/>
               <input offset="1"
                      semantic="NORMAL"
                      source="#coords_ME_ID174_normal-source-normal"/>
               <p>0 0 1 0 2 0 1 0 0 0 3 0 </p>
            </triangles>
         </mesh>
      </geometry>
      <geometry id="coords_ME_ID174_MA_Windows-geometry" name="coords_ME_ID174">
         <mesh>
            <source id="coords_ME_ID174-source-position" name="position">
               <float_array id="coords_ME_ID174-position-array" count="24">1137.968994 152.123703 1209.559082 2325.249023 253.225693 1228.089966 1137.968994 253.225693 1228.089966 2325.249023 152.123703 1209.559082 2325.249023 152.123703 1209.559082 1137.968994 152.123703 1209.559082 2325.249023 253.225693 1228.089966 1137.968994 253.225693 1228.089966</float_array>
               <technique_common>
                  <accessor count="8" source="#coords_ME_ID174-position-array" stride="3">
                     <param name="X" type="float"/>
                     <param name="Y" type="float"/>
                     <param name="Z" type="float"/>
                  </accessor>
               </technique_common>
            </source>
            <source id="coords_ME_ID174_normal-source-normal" name="normal">
               <float_array id="coords_ME_ID174_normal-normal-array" count="3">0.00000 0.18029 -0.98361 </float_array>
               <technique_common>
                  <accessor count="1" source="#coords_ME_ID174_normal-normal-array" stride="3">
                     <param name="X" type="float"/>
                     <param name="Y" type="float"/>
                     <param name="Z" type="float"/>
                  </accessor>
               </technique_common>
            </source>
            <vertices id="verts">
               <input semantic="POSITION" source="#coords_ME_ID174-source-position"/>
            </vertices>
            <triangles count="2" material="MA_Windows">
               <input offset="0" semantic="VERTEX" source="#verts"/>
               <input offset="1"
                      semantic="NORMAL"
                      source="#coords_ME_ID174_normal-source-normal"/>
               <p>4 0 5 0 6 0 7 0 6 0 5 0 </p>
            </triangles>
         </mesh>
      </geometry>
      <geometry id="coords_ME_ID168_MA_Windows-geometry" name="coords_ME_ID168">
         <mesh>
            <source id="coords_ME_ID168-source-position" name="position">
               <float_array id="coords_ME_ID168-position-array" count="24">5794.475098 1108.591064 59.358017 4698.232422 655.887512 11.871619 4698.232422 1108.591064 59.358017 5794.475098 655.887573 11.871659 5794.475098 655.887573 11.871659 5794.475098 1108.591064 59.358017 4698.232422 655.887512 11.871619 4698.232422 1108.591064 59.358017</float_array>
               <technique_common>
                  <accessor count="8" source="#coords_ME_ID168-position-array" stride="3">
                     <param name="X" type="float"/>
                     <param name="Y" type="float"/>
                     <param name="Z" type="float"/>
                  </accessor>
               </technique_common>
            </source>
            <source id="coords_ME_ID168_normal-source-normal" name="normal">
               <float_array id="coords_ME_ID168_normal-normal-array" count="12">0.00000 0.10432 -0.99454  0.00000 0.10432 -0.99454  -0.00000 -0.10432 0.99454  0.00000 -0.10432 0.99454 </float_array>
               <technique_common>
                  <accessor count="4" source="#coords_ME_ID168_normal-normal-array" stride="3">
                     <param name="X" type="float"/>
                     <param name="Y" type="float"/>
                     <param name="Z" type="float"/>
                  </accessor>
               </technique_common>
            </source>
            <vertices id="verts">
               <input semantic="POSITION" source="#coords_ME_ID168-source-position"/>
            </vertices>
            <triangles count="4" material="MA_Windows">
               <input offset="0" semantic="VERTEX" source="#verts"/>
               <input offset="1"
                      semantic="NORMAL"
                      source="#coords_ME_ID168_normal-source-normal"/>
               <p>0 0 1 0 2 0 1 1 0 1 3 1 4 2 5 2 6 2 7 3 6 3 5 3 </p>
            </triangles>
         </mesh>
      </geometry>
      <geometry id="coords_ME_ID162_MA_Windows-geometry" name="coords_ME_ID162">
         <mesh>
            <source id="coords_ME_ID162-source-position" name="position">
               <float_array id="coords_ME_ID162-position-array" count="48">568.984314 360.728027 33.355919 0.000009 253.225693 53.060009 0.000008 360.728027 33.355961 568.984314 253.225693 53.060047 568.984314 253.225693 53.060047 568.984314 360.728027 33.355919 0.000009 253.225693 53.060009 0.000008 360.728027 33.355961 0.000007 360.728027 482.736084 0.000009 253.225693 53.060009 0.000008 253.225693 482.736084 0.000008 360.728027 33.355961 0.000008 360.728027 33.355961 0.000007 360.728027 482.736084 0.000009 253.225693 53.060009 0.000008 253.225693 482.736084</float_array>
               <technique_common>
                  <accessor count="16" source="#coords_ME_ID162-position-array" stride="3">
                     <param name="X" type="float"/>
                     <param name="Y" type="float"/>
                     <param name="Z" type="float"/>
                  </accessor>
               </technique_common>
            </source>
            <source id="coords_ME_ID162_normal-source-normal" name="normal">
               <float_array id="coords_ME_ID162_normal-normal-array" count="12">-0.00000 0.18029 0.98361  0.00000 0.18029 0.98361  1.00000 0.00000 0.00000  1.00000 0.00000 0.00000 </float_array>
               <technique_common>
                  <accessor count="4" source="#coords_ME_ID162_normal-normal-array" stride="3">
                     <param name="X" type="float"/>
                     <param name="Y" type="float"/>
                     <param name="Z" type="float"/>
                  </accessor>
               </technique_common>
            </source>
            <vertices id="verts">
               <input semantic="POSITION" source="#coords_ME_ID162-source-position"/>
            </vertices>
            <triangles count="4" material="MA_Windows">
               <input offset="0" semantic="VERTEX" source="#verts"/>
               <input offset="1"
                      semantic="NORMAL"
                      source="#coords_ME_ID162_normal-source-normal"/>
               <p>4 0 5 0 6 0 7 1 6 1 5 1 12 2 13 2 14 2 15 3 14 3 13 3 </p>
            </triangles>
         </mesh>
      </geometry>
      <geometry id="coords_ME_ID162_MA_Sub_car_part_3-geometry" name="coords_ME_ID162">
         <mesh>
            <source id="coords_ME_ID162-source-position" name="position">
               <float_array id="coords_ME_ID162-position-array" count="48">568.984314 360.728027 33.355919 0.000009 253.225693 53.060009 0.000008 360.728027 33.355961 568.984314 253.225693 53.060047 568.984314 253.225693 53.060047 568.984314 360.728027 33.355919 0.000009 253.225693 53.060009 0.000008 360.728027 33.355961 0.000007 360.728027 482.736084 0.000009 253.225693 53.060009 0.000008 253.225693 482.736084 0.000008 360.728027 33.355961 0.000008 360.728027 33.355961 0.000007 360.728027 482.736084 0.000009 253.225693 53.060009 0.000008 253.225693 482.736084</float_array>
               <technique_common>
                  <accessor count="16" source="#coords_ME_ID162-position-array" stride="3">
                     <param name="X" type="float"/>
                     <param name="Y" type="float"/>
                     <param name="Z" type="float"/>
                  </accessor>
               </technique_common>
            </source>
            <source id="coords_ME_ID162_normal-source-normal" name="normal">
               <float_array id="coords_ME_ID162_normal-normal-array" count="12">-0.00000 -0.18029 -0.98361  0.00000 -0.18029 -0.98361  -1.00000 -0.00000 -0.00000  -1.00000 -0.00000 -0.00000 </float_array>
               <technique_common>
                  <accessor count="4" source="#coords_ME_ID162_normal-normal-array" stride="3">
                     <param name="X" type="float"/>
                     <param name="Y" type="float"/>
                     <param name="Z" type="float"/>
                  </accessor>
               </technique_common>
            </source>
            <vertices id="verts">
               <input semantic="POSITION" source="#coords_ME_ID162-source-position"/>
            </vertices>
            <triangles count="4" material="MA_Sub_car_part_3">
               <input offset="0" semantic="VERTEX" source="#verts"/>
               <input offset="1"
                      semantic="NORMAL"
                      source="#coords_ME_ID162_normal-source-normal"/>
               <p>0 0 1 0 2 0 1 1 0 1 3 1 8 2 9 2 10 2 9 3 8 3 11 3 </p>
            </triangles>
         </mesh>
      </geometry>
      <geometry id="coords_ME_ID156_MA_Windows-geometry" name="coords_ME_ID156">
         <mesh>
            <source id="coords_ME_ID156-source-position" name="position">
               <float_array id="coords_ME_ID156-position-array" count="24">4652.713379 253.225693 1228.091064 5839.993164 360.728027 1247.795044 4652.713379 360.728027 1247.795044 5839.993164 253.225693 1228.091064 5839.993164 253.225693 1228.091064 4652.713379 253.225693 1228.091064 5839.993164 360.728027 1247.795044 4652.713379 360.728027 1247.795044</float_array>
               <technique_common>
                  <accessor count="8" source="#coords_ME_ID156-position-array" stride="3">
                     <param name="X" type="float"/>
                     <param name="Y" type="float"/>
                     <param name="Z" type="float"/>
                  </accessor>
               </technique_common>
            </source>
            <source id="coords_ME_ID156_normal-source-normal" name="normal">
               <float_array id="coords_ME_ID156_normal-normal-array" count="3">0.00000 0.18029 -0.98361 </float_array>
               <technique_common>
                  <accessor count="1" source="#coords_ME_ID156_normal-normal-array" stride="3">
                     <param name="X" type="float"/>
                     <param name="Y" type="float"/>
                     <param name="Z" type="float"/>
                  </accessor>
               </technique_common>
            </source>
            <vertices id="verts">
               <input semantic="POSITION" source="#coords_ME_ID156-source-position"/>
            </vertices>
            <triangles count="2" material="MA_Windows">
               <input offset="0" semantic="VERTEX" source="#verts"/>
               <input offset="1"
                      semantic="NORMAL"
                      source="#coords_ME_ID156_normal-source-normal"/>
               <p>4 0 5 0 6 0 7 0 6 0 5 0 </p>
            </triangles>
         </mesh>
      </geometry>
      <geometry id="coords_ME_ID156_MA_Sub_car_part_3-geometry" name="coords_ME_ID156">
         <mesh>
            <source id="coords_ME_ID156-source-position" name="position">
               <float_array id="coords_ME_ID156-position-array" count="24">4652.713379 253.225693 1228.091064 5839.993164 360.728027 1247.795044 4652.713379 360.728027 1247.795044 5839.993164 253.225693 1228.091064 5839.993164 253.225693 1228.091064 4652.713379 253.225693 1228.091064 5839.993164 360.728027 1247.795044 4652.713379 360.728027 1247.795044</float_array>
               <technique_common>
                  <accessor count="8" source="#coords_ME_ID156-position-array" stride="3">
                     <param name="X" type="float"/>
                     <param name="Y" type="float"/>
                     <param name="Z" type="float"/>
                  </accessor>
               </technique_common>
            </source>
            <source id="coords_ME_ID156_normal-source-normal" name="normal">
               <float_array id="coords_ME_ID156_normal-normal-array" count="3">0.00000 -0.18029 0.98361 </float_array>
               <technique_common>
                  <accessor count="1" source="#coords_ME_ID156_normal-normal-array" stride="3">
                     <param name="X" type="float"/>
                     <param name="Y" type="float"/>
                     <param name="Z" type="float"/>
                  </accessor>
               </technique_common>
            </source>
            <vertices id="verts">
               <input semantic="POSITION" source="#coords_ME_ID156-source-position"/>
            </vertices>
            <triangles count="2" material="MA_Sub_car_part_3">
               <input offset="0" semantic="VERTEX" source="#verts"/>
               <input offset="1"
                      semantic="NORMAL"
                      source="#coords_ME_ID156_normal-source-normal"/>
               <p>0 0 1 0 2 0 1 0 0 0 3 0 </p>
            </triangles>
         </mesh>
      </geometry>
      <geometry id="coords_ME_ID150_MA_Windows-geometry" name="coords_ME_ID150">
         <mesh>
            <source id="coords_ME_ID150-source-position" name="position">
               <float_array id="coords_ME_ID150-position-array" count="24">2279.729980 1108.591064 59.358009 1183.487061 655.887512 11.871610 1183.487061 1108.591064 59.358009 2279.729980 655.887573 11.871650 2279.729980 655.887573 11.871650 2279.729980 1108.591064 59.358009 1183.487061 655.887512 11.871610 1183.487061 1108.591064 59.358009</float_array>
               <technique_common>
                  <accessor count="8" source="#coords_ME_ID150-position-array" stride="3">
                     <param name="X" type="float"/>
                     <param name="Y" type="float"/>
                     <param name="Z" type="float"/>
                  </accessor>
               </technique_common>
            </source>
            <source id="coords_ME_ID150_normal-source-normal" name="normal">
               <float_array id="coords_ME_ID150_normal-normal-array" count="12">0.00000 0.10432 -0.99454  0.00000 0.10432 -0.99454  -0.00000 -0.10432 0.99454  0.00000 -0.10432 0.99454 </float_array>
               <technique_common>
                  <accessor count="4" source="#coords_ME_ID150_normal-normal-array" stride="3">
                     <param name="X" type="float"/>
                     <param name="Y" type="float"/>
                     <param name="Z" type="float"/>
                  </accessor>
               </technique_common>
            </source>
            <vertices id="verts">
               <input semantic="POSITION" source="#coords_ME_ID150-source-position"/>
            </vertices>
            <triangles count="4" material="MA_Windows">
               <input offset="0" semantic="VERTEX" source="#verts"/>
               <input offset="1"
                      semantic="NORMAL"
                      source="#coords_ME_ID150_normal-source-normal"/>
               <p>0 0 1 0 2 0 1 1 0 1 3 1 4 2 5 2 6 2 7 3 6 3 5 3 </p>
            </triangles>
         </mesh>
      </geometry>
      <geometry id="coords_ME_ID144_MA_Windows-geometry" name="coords_ME_ID144">
         <mesh>
            <source id="coords_ME_ID144-source-position" name="position">
               <float_array id="coords_ME_ID144-position-array" count="24">0.000005 542.711609 425.175781 0.000005 1118.315063 101.718094 0.000006 542.710266 41.340080 0.000004 1118.315063 425.175781 0.000004 1118.315063 425.175781 0.000005 542.711609 425.175781 0.000005 1118.315063 101.718094 0.000006 542.710266 41.340080</float_array>
               <technique_common>
                  <accessor count="8" source="#coords_ME_ID144-position-array" stride="3">
                     <param name="X" type="float"/>
                     <param name="Y" type="float"/>
                     <param name="Z" type="float"/>
                  </accessor>
               </technique_common>
            </source>
            <source id="coords_ME_ID144_normal-source-normal" name="normal">
               <float_array id="coords_ME_ID144_normal-normal-array" count="12">-1.00000 -0.00000 -0.00000  -1.00000 -0.00000 -0.00000  1.00000 0.00000 0.00000  1.00000 0.00000 0.00000 </float_array>
               <technique_common>
                  <accessor count="4" source="#coords_ME_ID144_normal-normal-array" stride="3">
                     <param name="X" type="float"/>
                     <param name="Y" type="float"/>
                     <param name="Z" type="float"/>
                  </accessor>
               </technique_common>
            </source>
            <vertices id="verts">
               <input semantic="POSITION" source="#coords_ME_ID144-source-position"/>
            </vertices>
            <triangles count="4" material="MA_Windows">
               <input offset="0" semantic="VERTEX" source="#verts"/>
               <input offset="1"
                      semantic="NORMAL"
                      source="#coords_ME_ID144_normal-source-normal"/>
               <p>0 0 1 0 2 0 1 1 0 1 3 1 4 2 5 2 6 2 7 3 6 3 5 3 </p>
            </triangles>
         </mesh>
      </geometry>
      <geometry id="coords_ME_ID138_MA_Windows-geometry" name="coords_ME_ID138">
         <mesh>
            <source id="coords_ME_ID138-source-position" name="position">
               <float_array id="coords_ME_ID138-position-array" count="24">0.000000 1118.315063 1179.432007 0.000003 542.711609 855.974670 0.000001 542.711487 1239.809937 0.000001 1118.315063 855.974670 0.000001 1118.315063 855.974670 0.000000 1118.315063 1179.432007 0.000003 542.711609 855.974670 0.000001 542.711487 1239.809937</float_array>
               <technique_common>
                  <accessor count="8" source="#coords_ME_ID138-position-array" stride="3">
                     <param name="X" type="float"/>
                     <param name="Y" type="float"/>
                     <param name="Z" type="float"/>
                  </accessor>
               </technique_common>
            </source>
            <source id="coords_ME_ID138_normal-source-normal" name="normal">
               <float_array id="coords_ME_ID138_normal-normal-array" count="12">-1.00000 -0.00000 -0.00000  -1.00000 -0.00000 -0.00000  1.00000 0.00000 0.00000  1.00000 0.00000 0.00000 </float_array>
               <technique_common>
                  <accessor count="4" source="#coords_ME_ID138_normal-normal-array" stride="3">
                     <param name="X" type="float"/>
                     <param name="Y" type="float"/>
                     <param name="Z" type="float"/>
                  </accessor>
               </technique_common>
            </source>
            <vertices id="verts">
               <input semantic="POSITION" source="#coords_ME_ID138-source-position"/>
            </vertices>
            <triangles count="4" material="MA_Windows">
               <input offset="0" semantic="VERTEX" source="#verts"/>
               <input offset="1"
                      semantic="NORMAL"
                      source="#coords_ME_ID138_normal-source-normal"/>
               <p>0 0 1 0 2 0 1 1 0 1 3 1 4 2 5 2 6 2 7 3 6 3 5 3 </p>
            </triangles>
         </mesh>
      </geometry>
      <geometry id="coords_ME_ID132_MA_Windows-geometry" name="coords_ME_ID132">
         <mesh>
            <source id="coords_ME_ID132-source-position" name="position">
               <float_array id="coords_ME_ID132-position-array" count="120">6408.978516 542.711609 0.000010 5839.993164 360.728027 33.355869 5839.993164 542.711609 0.000040 5839.993164 253.225693 53.059998 5839.993164 152.123703 71.591011 6408.978516 253.225693 53.059990 6408.978516 152.123703 71.591011 6408.978516 360.728027 33.355858 6408.978516 360.728027 33.355858 6408.978516 542.711609 0.000010 6408.978516 253.225693 53.059990 6408.978516 152.123703 71.591011 5839.993164 152.123703 71.591011 5839.993164 253.225693 53.059998 5839.993164 360.728027 33.355869 5839.993164 542.711609 0.000040 5839.993164 1108.591064 59.358009 5862.828125 1081.183105 56.482990 5839.993164 542.711609 0.000040 6408.978516 1108.591064 59.358002 6101.651367 1081.183105 56.482990 6147.319824 1081.183105 56.482990 6101.651367 683.296265 14.746730 6386.143066 1081.183105 56.482990 6386.143066 683.296265 14.746719 5862.828125 683.296265 14.746679 6408.978516 542.711609 0.000010 6147.319824 683.296265 14.746679 6408.978516 1108.591064 59.358002 6386.143066 683.296265 14.746719 6408.978516 542.711609 0.000010 6147.319824 683.296265 14.746679 6147.319824 1081.183105 56.482990 6101.651367 683.296265 14.746730 5862.828125 683.296265 14.746679 5862.828125 1081.183105 56.482990 5839.993164 542.711609 0.000040 6386.143066 1081.183105 56.482990 6101.651367 1081.183105 56.482990 5839.993164 1108.591064 59.358009</float_array>
               <technique_common>
                  <accessor count="40" source="#coords_ME_ID132-position-array" stride="3">
                     <param name="X" type="float"/>
                     <param name="Y" type="float"/>
                     <param name="Z" type="float"/>
                  </accessor>
               </technique_common>
            </source>
            <source id="coords_ME_ID132_normal-source-normal" name="normal">
               <float_array id="coords_ME_ID132_normal-normal-array" count="60">-1.00000 0.00000 0.00000  0.00000 0.18029 0.98361  0.00000 0.18029 0.98361  0.00000 0.18029 0.98361  0.00000 0.18029 0.98361  0.00000 0.18029 0.98361  0.00000 -0.10432 0.99454  -0.00000 -0.10432 0.99454  0.00000 -0.10432 0.99454  0.00000 -0.10432 0.99454  -0.00000 -0.10432 0.99454  -0.00000 -0.10432 0.99454  0.00000 -0.10432 0.99454  -0.00000 -0.10432 0.99454  0.00000 -0.10432 0.99454  0.00000 -0.10432 0.99454  0.00000 -0.10432 0.99454  0.00000 -0.10432 0.99454  0.00000 -0.10432 0.99454  0.00000 -0.10432 0.99454 </float_array>
               <technique_common>
                  <accessor count="20" source="#coords_ME_ID132_normal-normal-array" stride="3">
                     <param name="X" type="float"/>
                     <param name="Y" type="float"/>
                     <param name="Z" type="float"/>
                  </accessor>
               </technique_common>
            </source>
            <vertices id="verts">
               <input semantic="POSITION" source="#coords_ME_ID132-source-position"/>
            </vertices>
            <triangles count="20" material="MA_Windows">
               <input offset="0" semantic="VERTEX" source="#verts"/>
               <input offset="1"
                      semantic="NORMAL"
                      source="#coords_ME_ID132_normal-source-normal"/>
               <p>8 0 9 0 10 0 11 1 10 1 12 1 10 2 9 2 12 2 12 3 9 3 13 3 13 4 9 4 14 4 15 5 14 5 9 5 28 6 29 6 30 6 29 7 31 7 30 7 32 8 33 8 31 8 31 9 33 9 30 9 33 10 34 10 30 10 35 11 36 11 34 11 30 12 34 12 36 12 29 13 28 13 37 13 37 14 28 14 32 14 33 15 32 15 38 15 32 16 28 16 38 16 38 17 28 17 35 17 28 18 39 18 35 18 36 19 35 19 39 19 </p>
            </triangles>
         </mesh>
      </geometry>
      <geometry id="coords_ME_ID132_MA_Doors-geometry" name="coords_ME_ID132">
         <mesh>
            <source id="coords_ME_ID132-source-position" name="position">
               <float_array id="coords_ME_ID132-position-array" count="120">6408.978516 542.711609 0.000010 5839.993164 360.728027 33.355869 5839.993164 542.711609 0.000040 5839.993164 253.225693 53.059998 5839.993164 152.123703 71.591011 6408.978516 253.225693 53.059990 6408.978516 152.123703 71.591011 6408.978516 360.728027 33.355858 6408.978516 360.728027 33.355858 6408.978516 542.711609 0.000010 6408.978516 253.225693 53.059990 6408.978516 152.123703 71.591011 5839.993164 152.123703 71.591011 5839.993164 253.225693 53.059998 5839.993164 360.728027 33.355869 5839.993164 542.711609 0.000040 5839.993164 1108.591064 59.358009 5862.828125 1081.183105 56.482990 5839.993164 542.711609 0.000040 6408.978516 1108.591064 59.358002 6101.651367 1081.183105 56.482990 6147.319824 1081.183105 56.482990 6101.651367 683.296265 14.746730 6386.143066 1081.183105 56.482990 6386.143066 683.296265 14.746719 5862.828125 683.296265 14.746679 6408.978516 542.711609 0.000010 6147.319824 683.296265 14.746679 6408.978516 1108.591064 59.358002 6386.143066 683.296265 14.746719 6408.978516 542.711609 0.000010 6147.319824 683.296265 14.746679 6147.319824 1081.183105 56.482990 6101.651367 683.296265 14.746730 5862.828125 683.296265 14.746679 5862.828125 1081.183105 56.482990 5839.993164 542.711609 0.000040 6386.143066 1081.183105 56.482990 6101.651367 1081.183105 56.482990 5839.993164 1108.591064 59.358009</float_array>
               <technique_common>
                  <accessor count="40" source="#coords_ME_ID132-position-array" stride="3">
                     <param name="X" type="float"/>
                     <param name="Y" type="float"/>
                     <param name="Z" type="float"/>
                  </accessor>
               </technique_common>
            </source>
            <source id="coords_ME_ID132_normal-source-normal" name="normal">
               <float_array id="coords_ME_ID132_normal-normal-array" count="60">-0.00000 -0.18029 -0.98361  -0.00000 -0.18029 -0.98361  -0.00000 -0.18029 -0.98361  -0.00000 -0.18029 -0.98361  0.00000 -0.18029 -0.98361  1.00000 0.00000 0.00000  -0.00000 0.10432 -0.99454  -0.00000 0.10432 -0.99454  0.00000 0.10432 -0.99454  0.00000 0.10432 -0.99454  0.00000 0.10432 -0.99454  0.00000 0.10432 -0.99454  0.00000 0.10432 -0.99454  -0.00000 0.10432 -0.99454  0.00000 0.10432 -0.99454  0.00000 0.10432 -0.99454  -0.00000 0.10432 -0.99454  -0.00000 0.10432 -0.99454  0.00000 0.10432 -0.99454  -0.00000 0.10432 -0.99454 </float_array>
               <technique_common>
                  <accessor count="20" source="#coords_ME_ID132_normal-normal-array" stride="3">
                     <param name="X" type="float"/>
                     <param name="Y" type="float"/>
                     <param name="Z" type="float"/>
                  </accessor>
               </technique_common>
            </source>
            <vertices id="verts">
               <input semantic="POSITION" source="#coords_ME_ID132-source-position"/>
            </vertices>
            <triangles count="20" material="MA_Doors">
               <input offset="0" semantic="VERTEX" source="#verts"/>
               <input offset="1"
                      semantic="NORMAL"
                      source="#coords_ME_ID132_normal-source-normal"/>
               <p>0 0 1 0 2 0 1 1 0 1 3 1 3 2 0 2 4 2 4 3 0 3 5 3 4 4 5 4 6 4 5 5 0 5 7 5 16 6 17 6 18 6 17 7 16 7 19 7 17 8 19 8 20 8 20 9 19 9 21 9 20 10 21 10 22 10 21 11 19 11 23 11 23 12 19 12 24 12 18 13 25 13 26 13 25 14 18 14 17 14 26 15 25 15 22 15 26 16 22 16 27 16 27 17 22 17 21 17 26 18 27 18 24 18 26 19 24 19 19 19 </p>
            </triangles>
         </mesh>
      </geometry>
      <geometry id="coords_ME_ID126_MA_Windows-geometry" name="coords_ME_ID126">
         <mesh>
            <source id="coords_ME_ID126-source-position" name="position">
               <float_array id="coords_ME_ID126-position-array" count="24">1183.487061 655.887512 1269.279053 2279.729980 1108.591064 1221.793091 1183.487061 1108.591064 1221.793091 2279.729980 655.887573 1269.279053 2279.729980 655.887573 1269.279053 1183.487061 655.887512 1269.279053 2279.729980 1108.591064 1221.793091 1183.487061 1108.591064 1221.793091</float_array>
               <technique_common>
                  <accessor count="8" source="#coords_ME_ID126-position-array" stride="3">
                     <param name="X" type="float"/>
                     <param name="Y" type="float"/>
                     <param name="Z" type="float"/>
                  </accessor>
               </technique_common>
            </source>
            <source id="coords_ME_ID126_normal-source-normal" name="normal">
               <float_array id="coords_ME_ID126_normal-normal-array" count="12">0.00000 0.10432 0.99454  -0.00000 0.10432 0.99454  0.00000 -0.10432 -0.99454  0.00000 -0.10432 -0.99454 </float_array>
               <technique_common>
                  <accessor count="4" source="#coords_ME_ID126_normal-normal-array" stride="3">
                     <param name="X" type="float"/>
                     <param name="Y" type="float"/>
                     <param name="Z" type="float"/>
                  </accessor>
               </technique_common>
            </source>
            <vertices id="verts">
               <input semantic="POSITION" source="#coords_ME_ID126-source-position"/>
            </vertices>
            <triangles count="4" material="MA_Windows">
               <input offset="0" semantic="VERTEX" source="#verts"/>
               <input offset="1"
                      semantic="NORMAL"
                      source="#coords_ME_ID126_normal-source-normal"/>
               <p>0 0 1 0 2 0 1 1 0 1 3 1 4 2 5 2 6 2 7 3 6 3 5 3 </p>
            </triangles>
         </mesh>
      </geometry>
      <geometry id="coords_ME_ID120_MA_Sub_car_part_1-geometry" name="coords_ME_ID120">
         <mesh>
            <source id="coords_ME_ID120-source-position" name="position">
               <float_array id="coords_ME_ID120-position-array" count="24">4652.713379 152.123703 1209.559082 5839.993164 253.225693 1228.091064 4652.713379 253.225693 1228.091064 5839.993164 152.123703 1209.559082 5839.993164 152.123703 1209.559082 4652.713379 152.123703 1209.559082 5839.993164 253.225693 1228.091064 4652.713379 253.225693 1228.091064</float_array>
               <technique_common>
                  <accessor count="8" source="#coords_ME_ID120-position-array" stride="3">
                     <param name="X" type="float"/>
                     <param name="Y" type="float"/>
                     <param name="Z" type="float"/>
                  </accessor>
               </technique_common>
            </source>
            <source id="coords_ME_ID120_normal-source-normal" name="normal">
               <float_array id="coords_ME_ID120_normal-normal-array" count="3">0.00000 -0.18030 0.98361 </float_array>
               <technique_common>
                  <accessor count="1" source="#coords_ME_ID120_normal-normal-array" stride="3">
                     <param name="X" type="float"/>
                     <param name="Y" type="float"/>
                     <param name="Z" type="float"/>
                  </accessor>
               </technique_common>
            </source>
            <vertices id="verts">
               <input semantic="POSITION" source="#coords_ME_ID120-source-position"/>
            </vertices>
            <triangles count="2" material="MA_Sub_car_part_1">
               <input offset="0" semantic="VERTEX" source="#verts"/>
               <input offset="1"
                      semantic="NORMAL"
                      source="#coords_ME_ID120_normal-source-normal"/>
               <p>0 0 1 0 2 0 1 0 0 0 3 0 </p>
            </triangles>
         </mesh>
      </geometry>
      <geometry id="coords_ME_ID120_MA_Windows-geometry" name="coords_ME_ID120">
         <mesh>
            <source id="coords_ME_ID120-source-position" name="position">
               <float_array id="coords_ME_ID120-position-array" count="24">4652.713379 152.123703 1209.559082 5839.993164 253.225693 1228.091064 4652.713379 253.225693 1228.091064 5839.993164 152.123703 1209.559082 5839.993164 152.123703 1209.559082 4652.713379 152.123703 1209.559082 5839.993164 253.225693 1228.091064 4652.713379 253.225693 1228.091064</float_array>
               <technique_common>
                  <accessor count="8" source="#coords_ME_ID120-position-array" stride="3">
                     <param name="X" type="float"/>
                     <param name="Y" type="float"/>
                     <param name="Z" type="float"/>
                  </accessor>
               </technique_common>
            </source>
            <source id="coords_ME_ID120_normal-source-normal" name="normal">
               <float_array id="coords_ME_ID120_normal-normal-array" count="3">0.00000 0.18030 -0.98361 </float_array>
               <technique_common>
                  <accessor count="1" source="#coords_ME_ID120_normal-normal-array" stride="3">
                     <param name="X" type="float"/>
                     <param name="Y" type="float"/>
                     <param name="Z" type="float"/>
                  </accessor>
               </technique_common>
            </source>
            <vertices id="verts">
               <input semantic="POSITION" source="#coords_ME_ID120-source-position"/>
            </vertices>
            <triangles count="2" material="MA_Windows">
               <input offset="0" semantic="VERTEX" source="#verts"/>
               <input offset="1"
                      semantic="NORMAL"
                      source="#coords_ME_ID120_normal-source-normal"/>
               <p>4 0 5 0 6 0 7 0 6 0 5 0 </p>
            </triangles>
         </mesh>
      </geometry>
      <geometry id="coords_ME_ID114_MA_Sub_car_part_1-geometry" name="coords_ME_ID114">
         <mesh>
            <source id="coords_ME_ID114-source-position" name="position">
               <float_array id="coords_ME_ID114-position-array" count="24">2894.233154 152.123703 1209.559082 4083.729248 253.225693 1228.089966 2894.233154 253.225693 1228.089966 4083.729248 152.123703 1209.559082 4083.729248 152.123703 1209.559082 2894.233154 152.123703 1209.559082 4083.729248 253.225693 1228.089966 2894.233154 253.225693 1228.089966</float_array>
               <technique_common>
                  <accessor count="8" source="#coords_ME_ID114-position-array" stride="3">
                     <param name="X" type="float"/>
                     <param name="Y" type="float"/>
                     <param name="Z" type="float"/>
                  </accessor>
               </technique_common>
            </source>
            <source id="coords_ME_ID114_normal-source-normal" name="normal">
               <float_array id="coords_ME_ID114_normal-normal-array" count="3">0.00000 -0.18029 0.98361 </float_array>
               <technique_common>
                  <accessor count="1" source="#coords_ME_ID114_normal-normal-array" stride="3">
                     <param name="X" type="float"/>
                     <param name="Y" type="float"/>
                     <param name="Z" type="float"/>
                  </accessor>
               </technique_common>
            </source>
            <vertices id="verts">
               <input semantic="POSITION" source="#coords_ME_ID114-source-position"/>
            </vertices>
            <triangles count="2" material="MA_Sub_car_part_1">
               <input offset="0" semantic="VERTEX" source="#verts"/>
               <input offset="1"
                      semantic="NORMAL"
                      source="#coords_ME_ID114_normal-source-normal"/>
               <p>0 0 1 0 2 0 1 0 0 0 3 0 </p>
            </triangles>
         </mesh>
      </geometry>
      <geometry id="coords_ME_ID114_MA_Windows-geometry" name="coords_ME_ID114">
         <mesh>
            <source id="coords_ME_ID114-source-position" name="position">
               <float_array id="coords_ME_ID114-position-array" count="24">2894.233154 152.123703 1209.559082 4083.729248 253.225693 1228.089966 2894.233154 253.225693 1228.089966 4083.729248 152.123703 1209.559082 4083.729248 152.123703 1209.559082 2894.233154 152.123703 1209.559082 4083.729248 253.225693 1228.089966 2894.233154 253.225693 1228.089966</float_array>
               <technique_common>
                  <accessor count="8" source="#coords_ME_ID114-position-array" stride="3">
                     <param name="X" type="float"/>
                     <param name="Y" type="float"/>
                     <param name="Z" type="float"/>
                  </accessor>
               </technique_common>
            </source>
            <source id="coords_ME_ID114_normal-source-normal" name="normal">
               <float_array id="coords_ME_ID114_normal-normal-array" count="3">0.00000 0.18029 -0.98361 </float_array>
               <technique_common>
                  <accessor count="1" source="#coords_ME_ID114_normal-normal-array" stride="3">
                     <param name="X" type="float"/>
                     <param name="Y" type="float"/>
                     <param name="Z" type="float"/>
                  </accessor>
               </technique_common>
            </source>
            <vertices id="verts">
               <input semantic="POSITION" source="#coords_ME_ID114-source-position"/>
            </vertices>
            <triangles count="2" material="MA_Windows">
               <input offset="0" semantic="VERTEX" source="#verts"/>
               <input offset="1"
                      semantic="NORMAL"
                      source="#coords_ME_ID114_normal-source-normal"/>
               <p>4 0 5 0 6 0 7 0 6 0 5 0 </p>
            </triangles>
         </mesh>
      </geometry>
      <geometry id="coords_ME_ID108_MA_Windows-geometry" name="coords_ME_ID108">
         <mesh>
            <source id="coords_ME_ID108-source-position" name="position">
               <float_array id="coords_ME_ID108-position-array" count="48">0.000009 253.225693 1228.091064 568.984314 360.728027 1247.795044 0.000008 360.728027 1247.795044 568.984314 253.225693 1228.089966 568.984314 253.225693 1228.089966 0.000009 253.225693 1228.091064 568.984314 360.728027 1247.795044 0.000008 360.728027 1247.795044 0.000008 360.728027 1247.795044 0.000009 253.225693 798.414368 0.000009 253.225693 1228.091064 0.000008 360.728027 798.414368 0.000008 360.728027 798.414368 0.000008 360.728027 1247.795044 0.000009 253.225693 798.414368 0.000009 253.225693 1228.091064</float_array>
               <technique_common>
                  <accessor count="16" source="#coords_ME_ID108-position-array" stride="3">
                     <param name="X" type="float"/>
                     <param name="Y" type="float"/>
                     <param name="Z" type="float"/>
                  </accessor>
               </technique_common>
            </source>
            <source id="coords_ME_ID108_normal-source-normal" name="normal">
               <float_array id="coords_ME_ID108_normal-normal-array" count="12">-0.00000 0.18030 -0.98361  0.00000 0.18029 -0.98361  1.00000 0.00000 0.00000  1.00000 0.00000 0.00000 </float_array>
               <technique_common>
                  <accessor count="4" source="#coords_ME_ID108_normal-normal-array" stride="3">
                     <param name="X" type="float"/>
                     <param name="Y" type="float"/>
                     <param name="Z" type="float"/>
                  </accessor>
               </technique_common>
            </source>
            <vertices id="verts">
               <input semantic="POSITION" source="#coords_ME_ID108-source-position"/>
            </vertices>
            <triangles count="4" material="MA_Windows">
               <input offset="0" semantic="VERTEX" source="#verts"/>
               <input offset="1"
                      semantic="NORMAL"
                      source="#coords_ME_ID108_normal-source-normal"/>
               <p>4 0 5 0 6 0 7 1 6 1 5 1 12 2 13 2 14 2 15 3 14 3 13 3 </p>
            </triangles>
         </mesh>
      </geometry>
      <geometry id="coords_ME_ID108_MA_Sub_car_part_3-geometry" name="coords_ME_ID108">
         <mesh>
            <source id="coords_ME_ID108-source-position" name="position">
               <float_array id="coords_ME_ID108-position-array" count="48">0.000009 253.225693 1228.091064 568.984314 360.728027 1247.795044 0.000008 360.728027 1247.795044 568.984314 253.225693 1228.089966 568.984314 253.225693 1228.089966 0.000009 253.225693 1228.091064 568.984314 360.728027 1247.795044 0.000008 360.728027 1247.795044 0.000008 360.728027 1247.795044 0.000009 253.225693 798.414368 0.000009 253.225693 1228.091064 0.000008 360.728027 798.414368 0.000008 360.728027 798.414368 0.000008 360.728027 1247.795044 0.000009 253.225693 798.414368 0.000009 253.225693 1228.091064</float_array>
               <technique_common>
                  <accessor count="16" source="#coords_ME_ID108-position-array" stride="3">
                     <param name="X" type="float"/>
                     <param name="Y" type="float"/>
                     <param name="Z" type="float"/>
                  </accessor>
               </technique_common>
            </source>
            <source id="coords_ME_ID108_normal-source-normal" name="normal">
               <float_array id="coords_ME_ID108_normal-normal-array" count="12">0.00000 -0.18029 0.98361  0.00000 -0.18030 0.98361  -1.00000 -0.00000 0.00000  -1.00000 -0.00000 0.00000 </float_array>
               <technique_common>
                  <accessor count="4" source="#coords_ME_ID108_normal-normal-array" stride="3">
                     <param name="X" type="float"/>
                     <param name="Y" type="float"/>
                     <param name="Z" type="float"/>
                  </accessor>
               </technique_common>
            </source>
            <vertices id="verts">
               <input semantic="POSITION" source="#coords_ME_ID108-source-position"/>
            </vertices>
            <triangles count="4" material="MA_Sub_car_part_3">
               <input offset="0" semantic="VERTEX" source="#verts"/>
               <input offset="1"
                      semantic="NORMAL"
                      source="#coords_ME_ID108_normal-source-normal"/>
               <p>0 0 1 0 2 0 1 1 0 1 3 1 8 2 9 2 10 2 9 3 8 3 11 3 </p>
            </triangles>
         </mesh>
      </geometry>
      <geometry id="coords_ME_ID102_MA_Windows-geometry" name="coords_ME_ID102">
         <mesh>
            <source id="coords_ME_ID102-source-position" name="position">
               <float_array id="coords_ME_ID102-position-array" count="120">1137.968994 542.711609 0.000058 568.984314 360.728027 33.355919 568.984314 542.711609 0.000088 568.984314 253.225693 53.060047 568.984314 152.123703 71.591057 1137.968994 253.225693 53.060040 1137.968994 152.123703 71.591049 1137.968994 360.728027 33.355907 1137.968994 360.728027 33.355907 1137.968994 542.711609 0.000058 1137.968994 253.225693 53.060040 1137.968994 152.123703 71.591049 568.984314 152.123703 71.591057 568.984314 253.225693 53.060047 568.984314 360.728027 33.355919 568.984314 542.711609 0.000088 568.984314 1108.591064 59.358059 591.818909 1081.183105 56.483017 568.984314 542.711609 0.000088 1137.968994 1108.591064 59.358047 830.641602 1081.183105 56.483017 876.310852 1081.182007 56.483028 830.641663 683.296265 14.746730 1115.134033 1081.183105 56.483009 1115.134033 683.296387 14.746739 591.819031 683.296204 14.746710 1137.968994 542.711609 0.000058 876.311035 683.296265 14.746739 1137.968994 1108.591064 59.358047 1115.134033 683.296387 14.746739 1137.968994 542.711609 0.000058 876.311035 683.296265 14.746739 876.310852 1081.182007 56.483028 830.641663 683.296265 14.746730 591.819031 683.296204 14.746710 591.818909 1081.183105 56.483017 568.984314 542.711609 0.000088 1115.134033 1081.183105 56.483009 830.641602 1081.183105 56.483017 568.984314 1108.591064 59.358059</float_array>
               <technique_common>
                  <accessor count="40" source="#coords_ME_ID102-position-array" stride="3">
                     <param name="X" type="float"/>
                     <param name="Y" type="float"/>
                     <param name="Z" type="float"/>
                  </accessor>
               </technique_common>
            </source>
            <source id="coords_ME_ID102_normal-source-normal" name="normal">
               <float_array id="coords_ME_ID102_normal-normal-array" count="60">-1.00000 0.00000 0.00000  0.00000 0.18029 0.98361  -0.00000 0.18029 0.98361  0.00000 0.18029 0.98361  0.00000 0.18029 0.98361  0.00000 0.18029 0.98361  0.00000 -0.10432 0.99454  0.00000 -0.10432 0.99454  -0.00000 -0.10432 0.99454  -0.00000 -0.10432 0.99454  -0.00000 -0.10432 0.99454  -0.00000 -0.10432 0.99454  0.00000 -0.10432 0.99454  -0.00000 -0.10432 0.99454  0.00000 -0.10433 0.99454  -0.00000 -0.10432 0.99454  -0.00000 -0.10429 0.99455  0.00000 -0.10433 0.99454  0.00000 -0.10433 0.99454  0.00000 -0.10432 0.99454 </float_array>
               <technique_common>
                  <accessor count="20" source="#coords_ME_ID102_normal-normal-array" stride="3">
                     <param name="X" type="float"/>
                     <param name="Y" type="float"/>
                     <param name="Z" type="float"/>
                  </accessor>
               </technique_common>
            </source>
            <vertices id="verts">
               <input semantic="POSITION" source="#coords_ME_ID102-source-position"/>
            </vertices>
            <triangles count="20" material="MA_Windows">
               <input offset="0" semantic="VERTEX" source="#verts"/>
               <input offset="1"
                      semantic="NORMAL"
                      source="#coords_ME_ID102_normal-source-normal"/>
               <p>8 0 9 0 10 0 11 1 10 1 12 1 10 2 9 2 12 2 12 3 9 3 13 3 13 4 9 4 14 4 15 5 14 5 9 5 28 6 29 6 30 6 29 7 31 7 30 7 32 8 33 8 31 8 31 9 33 9 30 9 33 10 34 10 30 10 35 11 36 11 34 11 30 12 34 12 36 12 29 13 28 13 37 13 37 14 28 14 32 14 33 15 32 15 38 15 32 16 28 16 38 16 38 17 28 17 35 17 28 18 39 18 35 18 36 19 35 19 39 19 </p>
            </triangles>
         </mesh>
      </geometry>
      <geometry id="coords_ME_ID102_MA_Doors-geometry" name="coords_ME_ID102">
         <mesh>
            <source id="coords_ME_ID102-source-position" name="position">
               <float_array id="coords_ME_ID102-position-array" count="120">1137.968994 542.711609 0.000058 568.984314 360.728027 33.355919 568.984314 542.711609 0.000088 568.984314 253.225693 53.060047 568.984314 152.123703 71.591057 1137.968994 253.225693 53.060040 1137.968994 152.123703 71.591049 1137.968994 360.728027 33.355907 1137.968994 360.728027 33.355907 1137.968994 542.711609 0.000058 1137.968994 253.225693 53.060040 1137.968994 152.123703 71.591049 568.984314 152.123703 71.591057 568.984314 253.225693 53.060047 568.984314 360.728027 33.355919 568.984314 542.711609 0.000088 568.984314 1108.591064 59.358059 591.818909 1081.183105 56.483017 568.984314 542.711609 0.000088 1137.968994 1108.591064 59.358047 830.641602 1081.183105 56.483017 876.310852 1081.182007 56.483028 830.641663 683.296265 14.746730 1115.134033 1081.183105 56.483009 1115.134033 683.296387 14.746739 591.819031 683.296204 14.746710 1137.968994 542.711609 0.000058 876.311035 683.296265 14.746739 1137.968994 1108.591064 59.358047 1115.134033 683.296387 14.746739 1137.968994 542.711609 0.000058 876.311035 683.296265 14.746739 876.310852 1081.182007 56.483028 830.641663 683.296265 14.746730 591.819031 683.296204 14.746710 591.818909 1081.183105 56.483017 568.984314 542.711609 0.000088 1115.134033 1081.183105 56.483009 830.641602 1081.183105 56.483017 568.984314 1108.591064 59.358059</float_array>
               <technique_common>
                  <accessor count="40" source="#coords_ME_ID102-position-array" stride="3">
                     <param name="X" type="float"/>
                     <param name="Y" type="float"/>
                     <param name="Z" type="float"/>
                  </accessor>
               </technique_common>
            </source>
            <source id="coords_ME_ID102_normal-source-normal" name="normal">
               <float_array id="coords_ME_ID102_normal-normal-array" count="60">-0.00000 -0.18029 -0.98361  -0.00000 -0.18029 -0.98361  -0.00000 -0.18029 -0.98361  0.00000 -0.18029 -0.98361  -0.00000 -0.18029 -0.98361  1.00000 0.00000 0.00000  -0.00000 0.10432 -0.99454  -0.00000 0.10433 -0.99454  0.00000 0.10433 -0.99454  0.00000 0.10429 -0.99455  0.00000 0.10432 -0.99454  -0.00000 0.10433 -0.99454  0.00000 0.10432 -0.99454  -0.00000 0.10432 -0.99454  0.00000 0.10432 -0.99454  0.00000 0.10432 -0.99454  0.00000 0.10432 -0.99454  0.00000 0.10432 -0.99454  -0.00000 0.10432 -0.99454  -0.00000 0.10432 -0.99454 </float_array>
               <technique_common>
                  <accessor count="20" source="#coords_ME_ID102_normal-normal-array" stride="3">
                     <param name="X" type="float"/>
                     <param name="Y" type="float"/>
                     <param name="Z" type="float"/>
                  </accessor>
               </technique_common>
            </source>
            <vertices id="verts">
               <input semantic="POSITION" source="#coords_ME_ID102-source-position"/>
            </vertices>
            <triangles count="20" material="MA_Doors">
               <input offset="0" semantic="VERTEX" source="#verts"/>
               <input offset="1"
                      semantic="NORMAL"
                      source="#coords_ME_ID102_normal-source-normal"/>
               <p>0 0 1 0 2 0 1 1 0 1 3 1 3 2 0 2 4 2 4 3 0 3 5 3 4 4 5 4 6 4 5 5 0 5 7 5 16 6 17 6 18 6 17 7 16 7 19 7 17 8 19 8 20 8 20 9 19 9 21 9 20 10 21 10 22 10 21 11 19 11 23 11 23 12 19 12 24 12 18 13 25 13 26 13 25 14 18 14 17 14 26 15 25 15 22 15 26 16 22 16 27 16 27 17 22 17 21 17 26 18 27 18 24 18 26 19 24 19 19 19 </p>
            </triangles>
         </mesh>
      </geometry>
      <geometry id="coords_ME_ID96_MA_Windows-geometry" name="coords_ME_ID96">
         <mesh>
            <source id="coords_ME_ID96-source-position" name="position">
               <float_array id="coords_ME_ID96-position-array" count="120">2325.249023 1108.591064 59.358028 2348.084229 1081.183105 56.483009 2325.249023 542.711609 0.000065 2894.233154 1108.591064 59.358017 2586.906006 1081.183105 56.483009 2632.576172 1081.183105 56.483002 2586.906006 683.296265 14.746730 2871.398193 1081.183105 56.483002 2871.399170 683.296265 14.746719 2348.084229 683.296204 14.746699 2894.233154 542.711609 0.000036 2632.576172 683.296204 14.746690 2894.233154 1108.591064 59.358017 2871.399170 683.296265 14.746719 2894.233154 542.711609 0.000036 2632.576172 683.296204 14.746690 2632.576172 1081.183105 56.483002 2586.906006 683.296265 14.746730 2348.084229 683.296204 14.746699 2348.084229 1081.183105 56.483009 2325.249023 542.711609 0.000065 2871.398193 1081.183105 56.483002 2586.906006 1081.183105 56.483009 2325.249023 1108.591064 59.358028 2894.233154 542.711609 0.000036 2325.249023 360.728027 33.355900 2325.249023 542.711609 0.000065 2325.249023 253.225693 53.060020 2325.249023 152.123703 71.591042 2894.233154 253.225693 53.060020 2894.233154 152.123703 71.591026 2894.233154 360.728027 33.355881 2894.233154 360.728027 33.355881 2894.233154 542.711609 0.000036 2894.233154 253.225693 53.060020 2894.233154 152.123703 71.591026 2325.249023 152.123703 71.591042 2325.249023 253.225693 53.060020 2325.249023 360.728027 33.355900 2325.249023 542.711609 0.000065</float_array>
               <technique_common>
                  <accessor count="40" source="#coords_ME_ID96-position-array" stride="3">
                     <param name="X" type="float"/>
                     <param name="Y" type="float"/>
                     <param name="Z" type="float"/>
                  </accessor>
               </technique_common>
            </source>
            <source id="coords_ME_ID96_normal-source-normal" name="normal">
               <float_array id="coords_ME_ID96_normal-normal-array" count="60">0.00000 -0.10432 0.99454  -0.00000 -0.10432 0.99454  0.00000 -0.10432 0.99454  0.00000 -0.10432 0.99454  -0.00000 -0.10432 0.99454  -0.00000 -0.10432 0.99454  0.00000 -0.10432 0.99454  -0.00000 -0.10432 0.99454  0.00000 -0.10432 0.99454  0.00000 -0.10432 0.99454  0.00000 -0.10433 0.99454  0.00000 -0.10432 0.99454  0.00000 -0.10432 0.99454  0.00000 -0.10432 0.99454  -1.00000 0.00000 0.00000  0.00000 0.18029 0.98361  -0.00000 0.18029 0.98361  0.00000 0.18029 0.98361  0.00000 0.18029 0.98361  0.00000 0.18029 0.98361 </float_array>
               <technique_common>
                  <accessor count="20" source="#coords_ME_ID96_normal-normal-array" stride="3">
                     <param name="X" type="float"/>
                     <param name="Y" type="float"/>
                     <param name="Z" type="float"/>
                  </accessor>
               </technique_common>
            </source>
            <vertices id="verts">
               <input semantic="POSITION" source="#coords_ME_ID96-source-position"/>
            </vertices>
            <triangles count="20" material="MA_Windows">
               <input offset="0" semantic="VERTEX" source="#verts"/>
               <input offset="1"
                      semantic="NORMAL"
                      source="#coords_ME_ID96_normal-source-normal"/>
               <p>12 0 13 0 14 0 13 1 15 1 14 1 16 2 17 2 15 2 15 3 17 3 14 3 17 4 18 4 14 4 19 5 20 5 18 5 14 6 18 6 20 6 13 7 12 7 21 7 21 8 12 8 16 8 17 9 16 9 22 9 16 10 12 10 22 10 22 11 12 11 19 11 12 12 23 12 19 12 20 13 19 13 23 13 32 14 33 14 34 14 35 15 34 15 36 15 34 16 33 16 36 16 36 17 33 17 37 17 37 18 33 18 38 18 39 19 38 19 33 19 </p>
            </triangles>
         </mesh>
      </geometry>
      <geometry id="coords_ME_ID96_MA_Doors-geometry" name="coords_ME_ID96">
         <mesh>
            <source id="coords_ME_ID96-source-position" name="position">
               <float_array id="coords_ME_ID96-position-array" count="120">2325.249023 1108.591064 59.358028 2348.084229 1081.183105 56.483009 2325.249023 542.711609 0.000065 2894.233154 1108.591064 59.358017 2586.906006 1081.183105 56.483009 2632.576172 1081.183105 56.483002 2586.906006 683.296265 14.746730 2871.398193 1081.183105 56.483002 2871.399170 683.296265 14.746719 2348.084229 683.296204 14.746699 2894.233154 542.711609 0.000036 2632.576172 683.296204 14.746690 2894.233154 1108.591064 59.358017 2871.399170 683.296265 14.746719 2894.233154 542.711609 0.000036 2632.576172 683.296204 14.746690 2632.576172 1081.183105 56.483002 2586.906006 683.296265 14.746730 2348.084229 683.296204 14.746699 2348.084229 1081.183105 56.483009 2325.249023 542.711609 0.000065 2871.398193 1081.183105 56.483002 2586.906006 1081.183105 56.483009 2325.249023 1108.591064 59.358028 2894.233154 542.711609 0.000036 2325.249023 360.728027 33.355900 2325.249023 542.711609 0.000065 2325.249023 253.225693 53.060020 2325.249023 152.123703 71.591042 2894.233154 253.225693 53.060020 2894.233154 152.123703 71.591026 2894.233154 360.728027 33.355881 2894.233154 360.728027 33.355881 2894.233154 542.711609 0.000036 2894.233154 253.225693 53.060020 2894.233154 152.123703 71.591026 2325.249023 152.123703 71.591042 2325.249023 253.225693 53.060020 2325.249023 360.728027 33.355900 2325.249023 542.711609 0.000065</float_array>
               <technique_common>
                  <accessor count="40" source="#coords_ME_ID96-position-array" stride="3">
                     <param name="X" type="float"/>
                     <param name="Y" type="float"/>
                     <param name="Z" type="float"/>
                  </accessor>
               </technique_common>
            </source>
            <source id="coords_ME_ID96_normal-source-normal" name="normal">
               <float_array id="coords_ME_ID96_normal-normal-array" count="60">-0.00000 0.10432 -0.99454  -0.00000 0.10432 -0.99454  0.00000 0.10432 -0.99454  -0.00000 0.10433 -0.99454  -0.00000 0.10432 -0.99454  0.00000 0.10432 -0.99454  0.00000 0.10432 -0.99454  -0.00000 0.10432 -0.99454  0.00000 0.10432 -0.99454  0.00000 0.10432 -0.99454  -0.00000 0.10432 -0.99454  -0.00000 0.10432 -0.99454  0.00000 0.10432 -0.99454  -0.00000 0.10432 -0.99454  -0.00000 -0.18029 -0.98361  -0.00000 -0.18029 -0.98361  -0.00000 -0.18029 -0.98361  0.00000 -0.18029 -0.98361  -0.00000 -0.18029 -0.98361  1.00000 0.00000 0.00000 </float_array>
               <technique_common>
                  <accessor count="20" source="#coords_ME_ID96_normal-normal-array" stride="3">
                     <param name="X" type="float"/>
                     <param name="Y" type="float"/>
                     <param name="Z" type="float"/>
                  </accessor>
               </technique_common>
            </source>
            <vertices id="verts">
               <input semantic="POSITION" source="#coords_ME_ID96-source-position"/>
            </vertices>
            <triangles count="20" material="MA_Doors">
               <input offset="0" semantic="VERTEX" source="#verts"/>
               <input offset="1"
                      semantic="NORMAL"
                      source="#coords_ME_ID96_normal-source-normal"/>
               <p>0 0 1 0 2 0 1 1 0 1 3 1 1 2 3 2 4 2 4 3 3 3 5 3 4 4 5 4 6 4 5 5 3 5 7 5 7 6 3 6 8 6 2 7 9 7 10 7 9 8 2 8 1 8 10 9 9 9 6 9 10 10 6 10 11 10 11 11 6 11 5 11 10 12 11 12 8 12 10 13 8 13 3 13 24 14 25 14 26 14 25 15 24 15 27 15 27 16 24 16 28 16 28 17 24 17 29 17 28 18 29 18 30 18 29 19 24 19 31 19 </p>
            </triangles>
         </mesh>
      </geometry>
      <geometry id="coords_ME_ID90_MA_Windows-geometry" name="coords_ME_ID90">
         <mesh>
            <source id="coords_ME_ID90-source-position" name="position">
               <float_array id="coords_ME_ID90-position-array" count="120">4083.729248 1108.591064 59.358017 4106.562988 1081.183105 56.483002 4083.729248 542.711609 0.000054 4652.713379 1108.591064 59.358009 4345.386230 1081.183105 56.483002 4391.055176 1081.183105 56.483002 4345.386230 683.296265 14.746730 4629.878418 1081.183105 56.483002 4629.878418 683.296265 14.746719 4106.562988 683.296265 14.746690 4652.713379 542.711609 0.000024 4391.056152 683.296265 14.746690 4652.713379 1108.591064 59.358009 4629.878418 683.296265 14.746719 4652.713379 542.711609 0.000024 4391.056152 683.296265 14.746690 4391.055176 1081.183105 56.483002 4345.386230 683.296265 14.746730 4106.562988 683.296265 14.746690 4106.562988 1081.183105 56.483002 4083.729248 542.711609 0.000054 4629.878418 1081.183105 56.483002 4345.386230 1081.183105 56.483002 4083.729248 1108.591064 59.358017 4652.713379 542.711609 0.000024 4083.729248 360.728027 33.355888 4083.729248 542.711609 0.000054 4083.729248 253.225693 53.060009 4083.729248 152.123703 71.591026 4652.713379 253.225693 53.060009 4652.713379 152.123703 71.591019 4652.713379 360.728027 33.355869 4652.713379 360.728027 33.355869 4652.713379 542.711609 0.000024 4652.713379 253.225693 53.060009 4652.713379 152.123703 71.591019 4083.729248 152.123703 71.591026 4083.729248 253.225693 53.060009 4083.729248 360.728027 33.355888 4083.729248 542.711609 0.000054</float_array>
               <technique_common>
                  <accessor count="40" source="#coords_ME_ID90-position-array" stride="3">
                     <param name="X" type="float"/>
                     <param name="Y" type="float"/>
                     <param name="Z" type="float"/>
                  </accessor>
               </technique_common>
            </source>
            <source id="coords_ME_ID90_normal-source-normal" name="normal">
               <float_array id="coords_ME_ID90_normal-normal-array" count="60">0.00000 -0.10432 0.99454  -0.00000 -0.10432 0.99454  0.00000 -0.10432 0.99454  0.00000 -0.10432 0.99454  -0.00000 -0.10432 0.99454  -0.00000 -0.10432 0.99454  0.00000 -0.10432 0.99454  -0.00000 -0.10432 0.99454  0.00000 -0.10432 0.99454  0.00000 -0.10432 0.99454  0.00000 -0.10432 0.99454  0.00000 -0.10432 0.99454  0.00000 -0.10432 0.99454  0.00000 -0.10432 0.99454  -1.00000 0.00000 0.00000  0.00000 0.18029 0.98361  -0.00000 0.18029 0.98361  0.00000 0.18029 0.98361  0.00000 0.18029 0.98361  0.00000 0.18029 0.98361 </float_array>
               <technique_common>
                  <accessor count="20" source="#coords_ME_ID90_normal-normal-array" stride="3">
                     <param name="X" type="float"/>
                     <param name="Y" type="float"/>
                     <param name="Z" type="float"/>
                  </accessor>
               </technique_common>
            </source>
            <vertices id="verts">
               <input semantic="POSITION" source="#coords_ME_ID90-source-position"/>
            </vertices>
            <triangles count="20" material="MA_Windows">
               <input offset="0" semantic="VERTEX" source="#verts"/>
               <input offset="1"
                      semantic="NORMAL"
                      source="#coords_ME_ID90_normal-source-normal"/>
               <p>12 0 13 0 14 0 13 1 15 1 14 1 16 2 17 2 15 2 15 3 17 3 14 3 17 4 18 4 14 4 19 5 20 5 18 5 14 6 18 6 20 6 13 7 12 7 21 7 21 8 12 8 16 8 17 9 16 9 22 9 16 10 12 10 22 10 22 11 12 11 19 11 12 12 23 12 19 12 20 13 19 13 23 13 32 14 33 14 34 14 35 15 34 15 36 15 34 16 33 16 36 16 36 17 33 17 37 17 37 18 33 18 38 18 39 19 38 19 33 19 </p>
            </triangles>
         </mesh>
      </geometry>
      <geometry id="coords_ME_ID90_MA_Doors-geometry" name="coords_ME_ID90">
         <mesh>
            <source id="coords_ME_ID90-source-position" name="position">
               <float_array id="coords_ME_ID90-position-array" count="120">4083.729248 1108.591064 59.358017 4106.562988 1081.183105 56.483002 4083.729248 542.711609 0.000054 4652.713379 1108.591064 59.358009 4345.386230 1081.183105 56.483002 4391.055176 1081.183105 56.483002 4345.386230 683.296265 14.746730 4629.878418 1081.183105 56.483002 4629.878418 683.296265 14.746719 4106.562988 683.296265 14.746690 4652.713379 542.711609 0.000024 4391.056152 683.296265 14.746690 4652.713379 1108.591064 59.358009 4629.878418 683.296265 14.746719 4652.713379 542.711609 0.000024 4391.056152 683.296265 14.746690 4391.055176 1081.183105 56.483002 4345.386230 683.296265 14.746730 4106.562988 683.296265 14.746690 4106.562988 1081.183105 56.483002 4083.729248 542.711609 0.000054 4629.878418 1081.183105 56.483002 4345.386230 1081.183105 56.483002 4083.729248 1108.591064 59.358017 4652.713379 542.711609 0.000024 4083.729248 360.728027 33.355888 4083.729248 542.711609 0.000054 4083.729248 253.225693 53.060009 4083.729248 152.123703 71.591026 4652.713379 253.225693 53.060009 4652.713379 152.123703 71.591019 4652.713379 360.728027 33.355869 4652.713379 360.728027 33.355869 4652.713379 542.711609 0.000024 4652.713379 253.225693 53.060009 4652.713379 152.123703 71.591019 4083.729248 152.123703 71.591026 4083.729248 253.225693 53.060009 4083.729248 360.728027 33.355888 4083.729248 542.711609 0.000054</float_array>
               <technique_common>
                  <accessor count="40" source="#coords_ME_ID90-position-array" stride="3">
                     <param name="X" type="float"/>
                     <param name="Y" type="float"/>
                     <param name="Z" type="float"/>
                  </accessor>
               </technique_common>
            </source>
            <source id="coords_ME_ID90_normal-source-normal" name="normal">
               <float_array id="coords_ME_ID90_normal-normal-array" count="60">-0.00000 0.10432 -0.99454  -0.00000 0.10432 -0.99454  0.00000 0.10432 -0.99454  0.00000 0.10432 -0.99454  0.00000 0.10432 -0.99454  0.00000 0.10432 -0.99454  0.00000 0.10432 -0.99454  -0.00000 0.10432 -0.99454  0.00000 0.10432 -0.99454  0.00000 0.10432 -0.99454  -0.00000 0.10432 -0.99454  -0.00000 0.10432 -0.99454  0.00000 0.10432 -0.99454  -0.00000 0.10432 -0.99454  -0.00000 -0.18029 -0.98361  -0.00000 -0.18029 -0.98361  -0.00000 -0.18029 -0.98361  0.00000 -0.18029 -0.98361  -0.00000 -0.18029 -0.98361  1.00000 0.00000 0.00000 </float_array>
               <technique_common>
                  <accessor count="20" source="#coords_ME_ID90_normal-normal-array" stride="3">
                     <param name="X" type="float"/>
                     <param name="Y" type="float"/>
                     <param name="Z" type="float"/>
                  </accessor>
               </technique_common>
            </source>
            <vertices id="verts">
               <input semantic="POSITION" source="#coords_ME_ID90-source-position"/>
            </vertices>
            <triangles count="20" material="MA_Doors">
               <input offset="0" semantic="VERTEX" source="#verts"/>
               <input offset="1"
                      semantic="NORMAL"
                      source="#coords_ME_ID90_normal-source-normal"/>
               <p>0 0 1 0 2 0 1 1 0 1 3 1 1 2 3 2 4 2 4 3 3 3 5 3 4 4 5 4 6 4 5 5 3 5 7 5 7 6 3 6 8 6 2 7 9 7 10 7 9 8 2 8 1 8 10 9 9 9 6 9 10 10 6 10 11 10 11 11 6 11 5 11 10 12 11 12 8 12 10 13 8 13 3 13 24 14 25 14 26 14 25 15 24 15 27 15 27 16 24 16 28 16 28 17 24 17 29 17 28 18 29 18 30 18 29 19 24 19 31 19 </p>
            </triangles>
         </mesh>
      </geometry>
      <geometry id="coords_ME_ID84_MA_Windows-geometry" name="coords_ME_ID84">
         <mesh>
            <source id="coords_ME_ID84-source-position" name="position">
               <float_array id="coords_ME_ID84-position-array" count="48">6408.978516 253.225693 1228.091064 6977.962402 360.728027 1247.795044 6408.978516 360.728027 1247.795044 6977.962402 253.225693 1228.091064 6977.962402 253.225693 1228.091064 6408.978516 253.225693 1228.091064 6977.962402 360.728027 1247.795044 6408.978516 360.728027 1247.795044 6977.962402 253.225693 798.414368 6977.962402 360.728027 1247.795044 6977.962402 253.225693 1228.091064 6977.962402 360.728027 798.414368 6977.962402 360.728027 798.414368 6977.962402 253.225693 798.414368 6977.962402 360.728027 1247.795044 6977.962402 253.225693 1228.091064</float_array>
               <technique_common>
                  <accessor count="16" source="#coords_ME_ID84-position-array" stride="3">
                     <param name="X" type="float"/>
                     <param name="Y" type="float"/>
                     <param name="Z" type="float"/>
                  </accessor>
               </technique_common>
            </source>
            <source id="coords_ME_ID84_normal-source-normal" name="normal">
               <float_array id="coords_ME_ID84_normal-normal-array" count="6">0.00000 0.18029 -0.98361  -1.00000 0.00000 0.00000 </float_array>
               <technique_common>
                  <accessor count="2" source="#coords_ME_ID84_normal-normal-array" stride="3">
                     <param name="X" type="float"/>
                     <param name="Y" type="float"/>
                     <param name="Z" type="float"/>
                  </accessor>
               </technique_common>
            </source>
            <vertices id="verts">
               <input semantic="POSITION" source="#coords_ME_ID84-source-position"/>
            </vertices>
            <triangles count="4" material="MA_Windows">
               <input offset="0" semantic="VERTEX" source="#verts"/>
               <input offset="1"
                      semantic="NORMAL"
                      source="#coords_ME_ID84_normal-source-normal"/>
               <p>4 0 5 0 6 0 7 0 6 0 5 0 12 1 13 1 14 1 15 1 14 1 13 1 </p>
            </triangles>
         </mesh>
      </geometry>
      <geometry id="coords_ME_ID84_MA_Sub_car_part_3-geometry" name="coords_ME_ID84">
         <mesh>
            <source id="coords_ME_ID84-source-position" name="position">
               <float_array id="coords_ME_ID84-position-array" count="48">6408.978516 253.225693 1228.091064 6977.962402 360.728027 1247.795044 6408.978516 360.728027 1247.795044 6977.962402 253.225693 1228.091064 6977.962402 253.225693 1228.091064 6408.978516 253.225693 1228.091064 6977.962402 360.728027 1247.795044 6408.978516 360.728027 1247.795044 6977.962402 253.225693 798.414368 6977.962402 360.728027 1247.795044 6977.962402 253.225693 1228.091064 6977.962402 360.728027 798.414368 6977.962402 360.728027 798.414368 6977.962402 253.225693 798.414368 6977.962402 360.728027 1247.795044 6977.962402 253.225693 1228.091064</float_array>
               <technique_common>
                  <accessor count="16" source="#coords_ME_ID84-position-array" stride="3">
                     <param name="X" type="float"/>
                     <param name="Y" type="float"/>
                     <param name="Z" type="float"/>
                  </accessor>
               </technique_common>
            </source>
            <source id="coords_ME_ID84_normal-source-normal" name="normal">
               <float_array id="coords_ME_ID84_normal-normal-array" count="6">0.00000 -0.18029 0.98361  1.00000 0.00000 0.00000 </float_array>
               <technique_common>
                  <accessor count="2" source="#coords_ME_ID84_normal-normal-array" stride="3">
                     <param name="X" type="float"/>
                     <param name="Y" type="float"/>
                     <param name="Z" type="float"/>
                  </accessor>
               </technique_common>
            </source>
            <vertices id="verts">
               <input semantic="POSITION" source="#coords_ME_ID84-source-position"/>
            </vertices>
            <triangles count="4" material="MA_Sub_car_part_3">
               <input offset="0" semantic="VERTEX" source="#verts"/>
               <input offset="1"
                      semantic="NORMAL"
                      source="#coords_ME_ID84_normal-source-normal"/>
               <p>0 0 1 0 2 0 1 0 0 0 3 0 8 1 9 1 10 1 9 1 8 1 11 1 </p>
            </triangles>
         </mesh>
      </geometry>
      <geometry id="coords_ME_ID78_MA_Windows-geometry" name="coords_ME_ID78">
         <mesh>
            <source id="coords_ME_ID78-source-position" name="position">
               <float_array id="coords_ME_ID78-position-array" count="24">4698.232422 655.887512 1269.279053 5794.475098 1108.591064 1221.792114 4698.232422 1108.591064 1221.792114 5794.475098 655.887573 1269.279053 5794.475098 655.887573 1269.279053 4698.232422 655.887512 1269.279053 5794.475098 1108.591064 1221.792114 4698.232422 1108.591064 1221.792114</float_array>
               <technique_common>
                  <accessor count="8" source="#coords_ME_ID78-position-array" stride="3">
                     <param name="X" type="float"/>
                     <param name="Y" type="float"/>
                     <param name="Z" type="float"/>
                  </accessor>
               </technique_common>
            </source>
            <source id="coords_ME_ID78_normal-source-normal" name="normal">
               <float_array id="coords_ME_ID78_normal-normal-array" count="12">0.00000 0.10432 0.99454  -0.00000 0.10432 0.99454  0.00000 -0.10432 -0.99454  0.00000 -0.10432 -0.99454 </float_array>
               <technique_common>
                  <accessor count="4" source="#coords_ME_ID78_normal-normal-array" stride="3">
                     <param name="X" type="float"/>
                     <param name="Y" type="float"/>
                     <param name="Z" type="float"/>
                  </accessor>
               </technique_common>
            </source>
            <vertices id="verts">
               <input semantic="POSITION" source="#coords_ME_ID78-source-position"/>
            </vertices>
            <triangles count="4" material="MA_Windows">
               <input offset="0" semantic="VERTEX" source="#verts"/>
               <input offset="1"
                      semantic="NORMAL"
                      source="#coords_ME_ID78_normal-source-normal"/>
               <p>0 0 1 0 2 0 1 1 0 1 3 1 4 2 5 2 6 2 7 3 6 3 5 3 </p>
            </triangles>
         </mesh>
      </geometry>
      <geometry id="coords_ME_ID72_MA_Windows-geometry" name="coords_ME_ID72">
         <mesh>
            <source id="coords_ME_ID72-source-position" name="position">
               <float_array id="coords_ME_ID72-position-array" count="24">2939.752197 655.887512 1269.279053 4038.209961 1108.591064 1221.792114 2939.752197 1108.591064 1221.792114 4038.209961 655.887573 1269.279053 4038.209961 655.887573 1269.279053 2939.752197 655.887512 1269.279053 4038.209961 1108.591064 1221.792114 2939.752197 1108.591064 1221.792114</float_array>
               <technique_common>
                  <accessor count="8" source="#coords_ME_ID72-position-array" stride="3">
                     <param name="X" type="float"/>
                     <param name="Y" type="float"/>
                     <param name="Z" type="float"/>
                  </accessor>
               </technique_common>
            </source>
            <source id="coords_ME_ID72_normal-source-normal" name="normal">
               <float_array id="coords_ME_ID72_normal-normal-array" count="12">0.00000 0.10432 0.99454  -0.00000 0.10432 0.99454  0.00000 -0.10432 -0.99454  0.00000 -0.10432 -0.99454 </float_array>
               <technique_common>
                  <accessor count="4" source="#coords_ME_ID72_normal-normal-array" stride="3">
                     <param name="X" type="float"/>
                     <param name="Y" type="float"/>
                     <param name="Z" type="float"/>
                  </accessor>
               </technique_common>
            </source>
            <vertices id="verts">
               <input semantic="POSITION" source="#coords_ME_ID72-source-position"/>
            </vertices>
            <triangles count="4" material="MA_Windows">
               <input offset="0" semantic="VERTEX" source="#verts"/>
               <input offset="1"
                      semantic="NORMAL"
                      source="#coords_ME_ID72_normal-source-normal"/>
               <p>0 0 1 0 2 0 1 1 0 1 3 1 4 2 5 2 6 2 7 3 6 3 5 3 </p>
            </triangles>
         </mesh>
      </geometry>
      <geometry id="coords_ME_ID66_MA_Sub_car_part_1-geometry" name="coords_ME_ID66">
         <mesh>
            <source id="coords_ME_ID66-source-position" name="position">
               <float_array id="coords_ME_ID66-position-array" count="24">4083.729248 253.225693 53.060009 2894.233154 152.123703 71.591026 2894.233154 253.225693 53.060020 4083.729248 152.123703 71.591026 4083.729248 152.123703 71.591026 4083.729248 253.225693 53.060009 2894.233154 152.123703 71.591026 2894.233154 253.225693 53.060020</float_array>
               <technique_common>
                  <accessor count="8" source="#coords_ME_ID66-position-array" stride="3">
                     <param name="X" type="float"/>
                     <param name="Y" type="float"/>
                     <param name="Z" type="float"/>
                  </accessor>
               </technique_common>
            </source>
            <source id="coords_ME_ID66_normal-source-normal" name="normal">
               <float_array id="coords_ME_ID66_normal-normal-array" count="6">-0.00000 -0.18029 -0.98361  0.00000 -0.18029 -0.98361 </float_array>
               <technique_common>
                  <accessor count="2" source="#coords_ME_ID66_normal-normal-array" stride="3">
                     <param name="X" type="float"/>
                     <param name="Y" type="float"/>
                     <param name="Z" type="float"/>
                  </accessor>
               </technique_common>
            </source>
            <vertices id="verts">
               <input semantic="POSITION" source="#coords_ME_ID66-source-position"/>
            </vertices>
            <triangles count="2" material="MA_Sub_car_part_1">
               <input offset="0" semantic="VERTEX" source="#verts"/>
               <input offset="1"
                      semantic="NORMAL"
                      source="#coords_ME_ID66_normal-source-normal"/>
               <p>0 0 1 0 2 0 1 1 0 1 3 1 </p>
            </triangles>
         </mesh>
      </geometry>
      <geometry id="coords_ME_ID66_MA_Windows-geometry" name="coords_ME_ID66">
         <mesh>
            <source id="coords_ME_ID66-source-position" name="position">
               <float_array id="coords_ME_ID66-position-array" count="24">4083.729248 253.225693 53.060009 2894.233154 152.123703 71.591026 2894.233154 253.225693 53.060020 4083.729248 152.123703 71.591026 4083.729248 152.123703 71.591026 4083.729248 253.225693 53.060009 2894.233154 152.123703 71.591026 2894.233154 253.225693 53.060020</float_array>
               <technique_common>
                  <accessor count="8" source="#coords_ME_ID66-position-array" stride="3">
                     <param name="X" type="float"/>
                     <param name="Y" type="float"/>
                     <param name="Z" type="float"/>
                  </accessor>
               </technique_common>
            </source>
            <source id="coords_ME_ID66_normal-source-normal" name="normal">
               <float_array id="coords_ME_ID66_normal-normal-array" count="6">0.00000 0.18029 0.98361  0.00000 0.18029 0.98361 </float_array>
               <technique_common>
                  <accessor count="2" source="#coords_ME_ID66_normal-normal-array" stride="3">
                     <param name="X" type="float"/>
                     <param name="Y" type="float"/>
                     <param name="Z" type="float"/>
                  </accessor>
               </technique_common>
            </source>
            <vertices id="verts">
               <input semantic="POSITION" source="#coords_ME_ID66-source-position"/>
            </vertices>
            <triangles count="2" material="MA_Windows">
               <input offset="0" semantic="VERTEX" source="#verts"/>
               <input offset="1"
                      semantic="NORMAL"
                      source="#coords_ME_ID66_normal-source-normal"/>
               <p>4 0 5 0 6 0 7 1 6 1 5 1 </p>
            </triangles>
         </mesh>
      </geometry>
      <geometry id="coords_ME_ID60_MA_Windows-geometry" name="coords_ME_ID60">
         <mesh>
            <source id="coords_ME_ID60-source-position" name="position">
               <float_array id="coords_ME_ID60-position-array" count="120">568.984314 360.728027 1247.795044 1137.968994 542.711609 1281.150024 568.984314 542.711609 1281.150024 568.984314 253.225693 1228.089966 568.984314 152.123703 1209.559082 1137.968994 253.225693 1228.089966 1137.968994 152.123703 1209.559082 1137.968994 360.728027 1247.795044 1137.968994 360.728027 1247.795044 1137.968994 253.225693 1228.089966 1137.968994 542.711609 1281.150024 1137.968994 152.123703 1209.559082 568.984314 152.123703 1209.559082 568.984314 253.225693 1228.089966 568.984314 360.728027 1247.795044 568.984314 542.711609 1281.150024 568.984314 542.711609 1281.150024 591.819031 683.296082 1266.404053 568.984314 1108.591064 1221.792114 1137.968994 542.711609 1281.150024 591.818909 1081.182007 1224.668091 830.641663 683.296204 1266.404053 876.311035 683.296204 1266.404053 876.310852 1081.182007 1224.668091 1115.134033 683.296265 1266.404053 1137.968994 1108.591064 1221.792114 830.641602 1081.182007 1224.668091 1115.134033 1081.182007 1224.668091 1115.134033 683.296265 1266.404053 1115.134033 1081.182007 1224.668091 1137.968994 1108.591064 1221.792114 876.310852 1081.182007 1224.668091 830.641663 683.296204 1266.404053 830.641602 1081.182007 1224.668091 591.818909 1081.182007 1224.668091 568.984314 1108.591064 1221.792114 1137.968994 542.711609 1281.150024 876.311035 683.296204 1266.404053 591.819031 683.296082 1266.404053 568.984314 542.711609 1281.150024</float_array>
               <technique_common>
                  <accessor count="40" source="#coords_ME_ID60-position-array" stride="3">
                     <param name="X" type="float"/>
                     <param name="Y" type="float"/>
                     <param name="Z" type="float"/>
                  </accessor>
               </technique_common>
            </source>
            <source id="coords_ME_ID60_normal-source-normal" name="normal">
               <float_array id="coords_ME_ID60_normal-normal-array" count="54">1.00000 0.00000 0.00000  0.00000 0.18029 -0.98361  -0.00000 0.18029 -0.98361  0.00000 0.18029 -0.98361  -0.00000 0.18030 -0.98361  0.00000 0.18028 -0.98361  -0.00004 -0.10432 -0.99454  0.00000 -0.10436 -0.99454  0.00000 -0.10432 -0.99454  0.00000 -0.10436 -0.99454  -0.00003 -0.10432 -0.99454  0.00000 -0.10432 -0.99454  0.00000 -0.10432 -0.99454  0.00000 -0.10432 -0.99454  0.00000 -0.10432 -0.99454  0.00004 -0.10432 -0.99454  0.00000 -0.10432 -0.99454  0.00003 -0.10432 -0.99454 </float_array>
               <technique_common>
                  <accessor count="18" source="#coords_ME_ID60_normal-normal-array" stride="3">
                     <param name="X" type="float"/>
                     <param name="Y" type="float"/>
                     <param name="Z" type="float"/>
                  </accessor>
               </technique_common>
            </source>
            <vertices id="verts">
               <input semantic="POSITION" source="#coords_ME_ID60-source-position"/>
            </vertices>
            <triangles count="20" material="MA_Windows">
               <input offset="0" semantic="VERTEX" source="#verts"/>
               <input offset="1"
                      semantic="NORMAL"
                      source="#coords_ME_ID60_normal-source-normal"/>
               <p>8 0 9 0 10 0 11 1 12 1 9 1 9 2 12 2 10 2 12 3 13 3 10 3 13 4 14 4 10 4 15 5 10 5 14 5 28 6 29 6 30 6 29 7 31 7 30 7 32 8 33 8 31 8 31 7 33 7 30 7 33 9 34 9 30 9 35 9 30 9 34 9 30 10 36 10 28 10 28 11 36 11 37 11 31 12 37 12 32 12 37 13 36 13 32 13 32 14 36 14 38 14 34 15 38 15 35 15 36 16 39 16 38 16 35 17 38 17 39 17 </p>
            </triangles>
         </mesh>
      </geometry>
      <geometry id="coords_ME_ID60_MA_Doors-geometry" name="coords_ME_ID60">
         <mesh>
            <source id="coords_ME_ID60-source-position" name="position">
               <float_array id="coords_ME_ID60-position-array" count="120">568.984314 360.728027 1247.795044 1137.968994 542.711609 1281.150024 568.984314 542.711609 1281.150024 568.984314 253.225693 1228.089966 568.984314 152.123703 1209.559082 1137.968994 253.225693 1228.089966 1137.968994 152.123703 1209.559082 1137.968994 360.728027 1247.795044 1137.968994 360.728027 1247.795044 1137.968994 253.225693 1228.089966 1137.968994 542.711609 1281.150024 1137.968994 152.123703 1209.559082 568.984314 152.123703 1209.559082 568.984314 253.225693 1228.089966 568.984314 360.728027 1247.795044 568.984314 542.711609 1281.150024 568.984314 542.711609 1281.150024 591.819031 683.296082 1266.404053 568.984314 1108.591064 1221.792114 1137.968994 542.711609 1281.150024 591.818909 1081.182007 1224.668091 830.641663 683.296204 1266.404053 876.311035 683.296204 1266.404053 876.310852 1081.182007 1224.668091 1115.134033 683.296265 1266.404053 1137.968994 1108.591064 1221.792114 830.641602 1081.182007 1224.668091 1115.134033 1081.182007 1224.668091 1115.134033 683.296265 1266.404053 1115.134033 1081.182007 1224.668091 1137.968994 1108.591064 1221.792114 876.310852 1081.182007 1224.668091 830.641663 683.296204 1266.404053 830.641602 1081.182007 1224.668091 591.818909 1081.182007 1224.668091 568.984314 1108.591064 1221.792114 1137.968994 542.711609 1281.150024 876.311035 683.296204 1266.404053 591.819031 683.296082 1266.404053 568.984314 542.711609 1281.150024</float_array>
               <technique_common>
                  <accessor count="40" source="#coords_ME_ID60-position-array" stride="3">
                     <param name="X" type="float"/>
                     <param name="Y" type="float"/>
                     <param name="Z" type="float"/>
                  </accessor>
               </technique_common>
            </source>
            <source id="coords_ME_ID60_normal-source-normal" name="normal">
               <float_array id="coords_ME_ID60_normal-normal-array" count="54">0.00000 -0.18028 0.98361  0.00000 -0.18030 0.98361  -0.00000 -0.18029 0.98361  0.00000 -0.18029 0.98361  0.00000 -0.18029 0.98361  -1.00000 0.00000 0.00000  -0.00003 0.10432 0.99454  0.00000 0.10432 0.99454  -0.00004 0.10432 0.99454  -0.00000 0.10432 0.99454  0.00000 0.10432 0.99454  0.00000 0.10432 0.99454  -0.00000 0.10432 0.99454  0.00003 0.10432 0.99454  0.00000 0.10436 0.99454  0.00000 0.10436 0.99454  0.00000 0.10432 0.99454  0.00004 0.10432 0.99454 </float_array>
               <technique_common>
                  <accessor count="18" source="#coords_ME_ID60_normal-normal-array" stride="3">
                     <param name="X" type="float"/>
                     <param name="Y" type="float"/>
                     <param name="Z" type="float"/>
                  </accessor>
               </technique_common>
            </source>
            <vertices id="verts">
               <input semantic="POSITION" source="#coords_ME_ID60-source-position"/>
            </vertices>
            <triangles count="20" material="MA_Doors">
               <input offset="0" semantic="VERTEX" source="#verts"/>
               <input offset="1"
                      semantic="NORMAL"
                      source="#coords_ME_ID60_normal-source-normal"/>
               <p>0 0 1 0 2 0 1 1 0 1 3 1 1 2 3 2 4 2 1 3 4 3 5 3 5 4 4 4 6 4 1 5 5 5 7 5 16 6 17 6 18 6 17 7 16 7 19 7 18 8 17 8 20 8 17 9 19 9 21 9 21 10 19 10 22 10 21 11 22 11 23 11 22 12 19 12 24 12 24 13 19 13 25 13 20 14 25 14 18 14 25 14 20 14 26 14 25 15 26 15 23 15 23 16 26 16 21 16 25 15 23 15 27 15 25 17 27 17 24 17 </p>
            </triangles>
         </mesh>
      </geometry>
      <geometry id="coords_ME_ID52_MA_Windows-geometry" name="coords_ME_ID52">
         <mesh>
            <source id="coords_ME_ID52-source-position" name="position">
               <float_array id="coords_ME_ID52-position-array" count="120">2325.249023 360.728027 1247.795044 2894.233154 542.711609 1281.150024 2325.249023 542.711609 1281.150024 2325.249023 253.225693 1228.089966 2325.249023 152.123703 1209.559082 2894.233154 253.225693 1228.089966 2894.233154 152.123703 1209.559082 2894.233154 360.728027 1247.795044 2894.233154 360.728027 1247.795044 2894.233154 253.225693 1228.089966 2894.233154 542.711609 1281.150024 2894.233154 152.123703 1209.559082 2325.249023 152.123703 1209.559082 2325.249023 253.225693 1228.089966 2325.249023 360.728027 1247.795044 2325.249023 542.711609 1281.150024 2325.249023 542.711609 1281.150024 2348.084229 683.296082 1266.404053 2325.249023 1108.591064 1221.792114 2894.233154 542.711609 1281.150024 2348.084229 1081.182007 1224.668091 2586.906006 683.296204 1266.404053 2632.576172 683.296082 1266.404053 2632.576172 1081.182007 1224.668091 2871.399170 683.296204 1266.404053 2894.233154 1108.591064 1221.792114 2586.906006 1081.183105 1224.668091 2871.398193 1081.183105 1224.668091 2871.399170 683.296204 1266.404053 2871.398193 1081.183105 1224.668091 2894.233154 1108.591064 1221.792114 2632.576172 1081.182007 1224.668091 2586.906006 683.296204 1266.404053 2586.906006 1081.183105 1224.668091 2348.084229 1081.182007 1224.668091 2325.249023 1108.591064 1221.792114 2894.233154 542.711609 1281.150024 2632.576172 683.296082 1266.404053 2348.084229 683.296082 1266.404053 2325.249023 542.711609 1281.150024</float_array>
               <technique_common>
                  <accessor count="40" source="#coords_ME_ID52-position-array" stride="3">
                     <param name="X" type="float"/>
                     <param name="Y" type="float"/>
                     <param name="Z" type="float"/>
                  </accessor>
               </technique_common>
            </source>
            <source id="coords_ME_ID52_normal-source-normal" name="normal">
               <float_array id="coords_ME_ID52_normal-normal-array" count="60">1.00000 0.00000 0.00000  0.00000 0.18029 -0.98361  -0.00000 0.18029 -0.98361  0.00000 0.18029 -0.98361  -0.00000 0.18030 -0.98361  0.00000 0.18028 -0.98361  -0.00005 -0.10432 -0.99454  0.00000 -0.10436 -0.99454  -0.00000 -0.10432 -0.99454  -0.00000 -0.10433 -0.99454  0.00000 -0.10436 -0.99454  0.00000 -0.10436 -0.99454  -0.00003 -0.10432 -0.99454  0.00000 -0.10432 -0.99454  -0.00000 -0.10432 -0.99454  -0.00000 -0.10432 -0.99454  0.00000 -0.10432 -0.99454  0.00004 -0.10432 -0.99454  0.00000 -0.10432 -0.99454  0.00003 -0.10432 -0.99454 </float_array>
               <technique_common>
                  <accessor count="20" source="#coords_ME_ID52_normal-normal-array" stride="3">
                     <param name="X" type="float"/>
                     <param name="Y" type="float"/>
                     <param name="Z" type="float"/>
                  </accessor>
               </technique_common>
            </source>
            <vertices id="verts">
               <input semantic="POSITION" source="#coords_ME_ID52-source-position"/>
            </vertices>
            <triangles count="20" material="MA_Windows">
               <input offset="0" semantic="VERTEX" source="#verts"/>
               <input offset="1"
                      semantic="NORMAL"
                      source="#coords_ME_ID52_normal-source-normal"/>
               <p>8 0 9 0 10 0 11 1 12 1 9 1 9 2 12 2 10 2 12 3 13 3 10 3 13 4 14 4 10 4 15 5 10 5 14 5 28 6 29 6 30 6 29 7 31 7 30 7 32 8 33 8 31 8 31 9 33 9 30 9 33 10 34 10 30 10 35 11 30 11 34 11 30 12 36 12 28 12 28 13 36 13 37 13 31 14 37 14 32 14 37 15 36 15 32 15 32 16 36 16 38 16 34 17 38 17 35 17 36 18 39 18 38 18 35 19 38 19 39 19 </p>
            </triangles>
         </mesh>
      </geometry>
      <geometry id="coords_ME_ID52_MA_Doors-geometry" name="coords_ME_ID52">
         <mesh>
            <source id="coords_ME_ID52-source-position" name="position">
               <float_array id="coords_ME_ID52-position-array" count="120">2325.249023 360.728027 1247.795044 2894.233154 542.711609 1281.150024 2325.249023 542.711609 1281.150024 2325.249023 253.225693 1228.089966 2325.249023 152.123703 1209.559082 2894.233154 253.225693 1228.089966 2894.233154 152.123703 1209.559082 2894.233154 360.728027 1247.795044 2894.233154 360.728027 1247.795044 2894.233154 253.225693 1228.089966 2894.233154 542.711609 1281.150024 2894.233154 152.123703 1209.559082 2325.249023 152.123703 1209.559082 2325.249023 253.225693 1228.089966 2325.249023 360.728027 1247.795044 2325.249023 542.711609 1281.150024 2325.249023 542.711609 1281.150024 2348.084229 683.296082 1266.404053 2325.249023 1108.591064 1221.792114 2894.233154 542.711609 1281.150024 2348.084229 1081.182007 1224.668091 2586.906006 683.296204 1266.404053 2632.576172 683.296082 1266.404053 2632.576172 1081.182007 1224.668091 2871.399170 683.296204 1266.404053 2894.233154 1108.591064 1221.792114 2586.906006 1081.183105 1224.668091 2871.398193 1081.183105 1224.668091 2871.399170 683.296204 1266.404053 2871.398193 1081.183105 1224.668091 2894.233154 1108.591064 1221.792114 2632.576172 1081.182007 1224.668091 2586.906006 683.296204 1266.404053 2586.906006 1081.183105 1224.668091 2348.084229 1081.182007 1224.668091 2325.249023 1108.591064 1221.792114 2894.233154 542.711609 1281.150024 2632.576172 683.296082 1266.404053 2348.084229 683.296082 1266.404053 2325.249023 542.711609 1281.150024</float_array>
               <technique_common>
                  <accessor count="40" source="#coords_ME_ID52-position-array" stride="3">
                     <param name="X" type="float"/>
                     <param name="Y" type="float"/>
                     <param name="Z" type="float"/>
                  </accessor>
               </technique_common>
            </source>
            <source id="coords_ME_ID52_normal-source-normal" name="normal">
               <float_array id="coords_ME_ID52_normal-normal-array" count="60">0.00000 -0.18028 0.98361  0.00000 -0.18030 0.98361  -0.00000 -0.18029 0.98361  0.00000 -0.18029 0.98361  0.00000 -0.18029 0.98361  -1.00000 0.00000 0.00000  -0.00003 0.10432 0.99454  0.00000 0.10432 0.99454  -0.00004 0.10432 0.99454  -0.00000 0.10432 0.99454  0.00000 0.10432 0.99454  0.00000 0.10432 0.99454  -0.00000 0.10432 0.99454  0.00003 0.10432 0.99454  0.00000 0.10436 0.99454  -0.00000 0.10436 0.99454  0.00000 0.10433 0.99454  0.00000 0.10432 0.99454  -0.00000 0.10436 0.99454  0.00005 0.10432 0.99454 </float_array>
               <technique_common>
                  <accessor count="20" source="#coords_ME_ID52_normal-normal-array" stride="3">
                     <param name="X" type="float"/>
                     <param name="Y" type="float"/>
                     <param name="Z" type="float"/>
                  </accessor>
               </technique_common>
            </source>
            <vertices id="verts">
               <input semantic="POSITION" source="#coords_ME_ID52-source-position"/>
            </vertices>
            <triangles count="20" material="MA_Doors">
               <input offset="0" semantic="VERTEX" source="#verts"/>
               <input offset="1"
                      semantic="NORMAL"
                      source="#coords_ME_ID52_normal-source-normal"/>
               <p>0 0 1 0 2 0 1 1 0 1 3 1 1 2 3 2 4 2 1 3 4 3 5 3 5 4 4 4 6 4 1 5 5 5 7 5 16 6 17 6 18 6 17 7 16 7 19 7 18 8 17 8 20 8 17 9 19 9 21 9 21 10 19 10 22 10 21 11 22 11 23 11 22 12 19 12 24 12 24 13 19 13 25 13 20 14 25 14 18 14 25 15 20 15 26 15 25 16 26 16 23 16 23 17 26 17 21 17 25 18 23 18 27 18 25 19 27 19 24 19 </p>
            </triangles>
         </mesh>
      </geometry>
      <geometry id="coords_ME_ID46_MA_Windows-geometry" name="coords_ME_ID46">
         <mesh>
            <source id="coords_ME_ID46-source-position" name="position">
               <float_array id="coords_ME_ID46-position-array" count="24">5839.993164 360.728027 33.355869 4652.713379 253.225693 53.060009 4652.713379 360.728027 33.355869 5839.993164 253.225693 53.059998 5839.993164 253.225693 53.059998 5839.993164 360.728027 33.355869 4652.713379 253.225693 53.060009 4652.713379 360.728027 33.355869</float_array>
               <technique_common>
                  <accessor count="8" source="#coords_ME_ID46-position-array" stride="3">
                     <param name="X" type="float"/>
                     <param name="Y" type="float"/>
                     <param name="Z" type="float"/>
                  </accessor>
               </technique_common>
            </source>
            <source id="coords_ME_ID46_normal-source-normal" name="normal">
               <float_array id="coords_ME_ID46_normal-normal-array" count="6">0.00000 0.18029 0.98361  0.00000 0.18029 0.98361 </float_array>
               <technique_common>
                  <accessor count="2" source="#coords_ME_ID46_normal-normal-array" stride="3">
                     <param name="X" type="float"/>
                     <param name="Y" type="float"/>
                     <param name="Z" type="float"/>
                  </accessor>
               </technique_common>
            </source>
            <vertices id="verts">
               <input semantic="POSITION" source="#coords_ME_ID46-source-position"/>
            </vertices>
            <triangles count="2" material="MA_Windows">
               <input offset="0" semantic="VERTEX" source="#verts"/>
               <input offset="1"
                      semantic="NORMAL"
                      source="#coords_ME_ID46_normal-source-normal"/>
               <p>4 0 5 0 6 0 7 1 6 1 5 1 </p>
            </triangles>
         </mesh>
      </geometry>
      <geometry id="coords_ME_ID46_MA_Sub_car_part_3-geometry" name="coords_ME_ID46">
         <mesh>
            <source id="coords_ME_ID46-source-position" name="position">
               <float_array id="coords_ME_ID46-position-array" count="24">5839.993164 360.728027 33.355869 4652.713379 253.225693 53.060009 4652.713379 360.728027 33.355869 5839.993164 253.225693 53.059998 5839.993164 253.225693 53.059998 5839.993164 360.728027 33.355869 4652.713379 253.225693 53.060009 4652.713379 360.728027 33.355869</float_array>
               <technique_common>
                  <accessor count="8" source="#coords_ME_ID46-position-array" stride="3">
                     <param name="X" type="float"/>
                     <param name="Y" type="float"/>
                     <param name="Z" type="float"/>
                  </accessor>
               </technique_common>
            </source>
            <source id="coords_ME_ID46_normal-source-normal" name="normal">
               <float_array id="coords_ME_ID46_normal-normal-array" count="6">0.00000 -0.18029 -0.98361  -0.00000 -0.18029 -0.98361 </float_array>
               <technique_common>
                  <accessor count="2" source="#coords_ME_ID46_normal-normal-array" stride="3">
                     <param name="X" type="float"/>
                     <param name="Y" type="float"/>
                     <param name="Z" type="float"/>
                  </accessor>
               </technique_common>
            </source>
            <vertices id="verts">
               <input semantic="POSITION" source="#coords_ME_ID46-source-position"/>
            </vertices>
            <triangles count="2" material="MA_Sub_car_part_3">
               <input offset="0" semantic="VERTEX" source="#verts"/>
               <input offset="1"
                      semantic="NORMAL"
                      source="#coords_ME_ID46_normal-source-normal"/>
               <p>0 0 1 0 2 0 1 1 0 1 3 1 </p>
            </triangles>
         </mesh>
      </geometry>
      <geometry id="coords_ME_ID40_MA_Windows-geometry" name="coords_ME_ID40">
         <mesh>
            <source id="coords_ME_ID40-source-position" name="position">
               <float_array id="coords_ME_ID40-position-array" count="24">2894.233154 253.225693 1228.089966 4083.729248 360.728027 1247.795044 2894.233154 360.728027 1247.795044 4083.729248 253.225693 1228.089966 4083.729248 253.225693 1228.089966 2894.233154 253.225693 1228.089966 4083.729248 360.728027 1247.795044 2894.233154 360.728027 1247.795044</float_array>
               <technique_common>
                  <accessor count="8" source="#coords_ME_ID40-position-array" stride="3">
                     <param name="X" type="float"/>
                     <param name="Y" type="float"/>
                     <param name="Z" type="float"/>
                  </accessor>
               </technique_common>
            </source>
            <source id="coords_ME_ID40_normal-source-normal" name="normal">
               <float_array id="coords_ME_ID40_normal-normal-array" count="3">0.00000 0.18030 -0.98361 </float_array>
               <technique_common>
                  <accessor count="1" source="#coords_ME_ID40_normal-normal-array" stride="3">
                     <param name="X" type="float"/>
                     <param name="Y" type="float"/>
                     <param name="Z" type="float"/>
                  </accessor>
               </technique_common>
            </source>
            <vertices id="verts">
               <input semantic="POSITION" source="#coords_ME_ID40-source-position"/>
            </vertices>
            <triangles count="2" material="MA_Windows">
               <input offset="0" semantic="VERTEX" source="#verts"/>
               <input offset="1"
                      semantic="NORMAL"
                      source="#coords_ME_ID40_normal-source-normal"/>
               <p>4 0 5 0 6 0 7 0 6 0 5 0 </p>
            </triangles>
         </mesh>
      </geometry>
      <geometry id="coords_ME_ID40_MA_Sub_car_part_3-geometry" name="coords_ME_ID40">
         <mesh>
            <source id="coords_ME_ID40-source-position" name="position">
               <float_array id="coords_ME_ID40-position-array" count="24">2894.233154 253.225693 1228.089966 4083.729248 360.728027 1247.795044 2894.233154 360.728027 1247.795044 4083.729248 253.225693 1228.089966 4083.729248 253.225693 1228.089966 2894.233154 253.225693 1228.089966 4083.729248 360.728027 1247.795044 2894.233154 360.728027 1247.795044</float_array>
               <technique_common>
                  <accessor count="8" source="#coords_ME_ID40-position-array" stride="3">
                     <param name="X" type="float"/>
                     <param name="Y" type="float"/>
                     <param name="Z" type="float"/>
                  </accessor>
               </technique_common>
            </source>
            <source id="coords_ME_ID40_normal-source-normal" name="normal">
               <float_array id="coords_ME_ID40_normal-normal-array" count="3">0.00000 -0.18030 0.98361 </float_array>
               <technique_common>
                  <accessor count="1" source="#coords_ME_ID40_normal-normal-array" stride="3">
                     <param name="X" type="float"/>
                     <param name="Y" type="float"/>
                     <param name="Z" type="float"/>
                  </accessor>
               </technique_common>
            </source>
            <vertices id="verts">
               <input semantic="POSITION" source="#coords_ME_ID40-source-position"/>
            </vertices>
            <triangles count="2" material="MA_Sub_car_part_3">
               <input offset="0" semantic="VERTEX" source="#verts"/>
               <input offset="1"
                      semantic="NORMAL"
                      source="#coords_ME_ID40_normal-source-normal"/>
               <p>0 0 1 0 2 0 1 0 0 0 3 0 </p>
            </triangles>
         </mesh>
      </geometry>
      <geometry id="coords_ME_ID34_MA_Sub_car_part_1-geometry" name="coords_ME_ID34">
         <mesh>
            <source id="coords_ME_ID34-source-position" name="position">
               <float_array id="coords_ME_ID34-position-array" count="24">5839.993164 253.225693 53.059998 4652.713379 152.123703 71.591019 4652.713379 253.225693 53.060009 5839.993164 152.123703 71.591011 5839.993164 152.123703 71.591011 5839.993164 253.225693 53.059998 4652.713379 152.123703 71.591019 4652.713379 253.225693 53.060009</float_array>
               <technique_common>
                  <accessor count="8" source="#coords_ME_ID34-position-array" stride="3">
                     <param name="X" type="float"/>
                     <param name="Y" type="float"/>
                     <param name="Z" type="float"/>
                  </accessor>
               </technique_common>
            </source>
            <source id="coords_ME_ID34_normal-source-normal" name="normal">
               <float_array id="coords_ME_ID34_normal-normal-array" count="6">-0.00000 -0.18029 -0.98361  -0.00000 -0.18029 -0.98361 </float_array>
               <technique_common>
                  <accessor count="2" source="#coords_ME_ID34_normal-normal-array" stride="3">
                     <param name="X" type="float"/>
                     <param name="Y" type="float"/>
                     <param name="Z" type="float"/>
                  </accessor>
               </technique_common>
            </source>
            <vertices id="verts">
               <input semantic="POSITION" source="#coords_ME_ID34-source-position"/>
            </vertices>
            <triangles count="2" material="MA_Sub_car_part_1">
               <input offset="0" semantic="VERTEX" source="#verts"/>
               <input offset="1"
                      semantic="NORMAL"
                      source="#coords_ME_ID34_normal-source-normal"/>
               <p>0 0 1 0 2 0 1 1 0 1 3 1 </p>
            </triangles>
         </mesh>
      </geometry>
      <geometry id="coords_ME_ID34_MA_Windows-geometry" name="coords_ME_ID34">
         <mesh>
            <source id="coords_ME_ID34-source-position" name="position">
               <float_array id="coords_ME_ID34-position-array" count="24">5839.993164 253.225693 53.059998 4652.713379 152.123703 71.591019 4652.713379 253.225693 53.060009 5839.993164 152.123703 71.591011 5839.993164 152.123703 71.591011 5839.993164 253.225693 53.059998 4652.713379 152.123703 71.591019 4652.713379 253.225693 53.060009</float_array>
               <technique_common>
                  <accessor count="8" source="#coords_ME_ID34-position-array" stride="3">
                     <param name="X" type="float"/>
                     <param name="Y" type="float"/>
                     <param name="Z" type="float"/>
                  </accessor>
               </technique_common>
            </source>
            <source id="coords_ME_ID34_normal-source-normal" name="normal">
               <float_array id="coords_ME_ID34_normal-normal-array" count="6">0.00000 0.18029 0.98361  0.00000 0.18029 0.98361 </float_array>
               <technique_common>
                  <accessor count="2" source="#coords_ME_ID34_normal-normal-array" stride="3">
                     <param name="X" type="float"/>
                     <param name="Y" type="float"/>
                     <param name="Z" type="float"/>
                  </accessor>
               </technique_common>
            </source>
            <vertices id="verts">
               <input semantic="POSITION" source="#coords_ME_ID34-source-position"/>
            </vertices>
            <triangles count="2" material="MA_Windows">
               <input offset="0" semantic="VERTEX" source="#verts"/>
               <input offset="1"
                      semantic="NORMAL"
                      source="#coords_ME_ID34_normal-source-normal"/>
               <p>4 0 5 0 6 0 7 1 6 1 5 1 </p>
            </triangles>
         </mesh>
      </geometry>
      <geometry id="coords_ME_ID26_MA_Windows-geometry" name="coords_ME_ID26">
         <mesh>
            <source id="coords_ME_ID26-source-position" name="position">
               <float_array id="coords_ME_ID26-position-array" count="48">6977.962402 253.225693 53.059998 6977.962402 360.728027 482.736084 6977.962402 253.225693 482.736084 6977.962402 360.728027 33.355850 6977.962402 360.728027 33.355850 6977.962402 253.225693 53.059998 6977.962402 360.728027 482.736084 6977.962402 253.225693 482.736084 6977.962402 360.728027 33.355850 6408.978516 253.225693 53.059990 6408.978516 360.728027 33.355858 6977.962402 253.225693 53.059998 6977.962402 253.225693 53.059998 6977.962402 360.728027 33.355850 6408.978516 253.225693 53.059990 6408.978516 360.728027 33.355858</float_array>
               <technique_common>
                  <accessor count="16" source="#coords_ME_ID26-position-array" stride="3">
                     <param name="X" type="float"/>
                     <param name="Y" type="float"/>
                     <param name="Z" type="float"/>
                  </accessor>
               </technique_common>
            </source>
            <source id="coords_ME_ID26_normal-source-normal" name="normal">
               <float_array id="coords_ME_ID26_normal-normal-array" count="12">-1.00000 0.00000 0.00000  -1.00000 0.00000 0.00000  -0.00000 0.18029 0.98361  0.00000 0.18029 0.98361 </float_array>
               <technique_common>
                  <accessor count="4" source="#coords_ME_ID26_normal-normal-array" stride="3">
                     <param name="X" type="float"/>
                     <param name="Y" type="float"/>
                     <param name="Z" type="float"/>
                  </accessor>
               </technique_common>
            </source>
            <vertices id="verts">
               <input semantic="POSITION" source="#coords_ME_ID26-source-position"/>
            </vertices>
            <triangles count="4" material="MA_Windows">
               <input offset="0" semantic="VERTEX" source="#verts"/>
               <input offset="1"
                      semantic="NORMAL"
                      source="#coords_ME_ID26_normal-source-normal"/>
               <p>4 0 5 0 6 0 7 1 6 1 5 1 12 2 13 2 14 2 15 3 14 3 13 3 </p>
            </triangles>
         </mesh>
      </geometry>
      <geometry id="coords_ME_ID26_MA_Sub_car_part_3-geometry" name="coords_ME_ID26">
         <mesh>
            <source id="coords_ME_ID26-source-position" name="position">
               <float_array id="coords_ME_ID26-position-array" count="48">6977.962402 253.225693 53.059998 6977.962402 360.728027 482.736084 6977.962402 253.225693 482.736084 6977.962402 360.728027 33.355850 6977.962402 360.728027 33.355850 6977.962402 253.225693 53.059998 6977.962402 360.728027 482.736084 6977.962402 253.225693 482.736084 6977.962402 360.728027 33.355850 6408.978516 253.225693 53.059990 6408.978516 360.728027 33.355858 6977.962402 253.225693 53.059998 6977.962402 253.225693 53.059998 6977.962402 360.728027 33.355850 6408.978516 253.225693 53.059990 6408.978516 360.728027 33.355858</float_array>
               <technique_common>
                  <accessor count="16" source="#coords_ME_ID26-position-array" stride="3">
                     <param name="X" type="float"/>
                     <param name="Y" type="float"/>
                     <param name="Z" type="float"/>
                  </accessor>
               </technique_common>
            </source>
            <source id="coords_ME_ID26_normal-source-normal" name="normal">
               <float_array id="coords_ME_ID26_normal-normal-array" count="12">1.00000 0.00000 0.00000  1.00000 0.00000 0.00000  -0.00000 -0.18029 -0.98361  0.00000 -0.18029 -0.98361 </float_array>
               <technique_common>
                  <accessor count="4" source="#coords_ME_ID26_normal-normal-array" stride="3">
                     <param name="X" type="float"/>
                     <param name="Y" type="float"/>
                     <param name="Z" type="float"/>
                  </accessor>
               </technique_common>
            </source>
            <vertices id="verts">
               <input semantic="POSITION" source="#coords_ME_ID26-source-position"/>
            </vertices>
            <triangles count="4" material="MA_Sub_car_part_3">
               <input offset="0" semantic="VERTEX" source="#verts"/>
               <input offset="1"
                      semantic="NORMAL"
                      source="#coords_ME_ID26_normal-source-normal"/>
               <p>0 0 1 0 2 0 1 1 0 1 3 1 8 2 9 2 10 2 9 3 8 3 11 3 </p>
            </triangles>
         </mesh>
      </geometry>
      <geometry id="coords_ME_ID20_MA_Windows-geometry" name="coords_ME_ID20">
         <mesh>
            <source id="coords_ME_ID20-source-position" name="position">
               <float_array id="coords_ME_ID20-position-array" count="24">6977.962402 542.711609 41.340080 6977.962402 1118.315063 425.175781 6977.962402 542.711609 425.175781 6977.962402 1118.315063 101.718002 6977.962402 1118.315063 101.718002 6977.962402 542.711609 41.340080 6977.962402 1118.315063 425.175781 6977.962402 542.711609 425.175781</float_array>
               <technique_common>
                  <accessor count="8" source="#coords_ME_ID20-position-array" stride="3">
                     <param name="X" type="float"/>
                     <param name="Y" type="float"/>
                     <param name="Z" type="float"/>
                  </accessor>
               </technique_common>
            </source>
            <source id="coords_ME_ID20_normal-source-normal" name="normal">
               <float_array id="coords_ME_ID20_normal-normal-array" count="6">1.00000 0.00000 0.00000  -1.00000 0.00000 0.00000 </float_array>
               <technique_common>
                  <accessor count="2" source="#coords_ME_ID20_normal-normal-array" stride="3">
                     <param name="X" type="float"/>
                     <param name="Y" type="float"/>
                     <param name="Z" type="float"/>
                  </accessor>
               </technique_common>
            </source>
            <vertices id="verts">
               <input semantic="POSITION" source="#coords_ME_ID20-source-position"/>
            </vertices>
            <triangles count="4" material="MA_Windows">
               <input offset="0" semantic="VERTEX" source="#verts"/>
               <input offset="1"
                      semantic="NORMAL"
                      source="#coords_ME_ID20_normal-source-normal"/>
               <p>0 0 1 0 2 0 1 0 0 0 3 0 4 1 5 1 6 1 7 1 6 1 5 1 </p>
            </triangles>
         </mesh>
      </geometry>
      <geometry id="coords_ME_ID14_MA_Windows-geometry" name="coords_ME_ID14">
         <mesh>
            <source id="coords_ME_ID14-source-position" name="position">
               <float_array id="coords_ME_ID14-position-array" count="300">6977.962402 0.000100 71.591003 6977.962402 12.334380 571.132263 6977.962402 12.334380 710.018188 6977.962402 152.123795 71.591003 6977.962402 152.123703 571.132263 6977.962402 152.123703 482.736084 6977.962402 0.000043 1209.559937 6977.962402 152.123703 1209.559937 6977.962402 152.123703 798.414368 6977.962402 152.123703 710.018188 6977.962402 152.123703 710.018188 6977.962402 12.334380 710.018188 6977.962402 152.123703 798.414368 6977.962402 152.123703 1209.559937 6977.962402 0.000100 71.591003 6977.962402 0.000043 1209.559937 6977.962402 152.123703 482.736084 6977.962402 152.123795 71.591003 6977.962402 152.123703 571.132263 6977.962402 12.334380 571.132263 6977.962402 12.334380 571.132263 6977.962402 152.123703 710.018188 6977.962402 12.334380 710.018188 6977.962402 152.123703 571.132263 6977.962402 152.123703 571.132263 6977.962402 12.334380 571.132263 6977.962402 152.123703 710.018188 6977.962402 12.334380 710.018188 0.000011 0.000039 1209.559082 568.984314 152.123703 1209.559082 0.000010 152.123596 1209.559082 6977.962402 0.000043 1209.559937 1137.968994 152.123703 1209.559082 2325.249023 152.123703 1209.559082 2894.233154 152.123703 1209.559082 4083.729248 152.123703 1209.559082 4652.713379 152.123703 1209.559082 5839.993164 152.123703 1209.559082 6408.978516 152.123703 1209.559937 6977.962402 152.123703 1209.559937 6977.962402 152.123703 1209.559937 6977.962402 0.000043 1209.559937 6408.978516 152.123703 1209.559937 5839.993164 152.123703 1209.559082 4652.713379 152.123703 1209.559082 4083.729248 152.123703 1209.559082 2894.233154 152.123703 1209.559082 2325.249023 152.123703 1209.559082 1137.968994 152.123703 1209.559082 568.984314 152.123703 1209.559082 0.000011 0.000039 1209.559082 0.000010 152.123596 1209.559082 6977.962402 0.000100 71.591003 0.000011 0.000039 1209.559082 0.000011 0.000000 71.591003 6977.962402 0.000043 1209.559937 6977.962402 0.000043 1209.559937 6977.962402 0.000100 71.591003 0.000011 0.000039 1209.559082 0.000011 0.000000 71.591003 568.984314 152.123703 71.591057 0.000011 0.000000 71.591003 0.000010 152.123703 71.591026 6977.962402 0.000100 71.591003 1137.968994 152.123703 71.591049 2325.249023 152.123703 71.591042 2894.233154 152.123703 71.591026 4083.729248 152.123703 71.591026 4652.713379 152.123703 71.591019 5839.993164 152.123703 71.591011 6408.978516 152.123703 71.591011 6977.962402 152.123795 71.591003 6977.962402 152.123795 71.591003 6408.978516 152.123703 71.591011 6977.962402 0.000100 71.591003 5839.993164 152.123703 71.591011 4652.713379 152.123703 71.591019 4083.729248 152.123703 71.591026 2894.233154 152.123703 71.591026 2325.249023 152.123703 71.591042 1137.968994 152.123703 71.591049 568.984314 152.123703 71.591057 0.000011 0.000000 71.591003 0.000010 152.123703 71.591026 0.000011 152.123703 867.156799 0.000009 152.123703 798.414307 0.000010 152.123596 1209.559082 0.000007 152.123703 571.132263 0.000007 152.123703 482.736084 0.000011 0.000039 1209.559082 0.000010 152.123703 71.591026 0.000011 0.000000 71.591003 0.000007 152.123703 482.736084 0.000009 152.123703 798.414307 0.000010 152.123703 71.591026 0.000010 152.123596 1209.559082 0.000011 0.000039 1209.559082 0.000011 0.000000 71.591003 0.000007 152.123703 571.132263 0.000011 152.123703 867.156799</float_array>
               <technique_common>
                  <accessor count="100" source="#coords_ME_ID14-position-array" stride="3">
                     <param name="X" type="float"/>
                     <param name="Y" type="float"/>
                     <param name="Z" type="float"/>
                  </accessor>
               </technique_common>
            </source>
            <source id="coords_ME_ID14_normal-source-normal" name="normal">
               <float_array id="coords_ME_ID14_normal-normal-array" count="162">1.00000 0.00000 0.00000  1.00000 0.00000 0.00000  -1.00000 0.00000 0.00000  -1.00000 0.00000 0.00000  0.00000 0.00000 1.00000  -0.00000 0.00000 1.00000  0.00000 0.00001 1.00000  0.00000 0.00001 1.00000  0.00000 0.00001 1.00000  0.00000 0.00001 1.00000  0.00000 0.00001 1.00000  -0.00000 -0.00001 1.00000  0.00000 0.00000 -1.00000  0.00000 0.00001 -1.00000  0.00000 -0.00001 -1.00000  0.00000 -0.00001 -1.00000  0.00000 -0.00001 -1.00000  0.00000 -0.00001 -1.00000  0.00000 -0.00001 -1.00000  0.00000 -0.00000 -1.00000  0.00000 -1.00000 0.00000  0.00000 -1.00000 -0.00000  -0.00000 1.00000 0.00000  -0.00000 1.00000 -0.00000  0.00000 0.00000 -1.00000  -0.00000 0.00000 -1.00000  -0.00000 -0.00000 -1.00000  -0.00000 0.00000 -1.00000  -0.00000 -0.00000 -1.00000  0.00000 0.00000 -1.00000  -0.00000 -0.00000 -1.00000  -0.00000 0.00000 -1.00000  0.00000 0.00000 -1.00000  -0.00000 0.00000 -1.00000  0.00000 0.00000 1.00000  0.00000 -0.00000 1.00000  0.00000 -0.00000 1.00000  0.00000 0.00000 1.00000  0.00000 -0.00000 1.00000  0.00000 0.00000 1.00000  0.00000 -0.00000 1.00000  0.00000 0.00000 1.00000  0.00000 -0.00000 1.00000  -0.00000 -0.00000 1.00000  -0.99479 0.10191 0.00000  0.00000 -1.00000 0.00000  -1.00000 -0.00000 0.00000  -1.00000 -0.00000 -0.00000  -1.00000 -0.00000 0.00000  0.00000 1.00000 0.00000  1.00000 0.00000 -0.00000  1.00000 0.00000 0.00000  1.00000 0.00000 -0.00000  0.99479 -0.10191 -0.00000 </float_array>
               <technique_common>
                  <accessor count="54" source="#coords_ME_ID14_normal-normal-array" stride="3">
                     <param name="X" type="float"/>
                     <param name="Y" type="float"/>
                     <param name="Z" type="float"/>
                  </accessor>
               </technique_common>
            </source>
            <vertices id="verts">
               <input semantic="POSITION" source="#coords_ME_ID14-source-position"/>
            </vertices>
            <triangles count="76" material="MA_Windows">
               <input offset="0" semantic="VERTEX" source="#verts"/>
               <input offset="1"
                      semantic="NORMAL"
                      source="#coords_ME_ID14_normal-source-normal"/>
               <p>0 0 1 0 2 0 1 1 0 1 3 1 1 0 3 0 4 0 4 2 3 2 5 2 6 0 2 0 7 0 6 1 0 1 2 1 7 0 2 0 8 0 8 0 2 0 9 0 10 2 11 2 12 2 12 2 11 2 13 2 14 3 15 3 11 3 13 2 11 2 15 2 16 0 17 0 18 0 18 2 17 2 19 2 17 3 14 3 19 3 11 2 19 2 14 2 20 0 21 0 22 0 21 0 20 0 23 0 24 2 25 2 26 2 27 2 26 2 25 2 28 4 29 4 30 4 29 5 28 5 31 5 29 6 31 6 32 6 32 7 31 7 33 7 33 8 31 8 34 8 34 9 31 9 35 9 35 10 31 10 36 10 36 6 31 6 37 6 37 11 31 11 38 11 38 4 31 4 39 4 40 12 41 12 42 12 42 13 41 13 43 13 43 14 41 14 44 14 44 15 41 15 45 15 45 16 41 16 46 16 46 17 41 17 47 17 47 18 41 18 48 18 48 14 41 14 49 14 41 19 50 19 49 19 51 12 49 12 50 12 52 20 53 20 54 20 53 21 52 21 55 21 56 22 57 22 58 22 59 23 58 23 57 23 60 24 61 24 62 24 61 25 60 25 63 25 63 26 60 26 64 26 63 27 64 27 65 27 63 28 65 28 66 28 63 29 66 29 67 29 63 30 67 30 68 30 63 31 68 31 69 31 63 32 69 32 70 32 63 33 70 33 71 33 72 34 73 34 74 34 73 35 75 35 74 35 75 36 76 36 74 36 76 37 77 37 74 37 77 38 78 38 74 38 78 39 79 39 74 39 79 40 80 40 74 40 80 41 81 41 74 41 74 42 81 42 82 42 83 43 82 43 81 43 84 44 85 44 86 44 87 45 88 45 85 45 89 46 90 46 91 46 90 47 89 47 85 47 85 48 89 48 86 48 90 45 85 45 88 45 92 49 93 49 94 49 95 50 96 50 93 50 93 51 96 51 94 51 97 52 94 52 96 52 93 49 92 49 98 49 95 53 93 53 99 53 </p>
            </triangles>
         </mesh>
      </geometry>
      <geometry id="coords_ME_ID4_MA_Sub_car_part_1-geometry" name="coords_ME_ID4">
         <mesh>
            <source id="coords_ME_ID4-source-position" name="position">
               <float_array id="coords_ME_ID4-position-array" count="1536">6977.962402 1118.315063 798.414368 6895.733398 152.123703 798.414368 6895.733398 1118.315063 798.414368 6977.962402 360.728027 798.414368 6977.962402 253.225693 798.414368 6977.962402 152.123703 798.414368 6977.962402 152.123703 798.414368 6977.962402 253.225693 798.414368 6895.733398 152.123703 798.414368 6977.962402 360.728027 798.414368 6977.962402 1118.315063 798.414368 6895.733398 1118.315063 798.414368 6977.962402 152.123703 798.414368 6977.962402 253.225693 1228.091064 6977.962402 152.123703 1209.559937 6977.962402 253.225693 798.414368 6977.962402 253.225693 798.414368 6977.962402 152.123703 798.414368 6977.962402 253.225693 1228.091064 6977.962402 152.123703 1209.559937 6895.733398 152.123703 482.736084 6977.962402 152.123703 571.132263 6977.962402 152.123703 482.736084 6895.733398 152.123703 798.414368 6977.962402 152.123703 710.018188 6977.962402 152.123703 798.414368 6977.962402 152.123703 798.414368 6895.733398 152.123703 798.414368 6977.962402 152.123703 710.018188 6977.962402 152.123703 571.132263 6895.733398 152.123703 482.736084 6977.962402 152.123703 482.736084 6895.733398 152.123703 482.736084 6895.733398 1118.315063 798.414368 6895.733398 152.123703 798.414368 6895.733398 1118.315063 482.736084 6895.733398 1118.315063 482.736084 6895.733398 152.123703 482.736084 6895.733398 1118.315063 798.414368 6895.733398 152.123703 798.414368 6977.962402 1118.315063 798.414368 6895.733398 1118.315063 482.736084 6977.962402 1118.315063 482.736084 6895.733398 1118.315063 798.414368 6895.733398 1118.315063 798.414368 6977.962402 1118.315063 798.414368 6895.733398 1118.315063 482.736084 6977.962402 1118.315063 482.736084 6977.962402 360.728027 798.414368 6977.962402 542.711609 1281.151001 6977.962402 360.728027 1247.795044 6977.962402 542.711609 855.974670 6977.962402 1118.315063 798.414368 6977.962402 542.711609 1239.809937 6977.962402 1118.315063 855.974670 6977.962402 1118.315063 1179.432007 6977.962402 360.728027 482.736084 6977.962402 542.711609 425.175781 6977.962402 1118.315063 482.736084 6977.962402 360.728027 33.355850 6977.962402 1118.315063 425.175781 6977.962402 542.711609 41.340080 6977.962402 542.711609 0.000000 6977.962402 1118.315063 101.718002 6977.962402 1225.213013 71.591011 6977.962402 1225.212036 1209.559937 6977.962402 1274.549927 798.414368 6977.962402 1274.549927 482.736084 6977.962402 1118.315063 101.718002 6977.962402 1118.315063 425.175781 6977.962402 1225.212036 1209.559937 6977.962402 1118.315063 482.736084 6977.962402 1118.315063 798.414368 6977.962402 1118.315063 1179.432007 6977.962402 542.711609 1239.809937 6977.962402 542.711609 1281.151001 6977.962402 1274.549927 482.736084 6977.962402 1225.213013 71.591011 6977.962402 1274.549927 798.414368 6977.962402 542.711609 0.000000 6977.962402 542.711609 41.340080 6977.962402 360.728027 33.355850 6977.962402 542.711609 425.175781 6977.962402 360.728027 482.736084 6977.962402 1118.315063 855.974670 6977.962402 542.711609 855.974670 6977.962402 360.728027 798.414368 6977.962402 360.728027 1247.795044 6408.978516 152.123703 1209.559937 6977.962402 253.225693 1228.091064 6408.978516 253.225693 1228.091064 6977.962402 152.123703 1209.559937 6977.962402 152.123703 1209.559937 6408.978516 152.123703 1209.559937 6977.962402 253.225693 1228.091064 6408.978516 253.225693 1228.091064 6895.733398 152.123703 482.736084 6977.962402 1118.315063 482.736084 6895.733398 1118.315063 482.736084 6977.962402 360.728027 482.736084 6977.962402 253.225693 482.736084 6977.962402 152.123703 482.736084 6977.962402 152.123703 482.736084 6895.733398 152.123703 482.736084 6977.962402 253.225693 482.736084 6977.962402 360.728027 482.736084 6977.962402 1118.315063 482.736084 6895.733398 1118.315063 482.736084 6977.962402 542.711609 0.000000 6408.978516 360.728027 33.355858 6408.978516 542.711609 0.000010 6977.962402 360.728027 33.355850 6977.962402 360.728027 33.355850 6977.962402 542.711609 0.000000 6408.978516 360.728027 33.355858 6408.978516 542.711609 0.000010 0.000003 1225.212036 71.591003 55.118107 1108.591064 59.358040 0.000006 542.711609 0.000136 6977.962402 1225.213013 71.591011 523.314880 1108.591064 59.358040 568.984314 1108.591064 59.358059 523.315002 655.887573 11.871670 1137.968994 1108.591064 59.358047 1183.487061 1108.591064 59.358009 1137.968994 542.711609 0.000058 2279.729980 1108.591064 59.358009 2325.249023 1108.591064 59.358028 2279.729980 655.887573 11.871650 2894.233154 1108.591064 59.358017 2939.752197 1108.591064 59.358017 2894.233154 542.711609 0.000036 4038.209961 1108.591064 59.358017 4083.729248 1108.591064 59.358017 4038.209961 655.887573 11.871650 4652.713379 1108.591064 59.358009 4698.232422 1108.591064 59.358017 4652.713379 542.711609 0.000024 5794.475098 1108.591064 59.358017 5839.993164 1108.591064 59.358009 5794.475098 655.887573 11.871659 6408.978516 1108.591064 59.358002 6454.647461 1108.591064 59.358017 6408.978516 542.711609 0.000010 6922.844238 1108.591064 59.358017 6922.844238 655.887695 11.871650 6454.647461 655.887573 11.871650 6977.962402 542.711609 0.000000 55.118160 655.887573 11.871670 568.984314 542.711609 0.000088 1183.487061 655.887512 11.871610 2325.249023 542.711609 0.000065 2939.752197 655.887512 11.871610 4083.729248 542.711609 0.000054 4698.232422 655.887512 11.871619 5839.993164 542.711609 0.000040 5839.993164 1108.591064 59.358009 5794.475098 655.887573 11.871659 5839.993164 542.711609 0.000040 4698.232422 655.887512 11.871619 4698.232422 1108.591064 59.358017 4652.713379 542.711609 0.000024 4083.729248 1108.591064 59.358017 4038.209961 655.887573 11.871650 4083.729248 542.711609 0.000054 2939.752197 655.887512 11.871610 2939.752197 1108.591064 59.358017 2894.233154 542.711609 0.000036 2325.249023 1108.591064 59.358028 2279.729980 655.887573 11.871650 2325.249023 542.711609 0.000065 1183.487061 655.887512 11.871610 1183.487061 1108.591064 59.358009 1137.968994 542.711609 0.000058 568.984314 1108.591064 59.358059 523.315002 655.887573 11.871670 568.984314 542.711609 0.000088 55.118160 655.887573 11.871670 55.118107 1108.591064 59.358040 0.000006 542.711609 0.000136 6977.962402 1225.213013 71.591011 6922.844238 655.887695 11.871650 6977.962402 542.711609 0.000000 6454.647461 655.887573 11.871650 6454.647461 1108.591064 59.358017 6408.978516 542.711609 0.000010 6922.844238 1108.591064 59.358017 6408.978516 1108.591064 59.358002 5794.475098 1108.591064 59.358017 4652.713379 1108.591064 59.358009 4038.209961 1108.591064 59.358017 2894.233154 1108.591064 59.358017 2279.729980 1108.591064 59.358009 1137.968994 1108.591064 59.358047 523.314880 1108.591064 59.358040 0.000003 1225.212036 71.591003 0.000002 1274.549927 482.736084 6977.962402 1225.213013 71.591011 0.000003 1225.212036 71.591003 6977.962402 1274.549927 482.736084 6977.962402 1274.549927 482.736084 0.000002 1274.549927 482.736084 6977.962402 1225.213013 71.591011 0.000003 1225.212036 71.591003 0.000002 1274.549927 798.414368 6977.962402 1274.549927 482.736084 0.000002 1274.549927 482.736084 6977.962402 1274.549927 798.414368 6977.962402 1274.549927 798.414368 0.000002 1274.549927 798.414368 6977.962402 1274.549927 482.736084 0.000002 1274.549927 482.736084 0.000003 1225.212036 1209.559937 6977.962402 1274.549927 798.414368 0.000002 1274.549927 798.414368 6977.962402 1225.212036 1209.559937 6977.962402 1225.212036 1209.559937 0.000003 1225.212036 1209.559937 6977.962402 1274.549927 798.414368 0.000002 1274.549927 798.414368 0.000007 542.711487 1281.150024 55.118160 655.887512 1269.279053 55.118107 1108.591064 1221.792114 568.984314 542.711609 1281.150024 523.315002 655.887512 1269.279053 1137.968994 542.711609 1281.150024 1183.487061 655.887512 1269.279053 1183.487061 1108.591064 1221.793091 2325.249023 542.711609 1281.150024 2279.729980 655.887573 1269.279053 2894.233154 542.711609 1281.150024 2939.752197 655.887512 1269.279053 2939.752197 1108.591064 1221.792114 4083.729248 542.711609 1281.150024 4038.209961 655.887573 1269.279053 4652.713379 542.711609 1281.150024 4698.232422 655.887512 1269.279053 4698.232422 1108.591064 1221.792114 5839.993164 542.711609 1281.150024 5794.475098 655.887573 1269.279053 6408.978516 542.711609 1281.151001 6454.647461 655.887512 1269.279053 6454.647461 1108.591064 1221.793091 6977.962402 542.711609 1281.151001 6922.844238 655.887573 1269.279053 6977.962402 1225.212036 1209.559937 0.000003 1225.212036 1209.559937 523.314880 1108.591064 1221.792114 568.984314 1108.591064 1221.792114 1137.968994 1108.591064 1221.792114 2279.729980 1108.591064 1221.793091 2325.249023 1108.591064 1221.792114 2894.233154 1108.591064 1221.792114 4038.209961 1108.591064 1221.792114 4083.729248 1108.591064 1221.792114 4652.713379 1108.591064 1221.792114 5794.475098 1108.591064 1221.792114 5839.993164 1108.591064 1221.793091 6408.978516 1108.591064 1221.793091 6922.844238 1108.591064 1221.793091 6922.844238 655.887573 1269.279053 6922.844238 1108.591064 1221.793091 6977.962402 1225.212036 1209.559937 6454.647461 1108.591064 1221.793091 6408.978516 542.711609 1281.151001 6408.978516 1108.591064 1221.793091 5839.993164 1108.591064 1221.793091 5839.993164 542.711609 1281.150024 5794.475098 655.887573 1269.279053 5794.475098 1108.591064 1221.792114 4698.232422 1108.591064 1221.792114 4652.713379 542.711609 1281.150024 4652.713379 1108.591064 1221.792114 4083.729248 1108.591064 1221.792114 4083.729248 542.711609 1281.150024 4038.209961 655.887573 1269.279053 4038.209961 1108.591064 1221.792114 2939.752197 1108.591064 1221.792114 2894.233154 542.711609 1281.150024 2894.233154 1108.591064 1221.792114 2325.249023 1108.591064 1221.792114 2325.249023 542.711609 1281.150024 2279.729980 655.887573 1269.279053 2279.729980 1108.591064 1221.793091 1183.487061 1108.591064 1221.793091 1137.968994 542.711609 1281.150024 1137.968994 1108.591064 1221.792114 568.984314 1108.591064 1221.792114 568.984314 542.711609 1281.150024 523.315002 655.887512 1269.279053 523.314880 1108.591064 1221.792114 55.118107 1108.591064 1221.792114 0.000007 542.711487 1281.150024 0.000003 1225.212036 1209.559937 6977.962402 542.711609 1281.151001 6454.647461 655.887512 1269.279053 4698.232422 655.887512 1269.279053 2939.752197 655.887512 1269.279053 1183.487061 655.887512 1269.279053 55.118160 655.887512 1269.279053 6408.978516 360.728027 1247.795044 6977.962402 542.711609 1281.151001 6408.978516 542.711609 1281.151001 6977.962402 360.728027 1247.795044 6977.962402 360.728027 1247.795044 6408.978516 360.728027 1247.795044 6977.962402 542.711609 1281.151001 6408.978516 542.711609 1281.151001 6977.962402 152.123795 71.591003 6977.962402 253.225693 482.736084 6977.962402 152.123703 482.736084 6977.962402 253.225693 53.059998 6977.962402 253.225693 53.059998 6977.962402 152.123795 71.591003 6977.962402 253.225693 482.736084 6977.962402 152.123703 482.736084 5839.993164 542.711609 0.000040 4652.713379 360.728027 33.355869 4652.713379 542.711609 0.000024 5839.993164 360.728027 33.355869 5839.993164 360.728027 33.355869 5839.993164 542.711609 0.000040 4652.713379 360.728027 33.355869 4652.713379 542.711609 0.000024 4083.729248 542.711609 0.000054 2894.233154 360.728027 33.355881 2894.233154 542.711609 0.000036 4083.729248 360.728027 33.355888 4083.729248 360.728027 33.355888 4083.729248 542.711609 0.000054 2894.233154 360.728027 33.355881 2894.233154 542.711609 0.000036 2325.249023 542.711609 0.000065 1137.968994 360.728027 33.355907 1137.968994 542.711609 0.000058 2325.249023 360.728027 33.355900 2325.249023 360.728027 33.355900 2325.249023 542.711609 0.000065 1137.968994 360.728027 33.355907 1137.968994 542.711609 0.000058 568.984314 542.711609 0.000088 0.000008 360.728027 33.355961 0.000006 542.711609 0.000136 568.984314 360.728027 33.355919 568.984314 360.728027 33.355919 568.984314 542.711609 0.000088 0.000008 360.728027 33.355961 0.000006 542.711609 0.000136 0.000003 1225.212036 1209.559937 0.000001 542.711487 1239.809937 0.000007 542.711487 1281.150024 0.000000 1118.315063 1179.432007 0.000001 1118.315063 855.974670 0.000003 1118.315063 798.414368 0.000003 1118.315063 482.736084 0.000004 1118.315063 425.175781 0.000005 1118.315063 101.718094 0.000006 542.710266 41.340080 0.000006 542.711609 0.000136 0.000008 360.728027 33.355961 0.000003 1225.212036 71.591003 0.000002 1274.549927 798.414368 0.000002 1274.549927 482.736084 0.000007 360.728027 482.736084 0.000005 542.711609 425.175781 0.000008 360.728027 798.414368 0.000008 360.728027 1247.795044 0.000003 542.711609 855.974670 0.000001 1118.315063 855.974670 0.000003 542.711609 855.974670 0.000003 1118.315063 798.414368 0.000008 360.728027 798.414368 0.000001 542.711487 1239.809937 0.000007 542.711487 1281.150024 0.000008 360.728027 1247.795044 0.000004 1118.315063 425.175781 0.000003 1118.315063 482.736084 0.000005 542.711609 425.175781 0.000006 542.710266 41.340080 0.000008 360.728027 33.355961 0.000007 360.728027 482.736084 0.000002 1274.549927 482.736084 0.000002 1274.549927 798.414368 0.000003 1225.212036 71.591003 0.000003 1225.212036 1209.559937 0.000005 1118.315063 101.718094 0.000006 542.711609 0.000136 0.000000 1118.315063 1179.432007 0.000008 360.728027 1247.795044 568.984314 542.711609 1281.150024 0.000007 542.711487 1281.150024 568.984314 360.728027 1247.795044 568.984314 360.728027 1247.795044 0.000008 360.728027 1247.795044 568.984314 542.711609 1281.150024 0.000007 542.711487 1281.150024 1137.968994 360.728027 1247.795044 2325.249023 542.711609 1281.150024 1137.968994 542.711609 1281.150024 2325.249023 360.728027 1247.795044 2325.249023 360.728027 1247.795044 1137.968994 360.728027 1247.795044 2325.249023 542.711609 1281.150024 1137.968994 542.711609 1281.150024 2894.233154 360.728027 1247.795044 4083.729248 542.711609 1281.150024 2894.233154 542.711609 1281.150024 4083.729248 360.728027 1247.795044 4083.729248 360.728027 1247.795044 2894.233154 360.728027 1247.795044 4083.729248 542.711609 1281.150024 2894.233154 542.711609 1281.150024 4652.713379 360.728027 1247.795044 5839.993164 542.711609 1281.150024 4652.713379 542.711609 1281.150024 5839.993164 360.728027 1247.795044 5839.993164 360.728027 1247.795044 4652.713379 360.728027 1247.795044 5839.993164 542.711609 1281.150024 4652.713379 542.711609 1281.150024 6977.962402 253.225693 53.059998 6408.978516 152.123703 71.591011 6408.978516 253.225693 53.059990 6977.962402 152.123795 71.591003 6977.962402 152.123795 71.591003 6977.962402 253.225693 53.059998 6408.978516 152.123703 71.591011 6408.978516 253.225693 53.059990 82.229027 152.123703 482.736084 0.000008 253.225693 482.736084 0.000007 152.123703 482.736084 82.229027 1118.315063 482.736084 0.000007 360.728027 482.736084 0.000003 1118.315063 482.736084 0.000008 253.225693 482.736084 0.000007 360.728027 482.736084 82.229027 1118.315063 482.736084 0.000003 1118.315063 482.736084 82.229027 152.123703 482.736084 0.000007 152.123703 482.736084 82.229027 1118.315063 798.414368 0.000003 1118.315063 482.736084 82.229027 1118.315063 482.736084 0.000003 1118.315063 798.414368 0.000003 1118.315063 798.414368 82.229027 1118.315063 798.414368 0.000003 1118.315063 482.736084 82.229027 1118.315063 482.736084 82.229027 1118.315063 798.414368 0.000008 360.728027 798.414368 0.000003 1118.315063 798.414368 0.000009 253.225693 798.414368 0.000009 152.123703 798.414307 82.229027 152.123703 798.414307 82.229027 152.123703 798.414307 82.229027 1118.315063 798.414368 0.000009 152.123703 798.414307 0.000009 253.225693 798.414368 0.000008 360.728027 798.414368 0.000003 1118.315063 798.414368 0.000008 253.225693 482.736084 0.000010 152.123703 71.591026 0.000007 152.123703 482.736084 0.000009 253.225693 53.060009 0.000009 253.225693 53.060009 0.000008 253.225693 482.736084 0.000010 152.123703 71.591026 0.000007 152.123703 482.736084 0.000007 152.123703 482.736084 82.229027 152.123703 798.414307 82.229027 152.123703 482.736084 0.000007 152.123703 571.132263 0.000009 152.123703 798.414307 0.000009 152.123703 798.414307 0.000007 152.123703 571.132263 82.229027 152.123703 798.414307 0.000007 152.123703 482.736084 82.229027 152.123703 482.736084 82.229027 1118.315063 798.414368 82.229027 152.123703 482.736084 82.229027 152.123703 798.414307 82.229027 1118.315063 482.736084 82.229027 1118.315063 482.736084 82.229027 1118.315063 798.414368 82.229027 152.123703 482.736084 82.229027 152.123703 798.414307 0.000009 253.225693 1228.091064 0.000011 152.123703 867.156799 0.000010 152.123596 1209.559082 0.000009 253.225693 798.414368 0.000009 152.123703 798.414307 0.000009 253.225693 1228.091064 0.000011 152.123703 867.156799 0.000009 253.225693 798.414368 0.000009 152.123703 798.414307 0.000010 152.123596 1209.559082 568.984314 253.225693 53.060047 0.000010 152.123703 71.591026 0.000009 253.225693 53.060009 568.984314 152.123703 71.591057 568.984314 152.123703 71.591057 568.984314 253.225693 53.060047 0.000010 152.123703 71.591026 0.000009 253.225693 53.060009 0.000010 152.123596 1209.559082 568.984314 253.225693 1228.089966 0.000009 253.225693 1228.091064 568.984314 152.123703 1209.559082 568.984314 152.123703 1209.559082 0.000010 152.123596 1209.559082 568.984314 253.225693 1228.089966 0.000009 253.225693 1228.091064</float_array>
               <technique_common>
                  <accessor count="512" source="#coords_ME_ID4-position-array" stride="3">
                     <param name="X" type="float"/>
                     <param name="Y" type="float"/>
                     <param name="Z" type="float"/>
                  </accessor>
               </technique_common>
            </source>
            <source id="coords_ME_ID4_normal-source-normal" name="normal">
               <float_array id="coords_ME_ID4_normal-normal-array" count="456">0.00000 0.00000 -1.00000  1.00000 0.00000 0.00000  0.00000 1.00000 0.00000  0.00000 1.00000 0.00000  0.00000 -1.00000 0.00000  0.00000 0.00000 0.00000  1.00000 0.00000 0.00000  0.00000 -0.18029 0.98361  0.00000 0.00000 1.00000  -0.00000 -0.18029 -0.98361  -0.00000 -0.18029 -0.98361  -0.00000 0.10432 -0.99454  -0.00000 0.10432 -0.99454  0.00000 0.10432 -0.99454  0.00000 0.10430 -0.99455  0.00000 0.10432 -0.99454  -0.00000 0.10432 -0.99454  -0.00000 0.10436 -0.99454  -0.00000 0.10432 -0.99454  0.00000 0.10432 -0.99454  0.00000 0.10431 -0.99455  0.00000 0.10432 -0.99454  -0.00000 0.10432 -0.99454  0.00000 0.10432 -0.99454  0.00000 0.10432 -0.99454  0.00000 0.10432 -0.99454  0.00000 0.10432 -0.99454  0.00000 0.10432 -0.99454  -0.00000 0.10432 -0.99454  0.00000 0.10432 -0.99454  0.00000 0.10432 -0.99454  0.00000 0.10432 -0.99454  -0.00000 0.10432 -0.99454  -0.00000 0.10432 -0.99454  -0.00000 0.10432 -0.99454  0.00000 0.10432 -0.99454  0.00000 0.10432 -0.99454  0.00000 0.10432 -0.99454  -0.00000 0.10432 -0.99454  -0.00000 0.10432 -0.99454  0.00000 0.10432 -0.99454  -0.00000 0.10432 -0.99454  -0.00000 0.10432 -0.99454  -0.00000 0.10432 -0.99454  -0.00000 0.10432 -0.99454  0.00000 0.10432 -0.99454  0.00000 0.10432 -0.99454  0.00000 0.10432 -0.99454  -0.00000 0.10432 -0.99454  0.00000 0.10432 -0.99454  0.00000 0.10432 -0.99454  0.00000 0.10432 -0.99454  -0.00000 0.10432 -0.99454  0.00000 0.10432 -0.99454  0.00000 0.10432 -0.99454  0.00000 0.10432 -0.99454  -0.00000 0.10432 -0.99454  0.00000 0.10432 -0.99454  -0.00000 0.10432 -0.99454  -0.00000 0.99288 -0.11915  0.00000 0.99288 -0.11914  0.00000 0.99288 0.11915  0.00000 0.99288 0.11915  -0.00001 0.10432 0.99454  -0.00000 0.10432 0.99454  0.00000 0.10432 0.99454  -0.00001 0.10432 0.99454  0.00000 0.10432 0.99454  -0.00000 0.10432 0.99454  -0.00002 0.10432 0.99454  -0.00000 0.10432 0.99454  -0.00002 0.10432 0.99454  0.00000 0.10432 0.99454  -0.00000 0.10432 0.99454  0.00001 0.10432 0.99454  0.00000 0.10433 0.99454  -0.00000 0.10433 0.99454  -0.00001 0.10432 0.99454  0.00000 0.10432 0.99454  0.00001 0.10432 0.99454  0.00000 0.10432 0.99454  0.00000 0.10432 0.99454  0.00000 0.10432 0.99454  0.00001 0.10432 0.99454  0.00000 0.10432 0.99454  -0.00002 0.10537 0.99443  -0.00002 0.10432 0.99454  0.00000 0.10432 0.99454  0.00002 0.10347 0.99463  0.00002 0.10432 0.99454  0.00001 0.10432 0.99454  0.00000 0.10432 0.99454  0.00000 0.10432 0.99454  0.00001 0.10432 0.99454  0.00000 0.10432 0.99454  -0.00002 0.10453 0.99452  -0.00002 0.10432 0.99454  0.00001 0.10432 0.99454  0.00000 0.10432 0.99454  0.00000 0.10432 0.99454  0.00000 0.10432 0.99454  0.00000 0.10432 0.99454  0.00001 0.10432 0.99454  0.00000 -0.18029 0.98361  0.00000 -0.18029 -0.98361  0.00000 -0.18029 -0.98361  0.00000 -0.18029 -0.98361  0.00000 -0.18029 -0.98361  0.00000 -0.18029 -0.98361  -0.00000 -0.18029 -0.98361  -0.00000 -0.18029 -0.98361  -0.00000 -0.18029 -0.98361  -1.00000 0.00000 0.00000  -1.00000 0.00000 0.00000  -1.00000 0.00000 -0.00000  -1.00000 0.00000 -0.00000  -1.00000 0.00000 0.00000  -1.00000 0.00000 -0.00000  -1.00000 0.00000 -0.00000  -1.00000 -0.00000 -0.00000  -1.00000 -0.00000 -0.00000  -1.00000 -0.00000 0.00000  -1.00000 -0.00000 0.00000  -1.00000 -0.00000 0.00000  -1.00000 -0.00000 0.00000  -1.00000 -0.00000 -0.00000  -1.00000 -0.00000 0.00000  -1.00000 -0.00000 -0.00000  -1.00000 -0.00000 -0.00000  -1.00000 -0.00000 0.00000  -1.00000 -0.00000 0.00000  -1.00000 -0.00000 -0.00000  -1.00000 -0.00000 -0.00000  -1.00000 -0.00000 -0.00000  0.00000 -0.18028 0.98361  0.00000 -0.18028 0.98361  0.00000 -0.18028 0.98361  0.00000 -0.18028 0.98361  0.00000 -0.18029 -0.98361  0.00000 -0.18029 -0.98361  0.00000 0.00000 1.00000  -0.00001 0.00000 -1.00000  0.00000 0.00000 -1.00000  -1.00000 0.00000 -0.00000  -1.00000 -0.00000 -0.00000  -1.00000 -0.00000 -0.00000  -1.00000 -0.00000 0.00000  -1.00000 -0.00000 0.00000  0.00000 -0.18029 -0.98361  0.00000 -0.18029 -0.98361  0.00000 -0.18030 0.98361  0.00000 -0.18029 0.98361 </float_array>
               <technique_common>
                  <accessor count="152" source="#coords_ME_ID4_normal-normal-array" stride="3">
                     <param name="X" type="float"/>
                     <param name="Y" type="float"/>
                     <param name="Z" type="float"/>
                  </accessor>
               </technique_common>
            </source>
            <vertices id="verts">
               <input semantic="POSITION" source="#coords_ME_ID4-source-position"/>
            </vertices>
            <triangles count="214" material="MA_Sub_car_part_1">
               <input offset="0" semantic="VERTEX" source="#verts"/>
               <input offset="1"
                      semantic="NORMAL"
                      source="#coords_ME_ID4_normal-source-normal"/>
               <p>0 0 1 0 2 0 1 0 0 0 3 0 1 0 3 0 4 0 1 0 4 0 5 0 12 1 13 1 14 1 13 1 12 1 15 1 20 2 21 2 22 2 21 2 20 2 23 2 21 2 23 2 24 2 24 3 23 3 25 3 32 1 33 1 34 1 33 1 32 1 35 1 40 4 41 4 42 4 41 4 40 4 43 4 48 1 49 1 50 1 49 1 48 1 51 1 51 1 48 1 52 1 49 5 51 5 53 5 51 1 52 1 54 1 54 5 52 5 55 5 56 1 57 1 58 1 57 1 56 1 59 1 58 1 57 1 60 1 59 1 61 1 57 1 61 1 59 1 62 1 61 1 62 1 63 1 63 6 62 6 64 6 63 1 64 1 65 1 65 6 64 6 66 6 66 1 64 1 67 1 53 6 65 6 49 6 65 1 53 1 55 1 65 1 55 1 52 1 65 1 52 1 58 1 65 1 58 1 60 1 65 1 60 1 63 1 88 7 89 7 90 7 89 7 88 7 91 7 96 8 97 8 98 8 97 8 96 8 99 8 99 8 96 8 100 8 100 8 96 8 101 8 108 9 109 9 110 9 109 10 108 10 111 10 116 11 117 11 118 11 117 12 116 12 119 12 117 13 119 13 120 13 120 14 119 14 121 14 120 15 121 15 122 15 121 16 119 16 123 16 123 17 119 17 124 17 123 18 124 18 125 18 124 19 119 19 126 19 126 20 119 20 127 20 126 21 127 21 128 21 127 22 119 22 129 22 129 23 119 23 130 23 129 24 130 24 131 24 130 25 119 25 132 25 132 26 119 26 133 26 132 27 133 27 134 27 133 28 119 28 135 28 135 29 119 29 136 29 135 30 136 30 137 30 136 31 119 31 138 31 138 32 119 32 139 32 138 33 139 33 140 33 139 34 119 34 141 34 141 35 119 35 142 35 141 36 142 36 143 36 142 37 119 37 144 37 144 38 119 38 145 38 143 39 146 39 147 39 146 40 143 40 142 40 147 41 146 41 145 41 147 42 145 42 119 42 118 43 148 43 149 43 148 44 118 44 117 44 149 45 148 45 122 45 149 46 122 46 121 46 125 47 150 47 151 47 150 48 125 48 124 48 151 49 150 49 128 49 151 50 128 50 127 50 131 51 152 51 153 51 152 52 131 52 130 52 153 53 152 53 134 53 153 54 134 54 133 54 137 55 154 55 155 55 154 56 137 56 136 56 155 57 154 57 140 57 155 58 140 58 139 58 196 59 197 59 198 59 197 60 196 60 199 60 204 2 205 2 206 2 205 2 204 2 207 2 212 61 213 61 214 61 213 62 212 62 215 62 220 63 221 63 222 63 221 64 220 64 223 64 221 65 223 65 224 65 225 66 226 66 227 66 226 67 225 67 228 67 226 68 228 68 229 68 230 69 231 69 232 69 231 67 230 67 233 67 231 70 233 70 234 70 235 71 236 71 237 71 236 72 235 72 238 72 236 73 238 73 239 73 240 74 241 74 242 74 241 75 240 75 243 75 241 76 243 76 244 76 244 77 243 77 245 77 246 78 222 78 245 78 222 79 246 79 220 79 245 80 222 80 247 80 245 81 247 81 248 81 248 82 247 82 224 82 248 83 224 83 223 83 245 84 248 84 249 84 245 85 249 85 227 85 227 86 249 86 225 86 245 87 227 87 250 87 245 88 250 88 251 88 251 89 250 89 229 89 251 90 229 90 228 90 245 78 251 78 252 78 245 80 252 80 232 80 232 91 252 91 230 91 245 81 232 81 253 81 245 80 253 80 254 80 254 92 253 92 234 92 254 93 234 93 233 93 245 80 254 80 255 80 245 80 255 80 237 80 237 91 255 91 235 91 245 94 237 94 256 94 245 95 256 95 257 95 257 96 256 96 239 96 257 97 239 97 238 97 245 98 257 98 258 98 245 99 258 99 242 99 242 100 258 100 240 100 245 101 242 101 259 101 245 102 259 102 244 102 300 103 301 103 302 103 301 103 300 103 303 103 308 1 309 1 310 1 309 1 308 1 311 1 316 104 317 104 318 104 317 105 316 105 319 105 324 106 325 106 326 106 325 107 324 107 327 107 332 108 333 108 334 108 333 109 332 109 335 109 340 110 341 110 342 110 341 111 340 111 343 111 348 112 349 112 350 112 349 113 348 113 351 113 351 114 348 114 352 114 352 115 348 115 353 115 353 116 348 116 354 116 354 117 348 117 355 117 355 118 348 118 356 118 357 119 358 119 359 119 358 120 357 120 356 120 358 121 356 121 360 121 360 122 356 122 348 122 360 123 348 123 361 123 360 124 361 124 362 124 363 125 364 125 359 125 364 126 363 126 354 126 359 127 364 127 357 127 364 128 354 128 355 128 350 129 365 129 366 129 365 130 350 130 349 130 365 131 349 131 367 131 365 132 367 132 353 132 353 133 367 133 352 133 388 134 389 134 390 134 389 135 388 135 391 135 396 136 397 136 398 136 397 136 396 136 399 136 404 136 405 136 406 136 405 136 404 136 407 136 412 137 413 137 414 137 413 137 412 137 415 137 420 138 421 138 422 138 421 139 420 139 423 139 428 8 429 8 430 8 429 8 428 8 431 8 432 140 431 140 433 140 431 8 432 8 429 8 440 4 441 4 442 4 441 4 440 4 443 4 448 0 449 0 450 0 449 0 448 0 451 0 451 141 448 141 452 141 452 142 448 142 453 142 460 143 461 143 462 143 461 144 460 144 463 144 468 3 469 3 470 3 469 2 468 2 471 2 469 2 471 2 472 2 478 116 479 116 480 116 479 116 478 116 481 116 486 145 487 145 488 145 487 146 489 146 490 146 489 147 487 147 486 147 496 148 497 148 498 148 497 149 496 149 499 149 504 150 505 150 506 150 505 151 504 151 507 151 </p>
            </triangles>
         </mesh>
      </geometry>
      <geometry id="coords_ME_ID4_MA_Windows-geometry" name="coords_ME_ID4">
         <mesh>
            <source id="coords_ME_ID4-source-position" name="position">
               <float_array id="coords_ME_ID4-position-array" count="1536">6977.962402 1118.315063 798.414368 6895.733398 152.123703 798.414368 6895.733398 1118.315063 798.414368 6977.962402 360.728027 798.414368 6977.962402 253.225693 798.414368 6977.962402 152.123703 798.414368 6977.962402 152.123703 798.414368 6977.962402 253.225693 798.414368 6895.733398 152.123703 798.414368 6977.962402 360.728027 798.414368 6977.962402 1118.315063 798.414368 6895.733398 1118.315063 798.414368 6977.962402 152.123703 798.414368 6977.962402 253.225693 1228.091064 6977.962402 152.123703 1209.559937 6977.962402 253.225693 798.414368 6977.962402 253.225693 798.414368 6977.962402 152.123703 798.414368 6977.962402 253.225693 1228.091064 6977.962402 152.123703 1209.559937 6895.733398 152.123703 482.736084 6977.962402 152.123703 571.132263 6977.962402 152.123703 482.736084 6895.733398 152.123703 798.414368 6977.962402 152.123703 710.018188 6977.962402 152.123703 798.414368 6977.962402 152.123703 798.414368 6895.733398 152.123703 798.414368 6977.962402 152.123703 710.018188 6977.962402 152.123703 571.132263 6895.733398 152.123703 482.736084 6977.962402 152.123703 482.736084 6895.733398 152.123703 482.736084 6895.733398 1118.315063 798.414368 6895.733398 152.123703 798.414368 6895.733398 1118.315063 482.736084 6895.733398 1118.315063 482.736084 6895.733398 152.123703 482.736084 6895.733398 1118.315063 798.414368 6895.733398 152.123703 798.414368 6977.962402 1118.315063 798.414368 6895.733398 1118.315063 482.736084 6977.962402 1118.315063 482.736084 6895.733398 1118.315063 798.414368 6895.733398 1118.315063 798.414368 6977.962402 1118.315063 798.414368 6895.733398 1118.315063 482.736084 6977.962402 1118.315063 482.736084 6977.962402 360.728027 798.414368 6977.962402 542.711609 1281.151001 6977.962402 360.728027 1247.795044 6977.962402 542.711609 855.974670 6977.962402 1118.315063 798.414368 6977.962402 542.711609 1239.809937 6977.962402 1118.315063 855.974670 6977.962402 1118.315063 1179.432007 6977.962402 360.728027 482.736084 6977.962402 542.711609 425.175781 6977.962402 1118.315063 482.736084 6977.962402 360.728027 33.355850 6977.962402 1118.315063 425.175781 6977.962402 542.711609 41.340080 6977.962402 542.711609 0.000000 6977.962402 1118.315063 101.718002 6977.962402 1225.213013 71.591011 6977.962402 1225.212036 1209.559937 6977.962402 1274.549927 798.414368 6977.962402 1274.549927 482.736084 6977.962402 1118.315063 101.718002 6977.962402 1118.315063 425.175781 6977.962402 1225.212036 1209.559937 6977.962402 1118.315063 482.736084 6977.962402 1118.315063 798.414368 6977.962402 1118.315063 1179.432007 6977.962402 542.711609 1239.809937 6977.962402 542.711609 1281.151001 6977.962402 1274.549927 482.736084 6977.962402 1225.213013 71.591011 6977.962402 1274.549927 798.414368 6977.962402 542.711609 0.000000 6977.962402 542.711609 41.340080 6977.962402 360.728027 33.355850 6977.962402 542.711609 425.175781 6977.962402 360.728027 482.736084 6977.962402 1118.315063 855.974670 6977.962402 542.711609 855.974670 6977.962402 360.728027 798.414368 6977.962402 360.728027 1247.795044 6408.978516 152.123703 1209.559937 6977.962402 253.225693 1228.091064 6408.978516 253.225693 1228.091064 6977.962402 152.123703 1209.559937 6977.962402 152.123703 1209.559937 6408.978516 152.123703 1209.559937 6977.962402 253.225693 1228.091064 6408.978516 253.225693 1228.091064 6895.733398 152.123703 482.736084 6977.962402 1118.315063 482.736084 6895.733398 1118.315063 482.736084 6977.962402 360.728027 482.736084 6977.962402 253.225693 482.736084 6977.962402 152.123703 482.736084 6977.962402 152.123703 482.736084 6895.733398 152.123703 482.736084 6977.962402 253.225693 482.736084 6977.962402 360.728027 482.736084 6977.962402 1118.315063 482.736084 6895.733398 1118.315063 482.736084 6977.962402 542.711609 0.000000 6408.978516 360.728027 33.355858 6408.978516 542.711609 0.000010 6977.962402 360.728027 33.355850 6977.962402 360.728027 33.355850 6977.962402 542.711609 0.000000 6408.978516 360.728027 33.355858 6408.978516 542.711609 0.000010 0.000003 1225.212036 71.591003 55.118107 1108.591064 59.358040 0.000006 542.711609 0.000136 6977.962402 1225.213013 71.591011 523.314880 1108.591064 59.358040 568.984314 1108.591064 59.358059 523.315002 655.887573 11.871670 1137.968994 1108.591064 59.358047 1183.487061 1108.591064 59.358009 1137.968994 542.711609 0.000058 2279.729980 1108.591064 59.358009 2325.249023 1108.591064 59.358028 2279.729980 655.887573 11.871650 2894.233154 1108.591064 59.358017 2939.752197 1108.591064 59.358017 2894.233154 542.711609 0.000036 4038.209961 1108.591064 59.358017 4083.729248 1108.591064 59.358017 4038.209961 655.887573 11.871650 4652.713379 1108.591064 59.358009 4698.232422 1108.591064 59.358017 4652.713379 542.711609 0.000024 5794.475098 1108.591064 59.358017 5839.993164 1108.591064 59.358009 5794.475098 655.887573 11.871659 6408.978516 1108.591064 59.358002 6454.647461 1108.591064 59.358017 6408.978516 542.711609 0.000010 6922.844238 1108.591064 59.358017 6922.844238 655.887695 11.871650 6454.647461 655.887573 11.871650 6977.962402 542.711609 0.000000 55.118160 655.887573 11.871670 568.984314 542.711609 0.000088 1183.487061 655.887512 11.871610 2325.249023 542.711609 0.000065 2939.752197 655.887512 11.871610 4083.729248 542.711609 0.000054 4698.232422 655.887512 11.871619 5839.993164 542.711609 0.000040 5839.993164 1108.591064 59.358009 5794.475098 655.887573 11.871659 5839.993164 542.711609 0.000040 4698.232422 655.887512 11.871619 4698.232422 1108.591064 59.358017 4652.713379 542.711609 0.000024 4083.729248 1108.591064 59.358017 4038.209961 655.887573 11.871650 4083.729248 542.711609 0.000054 2939.752197 655.887512 11.871610 2939.752197 1108.591064 59.358017 2894.233154 542.711609 0.000036 2325.249023 1108.591064 59.358028 2279.729980 655.887573 11.871650 2325.249023 542.711609 0.000065 1183.487061 655.887512 11.871610 1183.487061 1108.591064 59.358009 1137.968994 542.711609 0.000058 568.984314 1108.591064 59.358059 523.315002 655.887573 11.871670 568.984314 542.711609 0.000088 55.118160 655.887573 11.871670 55.118107 1108.591064 59.358040 0.000006 542.711609 0.000136 6977.962402 1225.213013 71.591011 6922.844238 655.887695 11.871650 6977.962402 542.711609 0.000000 6454.647461 655.887573 11.871650 6454.647461 1108.591064 59.358017 6408.978516 542.711609 0.000010 6922.844238 1108.591064 59.358017 6408.978516 1108.591064 59.358002 5794.475098 1108.591064 59.358017 4652.713379 1108.591064 59.358009 4038.209961 1108.591064 59.358017 2894.233154 1108.591064 59.358017 2279.729980 1108.591064 59.358009 1137.968994 1108.591064 59.358047 523.314880 1108.591064 59.358040 0.000003 1225.212036 71.591003 0.000002 1274.549927 482.736084 6977.962402 1225.213013 71.591011 0.000003 1225.212036 71.591003 6977.962402 1274.549927 482.736084 6977.962402 1274.549927 482.736084 0.000002 1274.549927 482.736084 6977.962402 1225.213013 71.591011 0.000003 1225.212036 71.591003 0.000002 1274.549927 798.414368 6977.962402 1274.549927 482.736084 0.000002 1274.549927 482.736084 6977.962402 1274.549927 798.414368 6977.962402 1274.549927 798.414368 0.000002 1274.549927 798.414368 6977.962402 1274.549927 482.736084 0.000002 1274.549927 482.736084 0.000003 1225.212036 1209.559937 6977.962402 1274.549927 798.414368 0.000002 1274.549927 798.414368 6977.962402 1225.212036 1209.559937 6977.962402 1225.212036 1209.559937 0.000003 1225.212036 1209.559937 6977.962402 1274.549927 798.414368 0.000002 1274.549927 798.414368 0.000007 542.711487 1281.150024 55.118160 655.887512 1269.279053 55.118107 1108.591064 1221.792114 568.984314 542.711609 1281.150024 523.315002 655.887512 1269.279053 1137.968994 542.711609 1281.150024 1183.487061 655.887512 1269.279053 1183.487061 1108.591064 1221.793091 2325.249023 542.711609 1281.150024 2279.729980 655.887573 1269.279053 2894.233154 542.711609 1281.150024 2939.752197 655.887512 1269.279053 2939.752197 1108.591064 1221.792114 4083.729248 542.711609 1281.150024 4038.209961 655.887573 1269.279053 4652.713379 542.711609 1281.150024 4698.232422 655.887512 1269.279053 4698.232422 1108.591064 1221.792114 5839.993164 542.711609 1281.150024 5794.475098 655.887573 1269.279053 6408.978516 542.711609 1281.151001 6454.647461 655.887512 1269.279053 6454.647461 1108.591064 1221.793091 6977.962402 542.711609 1281.151001 6922.844238 655.887573 1269.279053 6977.962402 1225.212036 1209.559937 0.000003 1225.212036 1209.559937 523.314880 1108.591064 1221.792114 568.984314 1108.591064 1221.792114 1137.968994 1108.591064 1221.792114 2279.729980 1108.591064 1221.793091 2325.249023 1108.591064 1221.792114 2894.233154 1108.591064 1221.792114 4038.209961 1108.591064 1221.792114 4083.729248 1108.591064 1221.792114 4652.713379 1108.591064 1221.792114 5794.475098 1108.591064 1221.792114 5839.993164 1108.591064 1221.793091 6408.978516 1108.591064 1221.793091 6922.844238 1108.591064 1221.793091 6922.844238 655.887573 1269.279053 6922.844238 1108.591064 1221.793091 6977.962402 1225.212036 1209.559937 6454.647461 1108.591064 1221.793091 6408.978516 542.711609 1281.151001 6408.978516 1108.591064 1221.793091 5839.993164 1108.591064 1221.793091 5839.993164 542.711609 1281.150024 5794.475098 655.887573 1269.279053 5794.475098 1108.591064 1221.792114 4698.232422 1108.591064 1221.792114 4652.713379 542.711609 1281.150024 4652.713379 1108.591064 1221.792114 4083.729248 1108.591064 1221.792114 4083.729248 542.711609 1281.150024 4038.209961 655.887573 1269.279053 4038.209961 1108.591064 1221.792114 2939.752197 1108.591064 1221.792114 2894.233154 542.711609 1281.150024 2894.233154 1108.591064 1221.792114 2325.249023 1108.591064 1221.792114 2325.249023 542.711609 1281.150024 2279.729980 655.887573 1269.279053 2279.729980 1108.591064 1221.793091 1183.487061 1108.591064 1221.793091 1137.968994 542.711609 1281.150024 1137.968994 1108.591064 1221.792114 568.984314 1108.591064 1221.792114 568.984314 542.711609 1281.150024 523.315002 655.887512 1269.279053 523.314880 1108.591064 1221.792114 55.118107 1108.591064 1221.792114 0.000007 542.711487 1281.150024 0.000003 1225.212036 1209.559937 6977.962402 542.711609 1281.151001 6454.647461 655.887512 1269.279053 4698.232422 655.887512 1269.279053 2939.752197 655.887512 1269.279053 1183.487061 655.887512 1269.279053 55.118160 655.887512 1269.279053 6408.978516 360.728027 1247.795044 6977.962402 542.711609 1281.151001 6408.978516 542.711609 1281.151001 6977.962402 360.728027 1247.795044 6977.962402 360.728027 1247.795044 6408.978516 360.728027 1247.795044 6977.962402 542.711609 1281.151001 6408.978516 542.711609 1281.151001 6977.962402 152.123795 71.591003 6977.962402 253.225693 482.736084 6977.962402 152.123703 482.736084 6977.962402 253.225693 53.059998 6977.962402 253.225693 53.059998 6977.962402 152.123795 71.591003 6977.962402 253.225693 482.736084 6977.962402 152.123703 482.736084 5839.993164 542.711609 0.000040 4652.713379 360.728027 33.355869 4652.713379 542.711609 0.000024 5839.993164 360.728027 33.355869 5839.993164 360.728027 33.355869 5839.993164 542.711609 0.000040 4652.713379 360.728027 33.355869 4652.713379 542.711609 0.000024 4083.729248 542.711609 0.000054 2894.233154 360.728027 33.355881 2894.233154 542.711609 0.000036 4083.729248 360.728027 33.355888 4083.729248 360.728027 33.355888 4083.729248 542.711609 0.000054 2894.233154 360.728027 33.355881 2894.233154 542.711609 0.000036 2325.249023 542.711609 0.000065 1137.968994 360.728027 33.355907 1137.968994 542.711609 0.000058 2325.249023 360.728027 33.355900 2325.249023 360.728027 33.355900 2325.249023 542.711609 0.000065 1137.968994 360.728027 33.355907 1137.968994 542.711609 0.000058 568.984314 542.711609 0.000088 0.000008 360.728027 33.355961 0.000006 542.711609 0.000136 568.984314 360.728027 33.355919 568.984314 360.728027 33.355919 568.984314 542.711609 0.000088 0.000008 360.728027 33.355961 0.000006 542.711609 0.000136 0.000003 1225.212036 1209.559937 0.000001 542.711487 1239.809937 0.000007 542.711487 1281.150024 0.000000 1118.315063 1179.432007 0.000001 1118.315063 855.974670 0.000003 1118.315063 798.414368 0.000003 1118.315063 482.736084 0.000004 1118.315063 425.175781 0.000005 1118.315063 101.718094 0.000006 542.710266 41.340080 0.000006 542.711609 0.000136 0.000008 360.728027 33.355961 0.000003 1225.212036 71.591003 0.000002 1274.549927 798.414368 0.000002 1274.549927 482.736084 0.000007 360.728027 482.736084 0.000005 542.711609 425.175781 0.000008 360.728027 798.414368 0.000008 360.728027 1247.795044 0.000003 542.711609 855.974670 0.000001 1118.315063 855.974670 0.000003 542.711609 855.974670 0.000003 1118.315063 798.414368 0.000008 360.728027 798.414368 0.000001 542.711487 1239.809937 0.000007 542.711487 1281.150024 0.000008 360.728027 1247.795044 0.000004 1118.315063 425.175781 0.000003 1118.315063 482.736084 0.000005 542.711609 425.175781 0.000006 542.710266 41.340080 0.000008 360.728027 33.355961 0.000007 360.728027 482.736084 0.000002 1274.549927 482.736084 0.000002 1274.549927 798.414368 0.000003 1225.212036 71.591003 0.000003 1225.212036 1209.559937 0.000005 1118.315063 101.718094 0.000006 542.711609 0.000136 0.000000 1118.315063 1179.432007 0.000008 360.728027 1247.795044 568.984314 542.711609 1281.150024 0.000007 542.711487 1281.150024 568.984314 360.728027 1247.795044 568.984314 360.728027 1247.795044 0.000008 360.728027 1247.795044 568.984314 542.711609 1281.150024 0.000007 542.711487 1281.150024 1137.968994 360.728027 1247.795044 2325.249023 542.711609 1281.150024 1137.968994 542.711609 1281.150024 2325.249023 360.728027 1247.795044 2325.249023 360.728027 1247.795044 1137.968994 360.728027 1247.795044 2325.249023 542.711609 1281.150024 1137.968994 542.711609 1281.150024 2894.233154 360.728027 1247.795044 4083.729248 542.711609 1281.150024 2894.233154 542.711609 1281.150024 4083.729248 360.728027 1247.795044 4083.729248 360.728027 1247.795044 2894.233154 360.728027 1247.795044 4083.729248 542.711609 1281.150024 2894.233154 542.711609 1281.150024 4652.713379 360.728027 1247.795044 5839.993164 542.711609 1281.150024 4652.713379 542.711609 1281.150024 5839.993164 360.728027 1247.795044 5839.993164 360.728027 1247.795044 4652.713379 360.728027 1247.795044 5839.993164 542.711609 1281.150024 4652.713379 542.711609 1281.150024 6977.962402 253.225693 53.059998 6408.978516 152.123703 71.591011 6408.978516 253.225693 53.059990 6977.962402 152.123795 71.591003 6977.962402 152.123795 71.591003 6977.962402 253.225693 53.059998 6408.978516 152.123703 71.591011 6408.978516 253.225693 53.059990 82.229027 152.123703 482.736084 0.000008 253.225693 482.736084 0.000007 152.123703 482.736084 82.229027 1118.315063 482.736084 0.000007 360.728027 482.736084 0.000003 1118.315063 482.736084 0.000008 253.225693 482.736084 0.000007 360.728027 482.736084 82.229027 1118.315063 482.736084 0.000003 1118.315063 482.736084 82.229027 152.123703 482.736084 0.000007 152.123703 482.736084 82.229027 1118.315063 798.414368 0.000003 1118.315063 482.736084 82.229027 1118.315063 482.736084 0.000003 1118.315063 798.414368 0.000003 1118.315063 798.414368 82.229027 1118.315063 798.414368 0.000003 1118.315063 482.736084 82.229027 1118.315063 482.736084 82.229027 1118.315063 798.414368 0.000008 360.728027 798.414368 0.000003 1118.315063 798.414368 0.000009 253.225693 798.414368 0.000009 152.123703 798.414307 82.229027 152.123703 798.414307 82.229027 152.123703 798.414307 82.229027 1118.315063 798.414368 0.000009 152.123703 798.414307 0.000009 253.225693 798.414368 0.000008 360.728027 798.414368 0.000003 1118.315063 798.414368 0.000008 253.225693 482.736084 0.000010 152.123703 71.591026 0.000007 152.123703 482.736084 0.000009 253.225693 53.060009 0.000009 253.225693 53.060009 0.000008 253.225693 482.736084 0.000010 152.123703 71.591026 0.000007 152.123703 482.736084 0.000007 152.123703 482.736084 82.229027 152.123703 798.414307 82.229027 152.123703 482.736084 0.000007 152.123703 571.132263 0.000009 152.123703 798.414307 0.000009 152.123703 798.414307 0.000007 152.123703 571.132263 82.229027 152.123703 798.414307 0.000007 152.123703 482.736084 82.229027 152.123703 482.736084 82.229027 1118.315063 798.414368 82.229027 152.123703 482.736084 82.229027 152.123703 798.414307 82.229027 1118.315063 482.736084 82.229027 1118.315063 482.736084 82.229027 1118.315063 798.414368 82.229027 152.123703 482.736084 82.229027 152.123703 798.414307 0.000009 253.225693 1228.091064 0.000011 152.123703 867.156799 0.000010 152.123596 1209.559082 0.000009 253.225693 798.414368 0.000009 152.123703 798.414307 0.000009 253.225693 1228.091064 0.000011 152.123703 867.156799 0.000009 253.225693 798.414368 0.000009 152.123703 798.414307 0.000010 152.123596 1209.559082 568.984314 253.225693 53.060047 0.000010 152.123703 71.591026 0.000009 253.225693 53.060009 568.984314 152.123703 71.591057 568.984314 152.123703 71.591057 568.984314 253.225693 53.060047 0.000010 152.123703 71.591026 0.000009 253.225693 53.060009 0.000010 152.123596 1209.559082 568.984314 253.225693 1228.089966 0.000009 253.225693 1228.091064 568.984314 152.123703 1209.559082 568.984314 152.123703 1209.559082 0.000010 152.123596 1209.559082 568.984314 253.225693 1228.089966 0.000009 253.225693 1228.091064</float_array>
               <technique_common>
                  <accessor count="512" source="#coords_ME_ID4-position-array" stride="3">
                     <param name="X" type="float"/>
                     <param name="Y" type="float"/>
                     <param name="Z" type="float"/>
                  </accessor>
               </technique_common>
            </source>
            <source id="coords_ME_ID4_normal-source-normal" name="normal">
               <float_array id="coords_ME_ID4_normal-normal-array" count="456">0.00000 0.00000 1.00000  -1.00000 0.00000 0.00000  0.00000 -1.00000 0.00000  0.00000 -1.00000 0.00000  0.00000 1.00000 0.00000  -1.00000 0.00000 0.00000  0.00000 0.00000 0.00000  0.00000 0.18029 -0.98361  0.00000 0.00000 -1.00000  0.00000 0.18029 0.98361  0.00000 0.18029 0.98361  0.00000 -0.10432 0.99454  -0.00000 -0.10432 0.99454  0.00000 -0.10432 0.99454  -0.00000 -0.10432 0.99454  -0.00000 -0.10432 0.99454  -0.00000 -0.10432 0.99454  0.00000 -0.10432 0.99454  -0.00000 -0.10432 0.99454  -0.00000 -0.10432 0.99454  -0.00000 -0.10432 0.99454  0.00000 -0.10432 0.99454  -0.00000 -0.10432 0.99454  -0.00000 -0.10432 0.99454  0.00000 -0.10432 0.99454  0.00000 -0.10432 0.99454  0.00000 -0.10432 0.99454  0.00000 -0.10432 0.99454  0.00000 -0.10432 0.99454  -0.00000 -0.10432 0.99454  0.00000 -0.10432 0.99454  0.00000 -0.10432 0.99454  0.00000 -0.10432 0.99454  -0.00000 -0.10432 0.99454  -0.00000 -0.10432 0.99454  0.00000 -0.10432 0.99454  0.00000 -0.10432 0.99454  0.00000 -0.10432 0.99454  0.00000 -0.10432 0.99454  -0.00000 -0.10432 0.99454  -0.00000 -0.10432 0.99454  0.00000 -0.10432 0.99454  0.00000 -0.10432 0.99454  0.00000 -0.10432 0.99454  0.00000 -0.10432 0.99454  0.00000 -0.10432 0.99454  0.00000 -0.10432 0.99454  0.00000 -0.10432 0.99454  -0.00000 -0.10432 0.99454  -0.00000 -0.10431 0.99455  0.00000 -0.10432 0.99454  0.00000 -0.10432 0.99454  0.00000 -0.10436 0.99454  0.00000 -0.10432 0.99454  -0.00000 -0.10432 0.99454  -0.00000 -0.10430 0.99455  0.00000 -0.10432 0.99454  0.00000 -0.10432 0.99454  0.00000 -0.10432 0.99454  0.00000 -0.99288 0.11914  0.00000 -0.99288 0.11915  0.00000 -0.99288 -0.11915  0.00000 -0.99288 -0.11915  -0.00001 -0.10432 -0.99454  0.00000 -0.10432 -0.99454  0.00000 -0.10432 -0.99454  0.00000 -0.10432 -0.99454  0.00000 -0.10432 -0.99454  -0.00001 -0.10432 -0.99454  0.00002 -0.10432 -0.99454  0.00002 -0.10453 -0.99452  0.00000 -0.10432 -0.99454  0.00000 -0.10432 -0.99454  0.00000 -0.10432 -0.99454  -0.00001 -0.10432 -0.99454  0.00000 -0.10432 -0.99454  0.00000 -0.10432 -0.99454  0.00000 -0.10432 -0.99454  -0.00001 -0.10432 -0.99454  -0.00002 -0.10432 -0.99454  -0.00002 -0.10347 -0.99463  0.00000 -0.10432 -0.99454  0.00002 -0.10432 -0.99454  0.00002 -0.10537 -0.99443  0.00000 -0.10432 -0.99454  -0.00001 -0.10432 -0.99454  0.00000 -0.10432 -0.99454  -0.00001 -0.10432 -0.99454  0.00001 -0.10432 -0.99454  0.00000 -0.10433 -0.99454  0.00000 -0.10433 -0.99454  -0.00001 -0.10432 -0.99454  0.00000 -0.10432 -0.99454  0.00000 -0.10432 -0.99454  0.00002 -0.10432 -0.99454  0.00000 -0.10432 -0.99454  0.00000 -0.10432 -0.99454  0.00002 -0.10432 -0.99454  0.00000 -0.10432 -0.99454  0.00001 -0.10432 -0.99454  0.00000 -0.10432 -0.99454  0.00000 -0.10432 -0.99454  0.00001 -0.10432 -0.99454  0.00000 0.18029 -0.98361  0.00000 0.18029 0.98361  -0.00000 0.18029 0.98361  -0.00000 0.18029 0.98361  -0.00000 0.18029 0.98361  0.00000 0.18029 0.98361  -0.00000 0.18029 0.98361  0.00000 0.18029 0.98361  0.00000 0.18029 0.98361  1.00000 0.00000 0.00000  1.00000 0.00000 0.00000  1.00000 0.00000 0.00000  1.00000 0.00000 -0.00000  1.00000 0.00000 0.00000  1.00000 0.00000 0.00000  1.00000 0.00000 0.00000  1.00000 0.00000 -0.00000  1.00000 0.00000 0.00000  1.00000 0.00000 0.00000  1.00000 0.00000 0.00000  1.00000 0.00000 0.00000  1.00000 0.00000 -0.00000  1.00000 0.00000 0.00000  1.00000 0.00000 0.00000  1.00000 -0.00000 0.00000  1.00000 -0.00000 0.00000  1.00000 0.00000 0.00000  1.00000 -0.00000 0.00000  1.00000 -0.00000 0.00000  1.00000 -0.00000 -0.00000  1.00000 -0.00000 -0.00000  0.00000 0.18028 -0.98361  -0.00000 0.18028 -0.98361  0.00000 0.18028 -0.98361  0.00000 0.18028 -0.98361  -0.00000 0.18029 0.98361  -0.00000 0.18029 0.98361  0.00000 0.00000 -1.00000  0.00000 -0.00000 1.00000  0.00001 -0.00000 1.00000  1.00000 0.00000 0.00000  1.00000 -0.00000 0.00000  1.00000 0.00000 0.00000  1.00000 0.00000 -0.00000  1.00000 0.00000 0.00000  -0.00000 0.18029 0.98361  -0.00000 0.18029 0.98361  -0.00000 0.18029 -0.98361  -0.00000 0.18030 -0.98361 </float_array>
               <technique_common>
                  <accessor count="152" source="#coords_ME_ID4_normal-normal-array" stride="3">
                     <param name="X" type="float"/>
                     <param name="Y" type="float"/>
                     <param name="Z" type="float"/>
                  </accessor>
               </technique_common>
            </source>
            <vertices id="verts">
               <input semantic="POSITION" source="#coords_ME_ID4-source-position"/>
            </vertices>
            <triangles count="214" material="MA_Windows">
               <input offset="0" semantic="VERTEX" source="#verts"/>
               <input offset="1"
                      semantic="NORMAL"
                      source="#coords_ME_ID4_normal-source-normal"/>
               <p>6 0 7 0 8 0 7 0 9 0 8 0 9 0 10 0 8 0 11 0 8 0 10 0 16 1 17 1 18 1 19 1 18 1 17 1 26 2 27 2 28 2 28 3 27 3 29 3 27 3 30 3 29 3 31 3 29 3 30 3 36 1 37 1 38 1 39 1 38 1 37 1 44 4 45 4 46 4 47 4 46 4 45 4 68 1 69 1 70 1 69 1 71 1 70 1 71 1 72 1 70 1 72 1 73 1 70 1 73 1 74 1 70 1 75 5 70 5 74 5 76 1 77 1 78 1 78 5 77 5 70 5 70 1 77 1 68 1 77 5 79 5 68 5 68 1 79 1 80 1 79 1 81 1 80 1 82 1 80 1 81 1 69 1 82 1 71 1 81 1 83 1 82 1 71 1 82 1 83 1 73 6 72 6 84 6 84 1 72 1 85 1 74 6 85 6 75 6 72 1 86 1 85 1 85 1 86 1 75 1 87 1 75 1 86 1 92 7 93 7 94 7 95 7 94 7 93 7 102 8 103 8 104 8 104 8 103 8 105 8 105 8 103 8 106 8 107 8 106 8 103 8 112 9 113 9 114 9 115 10 114 10 113 10 156 11 157 11 158 11 157 12 159 12 158 12 160 13 161 13 159 13 158 14 159 14 161 14 162 15 163 15 164 15 163 16 165 16 164 16 166 17 167 17 165 17 164 18 165 18 167 18 168 19 169 19 170 19 169 20 171 20 170 20 172 21 173 21 171 21 170 22 171 22 173 22 174 23 175 23 176 23 175 24 177 24 176 24 178 25 179 25 177 25 176 26 177 26 179 26 180 27 181 27 182 27 181 28 183 28 182 28 184 29 185 29 183 29 182 30 183 30 185 30 181 31 180 31 186 31 186 32 180 32 184 32 185 33 184 33 187 33 184 34 180 34 187 34 187 35 180 35 156 35 157 36 156 36 188 36 156 37 180 37 188 37 188 38 180 38 160 38 161 39 160 39 189 39 160 40 180 40 189 40 189 41 180 41 162 41 163 42 162 42 190 42 162 43 180 43 190 43 190 44 180 44 166 44 167 45 166 45 191 45 166 46 180 46 191 46 191 47 180 47 168 47 169 48 168 48 192 48 168 49 180 49 192 49 192 50 180 50 172 50 173 51 172 51 193 51 172 52 180 52 193 52 193 53 180 53 174 53 175 54 174 54 194 54 174 55 180 55 194 55 194 56 180 56 178 56 180 57 195 57 178 57 179 58 178 58 195 58 200 59 201 59 202 59 203 60 202 60 201 60 208 3 209 3 210 3 211 3 210 3 209 3 216 61 217 61 218 61 219 62 218 62 217 62 260 63 261 63 262 63 261 64 263 64 262 64 264 65 265 65 263 65 263 66 265 66 262 66 265 67 266 67 262 67 267 68 268 68 266 68 268 69 269 69 266 69 266 70 269 70 262 70 269 71 270 71 262 71 271 72 272 72 270 72 270 73 272 73 262 73 272 73 273 73 262 73 274 74 275 74 273 74 275 75 276 75 273 75 273 73 276 73 262 73 276 76 277 76 262 76 278 72 279 72 277 72 277 73 279 73 262 73 279 77 280 77 262 77 281 78 282 78 280 78 282 79 283 79 280 79 280 80 283 80 262 80 283 81 284 81 262 81 285 82 286 82 284 82 284 83 286 83 262 83 286 84 287 84 262 84 288 85 289 85 287 85 289 86 290 86 287 86 287 76 290 76 262 76 290 73 291 73 262 73 292 87 293 87 291 87 262 77 291 77 293 77 262 88 294 88 260 88 260 89 294 89 295 89 294 90 264 90 295 90 263 91 295 91 264 91 268 92 267 92 296 92 267 93 271 93 296 93 270 94 296 94 271 94 275 95 274 95 297 95 274 96 278 96 297 96 277 97 297 97 278 97 282 98 281 98 298 98 281 96 285 96 298 96 284 99 298 99 285 99 289 100 288 100 299 100 288 101 292 101 299 101 291 102 299 102 292 102 304 103 305 103 306 103 307 103 306 103 305 103 312 1 313 1 314 1 315 1 314 1 313 1 320 104 321 104 322 104 323 105 322 105 321 105 328 106 329 106 330 106 331 107 330 107 329 107 336 108 337 108 338 108 339 109 338 109 337 109 344 110 345 110 346 110 347 111 346 111 345 111 368 112 369 112 370 112 370 113 369 113 371 113 369 114 372 114 371 114 372 115 373 115 371 115 374 116 371 116 373 116 375 117 376 117 377 117 378 118 377 118 379 118 376 119 380 119 377 119 379 120 377 120 380 120 381 121 382 121 383 121 382 122 384 122 383 122 384 123 385 123 383 123 383 124 385 124 386 124 385 125 378 125 386 125 379 126 386 126 378 126 385 127 384 127 375 127 375 128 384 128 376 128 376 129 384 129 370 129 370 130 384 130 368 130 368 131 384 131 387 131 387 132 384 132 372 132 373 133 372 133 384 133 392 134 393 134 394 134 395 135 394 135 393 135 400 136 401 136 402 136 403 136 402 136 401 136 408 136 409 136 410 136 411 136 410 136 409 136 416 137 417 137 418 137 419 137 418 137 417 137 424 138 425 138 426 138 427 139 426 139 425 139 434 8 435 8 436 8 437 140 436 140 435 140 436 8 438 8 434 8 439 8 434 8 438 8 444 4 445 4 446 4 447 4 446 4 445 4 454 141 455 141 456 141 456 142 455 142 457 142 457 0 455 0 458 0 459 0 458 0 455 0 464 143 465 143 466 143 467 144 466 144 465 144 473 3 474 3 475 3 474 3 476 3 475 3 477 2 475 2 476 2 482 129 483 129 484 129 485 129 484 129 483 129 491 145 492 145 493 145 494 146 493 146 492 146 495 147 492 147 491 147 500 148 501 148 502 148 503 149 502 149 501 149 508 150 509 150 510 150 511 151 510 151 509 151 </p>
            </triangles>
         </mesh>
      </geometry>
   </library_geometries>
   <library_effects>
      <effect id="MA_Couplers-material">
         <profile_COMMON>
            <newparam sid="creaseAngle">
               <float>0</float>
            </newparam>
            <technique sid="COMMON">
               <phong>
                  <emission>
                     <color>0.000 0.000 0.000 1</color>
                  </emission>
                  <specular>
                     <color>0.401 0.401 0.401 1</color>
                  </specular>
                  <shininess>
                     <float>50</float>
                  </shininess>
                  <transparency>
                     <float>1</float>
                  </transparency>
                  <diffuse>
                     <color>0.227 0.227 0.227 1</color>
                  </diffuse>
               </phong>
            </technique>
         </profile_COMMON>
      </effect>
      <effect id="MA_Frame-material">
         <profile_COMMON>
            <newparam sid="creaseAngle">
               <float>0</float>
            </newparam>
            <technique sid="COMMON">
               <phong>
                  <emission>
                     <color>0.000 0.000 0.000 1</color>
                  </emission>
                  <specular>
                     <color>0.401 0.401 0.401 1</color>
                  </specular>
                  <shininess>
                     <float>50</float>
                  </shininess>
                  <transparency>
                     <float>1</float>
                  </transparency>
                  <diffuse>
                     <color>0.137 0.137 0.137 1</color>
                  </diffuse>
               </phong>
            </technique>
         </profile_COMMON>
      </effect>
      <effect id="MA_Wheels-material">
         <profile_COMMON>
            <newparam sid="creaseAngle">
               <float>4.0000</float>
            </newparam>
            <technique sid="COMMON">
               <phong>
                  <emission>
                     <color>0.000 0.000 0.000 1</color>
                  </emission>
                  <specular>
                     <color>0.401 0.401 0.401 1</color>
                  </specular>
                  <shininess>
                     <float>50</float>
                  </shininess>
                  <transparency>
                     <float>1</float>
                  </transparency>
                  <diffuse>
                     <color>0.502 0.502 0.502 1</color>
                  </diffuse>
               </phong>
            </technique>
         </profile_COMMON>
      </effect>
      <effect id="MA_Windows-material">
         <profile_COMMON>
            <newparam sid="creaseAngle">
               <float>0</float>
            </newparam>
            <technique sid="COMMON">
               <phong>
                  <emission>
                     <color>0.000 0.000 0.000 1</color>
                  </emission>
                  <specular>
                     <color>0.401 0.401 0.401 1</color>
                  </specular>
                  <shininess>
                     <float>50</float>
                  </shininess>
                  <transparency>
                     <float>1</float>
                  </transparency>
                  <diffuse>
                     <color>0.227 0.227 0.227 1</color>
                  </diffuse>
               </phong>
            </technique>
         </profile_COMMON>
      </effect>
      <effect id="MA_Sub_car_part_1-material">
         <profile_COMMON>
            <newparam sid="creaseAngle">
               <float>0</float>
            </newparam>
            <technique sid="COMMON">
               <phong>
                  <emission>
                     <color>0.000 0.000 0.000 1</color>
                  </emission>
                  <specular>
                     <color>0.401 0.401 0.401 1</color>
                  </specular>
                  <shininess>
                     <float>50</float>
                  </shininess>
                  <transparency>
                     <float>1</float>
                  </transparency>
                  <diffuse>
                     <color>0.886 0.886 0.886 1</color>
                  </diffuse>
               </phong>
            </technique>
         </profile_COMMON>
      </effect>
      <effect id="MA_Sub_car_part_3-material">
         <profile_COMMON>
            <newparam sid="creaseAngle">
               <float>0</float>
            </newparam>
            <technique sid="COMMON">
               <phong>
                  <emission>
                     <color>0.000 0.000 0.000 1</color>
                  </emission>
                  <specular>
                     <color>0.401 0.401 0.401 1</color>
                  </specular>
                  <shininess>
                     <float>50</float>
                  </shininess>
                  <transparency>
                     <float>1</float>
                  </transparency>
                  <diffuse>
                     <color>0.600 0.447 0.000 1</color>
                  </diffuse>
               </phong>
            </technique>
         </profile_COMMON>
      </effect>
      <effect id="MA_Doors-material">
         <profile_COMMON>
            <newparam sid="creaseAngle">
               <float>0</float>
            </newparam>
            <technique sid="COMMON">
               <phong>
                  <emission>
                     <color>0.000 0.000 0.000 1</color>
                  </emission>
                  <specular>
                     <color>0.401 0.401 0.401 1</color>
                  </specular>
                  <shininess>
                     <float>50</float>
                  </shininess>
                  <transparency>
                     <float>1</float>
                  </transparency>
                  <diffuse>
                     <color>0.600 0.447 0.000 1</color>
                  </diffuse>
               </phong>
            </technique>
         </profile_COMMON>
      </effect>
   </library_effects>
   <library_images/>
   <library_materials>
      <material id="MA_Couplers" name="MA_Couplers">
         <instance_effect url="#MA_Couplers-material"/>
      </material>
      <material id="MA_Frame" name="MA_Frame">
         <instance_effect url="#MA_Frame-material"/>
      </material>
      <material id="MA_Wheels" name="MA_Wheels">
         <instance_effect url="#MA_Wheels-material"/>
      </material>
      <material id="MA_Windows" name="MA_Windows">
         <instance_effect url="#MA_Windows-material"/>
      </material>
      <material id="MA_Sub_car_part_1" name="MA_Sub_car_part_1">
         <instance_effect url="#MA_Sub_car_part_1-material"/>
      </material>
      <material id="MA_Sub_car_part_3" name="MA_Sub_car_part_3">
         <instance_effect url="#MA_Sub_car_part_3-material"/>
      </material>
      <material id="MA_Doors" name="MA_Doors">
         <instance_effect url="#MA_Doors-material"/>
      </material>
   </library_materials>
   <library_visual_scenes>
      <visual_scene id="VisualSceneNode" name="VisualScene">
         <node id="coords_ME_ID494_MA_Couplers" name="coords_ME_ID494_MA_Couplers">
            <matrix> -0.26525 0.00000 0.00000 96.39247 -0.00000 -0.26525 0.00000 3.76425 0.00000 -0.00000 0.26525 12.31055 0.00000 0.00000 0.00000 1.00000 </matrix>
            <instance_geometry url="#coords_ME_ID494_MA_Couplers-geometry">
               <bind_material>
                  <technique_common>
                     <instance_material symbol="MA_Couplers" target="#MA_Couplers"/>
                  </technique_common>
               </bind_material>
            </instance_geometry>
         </node>
         <node id="coords_ME_ID488_MA_Couplers" name="coords_ME_ID488_MA_Couplers">
            <matrix> -0.26525 0.00000 0.00000 96.39247 -0.00000 -0.26525 0.00000 3.76425 0.00000 -0.00000 0.26525 12.31055 0.00000 0.00000 0.00000 1.00000 </matrix>
            <instance_geometry url="#coords_ME_ID488_MA_Couplers-geometry">
               <bind_material>
                  <technique_common>
                     <instance_material symbol="MA_Couplers" target="#MA_Couplers"/>
                  </technique_common>
               </bind_material>
            </instance_geometry>
         </node>
         <node id="coords_ME_ID481_MA_Frame" name="coords_ME_ID481_MA_Frame">
            <matrix> -0.26525 0.00000 0.00000 -46.61557 -0.00000 -0.26525 0.00000 12.58862 0.00000 -0.00000 0.26525 1.85816 0.00000 0.00000 0.00000 1.00000 </matrix>
            <instance_geometry url="#coords_ME_ID481_MA_Frame-geometry">
               <bind_material>
                  <technique_common>
                     <instance_material symbol="MA_Frame" target="#MA_Frame"/>
                  </technique_common>
               </bind_material>
            </instance_geometry>
         </node>
         <node id="coords_ME_ID475_MA_Frame" name="coords_ME_ID475_MA_Frame">
            <matrix> -0.26525 0.00000 0.00000 -46.61557 -0.00000 -0.26525 0.00000 12.58862 0.00000 -0.00000 0.26525 1.85816 0.00000 0.00000 0.00000 1.00000 </matrix>
            <instance_geometry url="#coords_ME_ID475_MA_Frame-geometry">
               <bind_material>
                  <technique_common>
                     <instance_material symbol="MA_Frame" target="#MA_Frame"/>
                  </technique_common>
               </bind_material>
            </instance_geometry>
         </node>
         <node id="coords_ME_ID469_MA_Frame" name="coords_ME_ID469_MA_Frame">
            <matrix> -0.26525 0.00000 0.00000 -46.61557 -0.00000 -0.26525 0.00000 12.58862 0.00000 -0.00000 0.26525 1.85816 0.00000 0.00000 0.00000 1.00000 </matrix>
            <instance_geometry url="#coords_ME_ID469_MA_Frame-geometry">
               <bind_material>
                  <technique_common>
                     <instance_material symbol="MA_Frame" target="#MA_Frame"/>
                  </technique_common>
               </bind_material>
            </instance_geometry>
         </node>
         <node id="coords_ME_ID462_MA_Wheels" name="coords_ME_ID462_MA_Wheels">
            <matrix> -0.26525 0.00000 0.00000 -43.21817 -0.00000 -0.26525 0.00000 12.54352 0.00000 -0.00000 0.26525 0.00002 0.00000 0.00000 0.00000 1.00000 </matrix>
            <instance_geometry url="#coords_ME_ID462_MA_Wheels-geometry">
               <bind_material>
                  <technique_common>
                     <instance_material symbol="MA_Wheels" target="#MA_Wheels"/>
                  </technique_common>
               </bind_material>
            </instance_geometry>
         </node>
         <node id="coords_ME_ID456_MA_Wheels" name="coords_ME_ID456_MA_Wheels">
            <matrix> -0.26525 0.00000 0.00000 -43.21817 -0.00000 -0.26525 0.00000 12.54352 0.00000 -0.00000 0.26525 0.00002 0.00000 0.00000 0.00000 1.00000 </matrix>
            <instance_geometry url="#coords_ME_ID456_MA_Wheels-geometry">
               <bind_material>
                  <technique_common>
                     <instance_material symbol="MA_Wheels" target="#MA_Wheels"/>
                  </technique_common>
               </bind_material>
            </instance_geometry>
         </node>
         <node id="coords_ME_ID450_MA_Wheels" name="coords_ME_ID450_MA_Wheels">
            <matrix> -0.26525 0.00000 0.00000 -43.21817 -0.00000 -0.26525 0.00000 12.54352 0.00000 -0.00000 0.26525 0.00002 0.00000 0.00000 0.00000 1.00000 </matrix>
            <instance_geometry url="#coords_ME_ID450_MA_Wheels-geometry">
               <bind_material>
                  <technique_common>
                     <instance_material symbol="MA_Wheels" target="#MA_Wheels"/>
                  </technique_common>
               </bind_material>
            </instance_geometry>
         </node>
         <node id="coords_ME_ID444_MA_Wheels" name="coords_ME_ID444_MA_Wheels">
            <matrix> -0.26525 0.00000 0.00000 -43.21817 -0.00000 -0.26525 0.00000 12.54352 0.00000 -0.00000 0.26525 0.00002 0.00000 0.00000 0.00000 1.00000 </matrix>
            <instance_geometry url="#coords_ME_ID444_MA_Wheels-geometry">
               <bind_material>
                  <technique_common>
                     <instance_material symbol="MA_Wheels" target="#MA_Wheels"/>
                  </technique_common>
               </bind_material>
            </instance_geometry>
         </node>
         <node id="coords_ME_ID438_MA_Wheels" name="coords_ME_ID438_MA_Wheels">
            <matrix> -0.26525 0.00000 0.00000 -43.21817 -0.00000 -0.26525 0.00000 12.54352 0.00000 -0.00000 0.26525 0.00002 0.00000 0.00000 0.00000 1.00000 </matrix>
            <instance_geometry url="#coords_ME_ID438_MA_Wheels-geometry">
               <bind_material>
                  <technique_common>
                     <instance_material symbol="MA_Wheels" target="#MA_Wheels"/>
                  </technique_common>
               </bind_material>
            </instance_geometry>
         </node>
         <node id="coords_ME_ID432_MA_Wheels" name="coords_ME_ID432_MA_Wheels">
            <matrix> -0.26525 0.00000 0.00000 -43.21817 -0.00000 -0.26525 0.00000 12.54352 0.00000 -0.00000 0.26525 0.00002 0.00000 0.00000 0.00000 1.00000 </matrix>
            <instance_geometry url="#coords_ME_ID432_MA_Wheels-geometry">
               <bind_material>
                  <technique_common>
                     <instance_material symbol="MA_Wheels" target="#MA_Wheels"/>
                  </technique_common>
               </bind_material>
            </instance_geometry>
         </node>
         <node id="coords_ME_ID424_MA_Couplers" name="coords_ME_ID424_MA_Couplers">
            <matrix> 0.26525 0.00000 -0.00000 -96.30354 0.00000 -0.26525 0.00000 3.76421 0.00000 -0.00000 -0.26525 15.86125 0.00000 0.00000 0.00000 1.00000 </matrix>
            <instance_geometry url="#coords_ME_ID424_MA_Couplers-geometry">
               <bind_material>
                  <technique_common>
                     <instance_material symbol="MA_Couplers" target="#MA_Couplers"/>
                  </technique_common>
               </bind_material>
            </instance_geometry>
         </node>
         <node id="coords_ME_ID416_MA_Couplers" name="coords_ME_ID416_MA_Couplers">
            <matrix> 0.26525 0.00000 -0.00000 -96.30354 0.00000 -0.26525 0.00000 3.76421 0.00000 -0.00000 -0.26525 15.86125 0.00000 0.00000 0.00000 1.00000 </matrix>
            <instance_geometry url="#coords_ME_ID416_MA_Couplers-geometry">
               <bind_material>
                  <technique_common>
                     <instance_material symbol="MA_Couplers" target="#MA_Couplers"/>
                  </technique_common>
               </bind_material>
            </instance_geometry>
         </node>
         <node id="coords_ME_ID409_MA_Frame" name="coords_ME_ID409_MA_Frame">
            <matrix> -0.26525 0.00000 0.00000 69.63183 -0.00000 -0.26525 0.00000 12.58865 0.00000 -0.00000 0.26525 1.85813 0.00000 0.00000 0.00000 1.00000 </matrix>
            <instance_geometry url="#coords_ME_ID409_MA_Frame-geometry">
               <bind_material>
                  <technique_common>
                     <instance_material symbol="MA_Frame" target="#MA_Frame"/>
                  </technique_common>
               </bind_material>
            </instance_geometry>
         </node>
         <node id="coords_ME_ID403_MA_Frame" name="coords_ME_ID403_MA_Frame">
            <matrix> -0.26525 0.00000 0.00000 69.63183 -0.00000 -0.26525 0.00000 12.58865 0.00000 -0.00000 0.26525 1.85813 0.00000 0.00000 0.00000 1.00000 </matrix>
            <instance_geometry url="#coords_ME_ID403_MA_Frame-geometry">
               <bind_material>
                  <technique_common>
                     <instance_material symbol="MA_Frame" target="#MA_Frame"/>
                  </technique_common>
               </bind_material>
            </instance_geometry>
         </node>
         <node id="coords_ME_ID395_MA_Frame" name="coords_ME_ID395_MA_Frame">
            <matrix> -0.26525 0.00000 0.00000 69.63183 -0.00000 -0.26525 0.00000 12.58865 0.00000 -0.00000 0.26525 1.85813 0.00000 0.00000 0.00000 1.00000 </matrix>
            <instance_geometry url="#coords_ME_ID395_MA_Frame-geometry">
               <bind_material>
                  <technique_common>
                     <instance_material symbol="MA_Frame" target="#MA_Frame"/>
                  </technique_common>
               </bind_material>
            </instance_geometry>
         </node>
         <node id="coords_ME_ID388_MA_Wheels" name="coords_ME_ID388_MA_Wheels">
            <matrix> -0.26525 0.00000 0.00000 73.02923 -0.00000 -0.26525 0.00000 12.54355 0.00000 -0.00000 0.26525 -0.00001 0.00000 0.00000 0.00000 1.00000 </matrix>
            <instance_geometry url="#coords_ME_ID388_MA_Wheels-geometry">
               <bind_material>
                  <technique_common>
                     <instance_material symbol="MA_Wheels" target="#MA_Wheels"/>
                  </technique_common>
               </bind_material>
            </instance_geometry>
         </node>
         <node id="coords_ME_ID382_MA_Wheels" name="coords_ME_ID382_MA_Wheels">
            <matrix> -0.26525 0.00000 0.00000 73.02923 -0.00000 -0.26525 0.00000 12.54355 0.00000 -0.00000 0.26525 -0.00001 0.00000 0.00000 0.00000 1.00000 </matrix>
            <instance_geometry url="#coords_ME_ID382_MA_Wheels-geometry">
               <bind_material>
                  <technique_common>
                     <instance_material symbol="MA_Wheels" target="#MA_Wheels"/>
                  </technique_common>
               </bind_material>
            </instance_geometry>
         </node>
         <node id="coords_ME_ID376_MA_Wheels" name="coords_ME_ID376_MA_Wheels">
            <matrix> -0.26525 0.00000 0.00000 73.02923 -0.00000 -0.26525 0.00000 12.54355 0.00000 -0.00000 0.26525 -0.00001 0.00000 0.00000 0.00000 1.00000 </matrix>
            <instance_geometry url="#coords_ME_ID376_MA_Wheels-geometry">
               <bind_material>
                  <technique_common>
                     <instance_material symbol="MA_Wheels" target="#MA_Wheels"/>
                  </technique_common>
               </bind_material>
            </instance_geometry>
         </node>
         <node id="coords_ME_ID370_MA_Wheels" name="coords_ME_ID370_MA_Wheels">
            <matrix> -0.26525 0.00000 0.00000 73.02923 -0.00000 -0.26525 0.00000 12.54355 0.00000 -0.00000 0.26525 -0.00001 0.00000 0.00000 0.00000 1.00000 </matrix>
            <instance_geometry url="#coords_ME_ID370_MA_Wheels-geometry">
               <bind_material>
                  <technique_common>
                     <instance_material symbol="MA_Wheels" target="#MA_Wheels"/>
                  </technique_common>
               </bind_material>
            </instance_geometry>
         </node>
         <node id="coords_ME_ID364_MA_Wheels" name="coords_ME_ID364_MA_Wheels">
            <matrix> -0.26525 0.00000 0.00000 73.02923 -0.00000 -0.26525 0.00000 12.54355 0.00000 -0.00000 0.26525 -0.00001 0.00000 0.00000 0.00000 1.00000 </matrix>
            <instance_geometry url="#coords_ME_ID364_MA_Wheels-geometry">
               <bind_material>
                  <technique_common>
                     <instance_material symbol="MA_Wheels" target="#MA_Wheels"/>
                  </technique_common>
               </bind_material>
            </instance_geometry>
         </node>
         <node id="coords_ME_ID356_MA_Wheels" name="coords_ME_ID356_MA_Wheels">
            <matrix> -0.26525 0.00000 0.00000 73.02923 -0.00000 -0.26525 0.00000 12.54355 0.00000 -0.00000 0.26525 -0.00001 0.00000 0.00000 0.00000 1.00000 </matrix>
            <instance_geometry url="#coords_ME_ID356_MA_Wheels-geometry">
               <bind_material>
                  <technique_common>
                     <instance_material symbol="MA_Wheels" target="#MA_Wheels"/>
                  </technique_common>
               </bind_material>
            </instance_geometry>
         </node>
         <node id="coords_ME_ID342_MA_Windows" name="coords_ME_ID342_MA_Windows">
            <matrix> -0.02540 0.00000 -0.00000 88.66460 -0.00000 0.00000 0.02540 -16.26588 0.00000 0.02540 0.00000 11.99724 0.00000 0.00000 0.00000 1.00000 </matrix>
            <instance_geometry url="#coords_ME_ID342_MA_Windows-geometry">
               <bind_material>
                  <technique_common>
                     <instance_material symbol="MA_Windows" target="#MA_Windows"/>
                  </technique_common>
               </bind_material>
            </instance_geometry>
         </node>
         <node id="coords_ME_ID336_MA_Windows" name="coords_ME_ID336_MA_Windows">
            <matrix> -0.02540 0.00000 -0.00000 88.66460 -0.00000 0.00000 0.02540 -16.26588 0.00000 0.02540 0.00000 11.99724 0.00000 0.00000 0.00000 1.00000 </matrix>
            <instance_geometry url="#coords_ME_ID336_MA_Windows-geometry">
               <bind_material>
                  <technique_common>
                     <instance_material symbol="MA_Windows" target="#MA_Windows"/>
                  </technique_common>
               </bind_material>
            </instance_geometry>
         </node>
         <node id="coords_ME_ID330_MA_Windows" name="coords_ME_ID330_MA_Windows">
            <matrix> -0.02540 0.00000 -0.00000 88.66460 -0.00000 0.00000 0.02540 -16.26588 0.00000 0.02540 0.00000 11.99724 0.00000 0.00000 0.00000 1.00000 </matrix>
            <instance_geometry url="#coords_ME_ID330_MA_Windows-geometry">
               <bind_material>
                  <technique_common>
                     <instance_material symbol="MA_Windows" target="#MA_Windows"/>
                  </technique_common>
               </bind_material>
            </instance_geometry>
         </node>
         <node id="coords_ME_ID324_MA_Windows" name="coords_ME_ID324_MA_Windows">
            <matrix> -0.02540 0.00000 -0.00000 88.66460 -0.00000 0.00000 0.02540 -16.26588 0.00000 0.02540 0.00000 11.99724 0.00000 0.00000 0.00000 1.00000 </matrix>
            <instance_geometry url="#coords_ME_ID324_MA_Windows-geometry">
               <bind_material>
                  <technique_common>
                     <instance_material symbol="MA_Windows" target="#MA_Windows"/>
                  </technique_common>
               </bind_material>
            </instance_geometry>
         </node>
         <node id="coords_ME_ID318_MA_Windows" name="coords_ME_ID318_MA_Windows">
            <matrix> -0.02540 0.00000 -0.00000 88.66460 -0.00000 0.00000 0.02540 -16.26588 0.00000 0.02540 0.00000 11.99724 0.00000 0.00000 0.00000 1.00000 </matrix>
            <instance_geometry url="#coords_ME_ID318_MA_Windows-geometry">
               <bind_material>
                  <technique_common>
                     <instance_material symbol="MA_Windows" target="#MA_Windows"/>
                  </technique_common>
               </bind_material>
            </instance_geometry>
         </node>
         <node id="coords_ME_ID312_MA_Windows" name="coords_ME_ID312_MA_Windows">
            <matrix> -0.02540 0.00000 -0.00000 88.66460 -0.00000 0.00000 0.02540 -16.26588 0.00000 0.02540 0.00000 11.99724 0.00000 0.00000 0.00000 1.00000 </matrix>
            <instance_geometry url="#coords_ME_ID312_MA_Windows-geometry">
               <bind_material>
                  <technique_common>
                     <instance_material symbol="MA_Windows" target="#MA_Windows"/>
                  </technique_common>
               </bind_material>
            </instance_geometry>
         </node>
         <node id="coords_ME_ID306_MA_Windows" name="coords_ME_ID306_MA_Windows">
            <matrix> -0.02540 0.00000 -0.00000 88.66460 -0.00000 0.00000 0.02540 -16.26588 0.00000 0.02540 0.00000 11.99724 0.00000 0.00000 0.00000 1.00000 </matrix>
            <instance_geometry url="#coords_ME_ID306_MA_Windows-geometry">
               <bind_material>
                  <technique_common>
                     <instance_material symbol="MA_Windows" target="#MA_Windows"/>
                  </technique_common>
               </bind_material>
            </instance_geometry>
         </node>
         <node id="coords_ME_ID300_MA_Windows" name="coords_ME_ID300_MA_Windows">
            <matrix> -0.02540 0.00000 -0.00000 88.66460 -0.00000 0.00000 0.02540 -16.26588 0.00000 0.02540 0.00000 11.99724 0.00000 0.00000 0.00000 1.00000 </matrix>
            <instance_geometry url="#coords_ME_ID300_MA_Windows-geometry">
               <bind_material>
                  <technique_common>
                     <instance_material symbol="MA_Windows" target="#MA_Windows"/>
                  </technique_common>
               </bind_material>
            </instance_geometry>
         </node>
         <node id="coords_ME_ID294_MA_Windows" name="coords_ME_ID294_MA_Windows">
            <matrix> -0.02540 0.00000 -0.00000 88.66460 -0.00000 0.00000 0.02540 -16.26588 0.00000 0.02540 0.00000 11.99724 0.00000 0.00000 0.00000 1.00000 </matrix>
            <instance_geometry url="#coords_ME_ID294_MA_Windows-geometry">
               <bind_material>
                  <technique_common>
                     <instance_material symbol="MA_Windows" target="#MA_Windows"/>
                  </technique_common>
               </bind_material>
            </instance_geometry>
         </node>
         <node id="coords_ME_ID288_MA_Windows" name="coords_ME_ID288_MA_Windows">
            <matrix> -0.02540 0.00000 -0.00000 88.66460 -0.00000 0.00000 0.02540 -16.26588 0.00000 0.02540 0.00000 11.99724 0.00000 0.00000 0.00000 1.00000 </matrix>
            <instance_geometry url="#coords_ME_ID288_MA_Windows-geometry">
               <bind_material>
                  <technique_common>
                     <instance_material symbol="MA_Windows" target="#MA_Windows"/>
                  </technique_common>
               </bind_material>
            </instance_geometry>
         </node>
         <node id="coords_ME_ID282_MA_Windows" name="coords_ME_ID282_MA_Windows">
            <matrix> -0.02540 0.00000 -0.00000 88.66460 -0.00000 0.00000 0.02540 -16.26588 0.00000 0.02540 0.00000 11.99724 0.00000 0.00000 0.00000 1.00000 </matrix>
            <instance_geometry url="#coords_ME_ID282_MA_Windows-geometry">
               <bind_material>
                  <technique_common>
                     <instance_material symbol="MA_Windows" target="#MA_Windows"/>
                  </technique_common>
               </bind_material>
            </instance_geometry>
         </node>
         <node id="coords_ME_ID276_MA_Windows" name="coords_ME_ID276_MA_Windows">
            <matrix> -0.02540 0.00000 -0.00000 88.66460 -0.00000 0.00000 0.02540 -16.26588 0.00000 0.02540 0.00000 11.99724 0.00000 0.00000 0.00000 1.00000 </matrix>
            <instance_geometry url="#coords_ME_ID276_MA_Windows-geometry">
               <bind_material>
                  <technique_common>
                     <instance_material symbol="MA_Windows" target="#MA_Windows"/>
                  </technique_common>
               </bind_material>
            </instance_geometry>
         </node>
         <node id="coords_ME_ID270_MA_Windows" name="coords_ME_ID270_MA_Windows">
            <matrix> -0.02540 0.00000 -0.00000 88.66460 -0.00000 0.00000 0.02540 -16.26588 0.00000 0.02540 0.00000 11.99724 0.00000 0.00000 0.00000 1.00000 </matrix>
            <instance_geometry url="#coords_ME_ID270_MA_Windows-geometry">
               <bind_material>
                  <technique_common>
                     <instance_material symbol="MA_Windows" target="#MA_Windows"/>
                  </technique_common>
               </bind_material>
            </instance_geometry>
         </node>
         <node id="coords_ME_ID264_MA_Windows" name="coords_ME_ID264_MA_Windows">
            <matrix> -0.02540 0.00000 -0.00000 88.66460 -0.00000 0.00000 0.02540 -16.26588 0.00000 0.02540 0.00000 11.99724 0.00000 0.00000 0.00000 1.00000 </matrix>
            <instance_geometry url="#coords_ME_ID264_MA_Windows-geometry">
               <bind_material>
                  <technique_common>
                     <instance_material symbol="MA_Windows" target="#MA_Windows"/>
                  </technique_common>
               </bind_material>
            </instance_geometry>
         </node>
         <node id="coords_ME_ID258_MA_Windows" name="coords_ME_ID258_MA_Windows">
            <matrix> -0.02540 0.00000 -0.00000 88.66460 -0.00000 0.00000 0.02540 -16.26588 0.00000 0.02540 0.00000 11.99724 0.00000 0.00000 0.00000 1.00000 </matrix>
            <instance_geometry url="#coords_ME_ID258_MA_Windows-geometry">
               <bind_material>
                  <technique_common>
                     <instance_material symbol="MA_Windows" target="#MA_Windows"/>
                  </technique_common>
               </bind_material>
            </instance_geometry>
         </node>
         <node id="coords_ME_ID252_MA_Windows" name="coords_ME_ID252_MA_Windows">
            <matrix> -0.02540 0.00000 -0.00000 88.66460 -0.00000 0.00000 0.02540 -16.26588 0.00000 0.02540 0.00000 11.99724 0.00000 0.00000 0.00000 1.00000 </matrix>
            <instance_geometry url="#coords_ME_ID252_MA_Windows-geometry">
               <bind_material>
                  <technique_common>
                     <instance_material symbol="MA_Windows" target="#MA_Windows"/>
                  </technique_common>
               </bind_material>
            </instance_geometry>
         </node>
         <node id="coords_ME_ID246_MA_Windows" name="coords_ME_ID246_MA_Windows">
            <matrix> -0.02540 0.00000 -0.00000 88.66460 -0.00000 0.00000 0.02540 -16.26588 0.00000 0.02540 0.00000 11.99724 0.00000 0.00000 0.00000 1.00000 </matrix>
            <instance_geometry url="#coords_ME_ID246_MA_Windows-geometry">
               <bind_material>
                  <technique_common>
                     <instance_material symbol="MA_Windows" target="#MA_Windows"/>
                  </technique_common>
               </bind_material>
            </instance_geometry>
         </node>
         <node id="coords_ME_ID240_MA_Windows" name="coords_ME_ID240_MA_Windows">
            <matrix> -0.02540 0.00000 -0.00000 88.66460 -0.00000 0.00000 0.02540 -16.26588 0.00000 0.02540 0.00000 11.99724 0.00000 0.00000 0.00000 1.00000 </matrix>
            <instance_geometry url="#coords_ME_ID240_MA_Windows-geometry">
               <bind_material>
                  <technique_common>
                     <instance_material symbol="MA_Windows" target="#MA_Windows"/>
                  </technique_common>
               </bind_material>
            </instance_geometry>
         </node>
         <node id="coords_ME_ID234_MA_Windows" name="coords_ME_ID234_MA_Windows">
            <matrix> -0.02540 0.00000 -0.00000 88.66460 -0.00000 0.00000 0.02540 -16.26588 0.00000 0.02540 0.00000 11.99724 0.00000 0.00000 0.00000 1.00000 </matrix>
            <instance_geometry url="#coords_ME_ID234_MA_Windows-geometry">
               <bind_material>
                  <technique_common>
                     <instance_material symbol="MA_Windows" target="#MA_Windows"/>
                  </technique_common>
               </bind_material>
            </instance_geometry>
         </node>
         <node id="coords_ME_ID228_MA_Windows" name="coords_ME_ID228_MA_Windows">
            <matrix> -0.02540 0.00000 -0.00000 88.66460 -0.00000 0.00000 0.02540 -16.26588 0.00000 0.02540 0.00000 11.99724 0.00000 0.00000 0.00000 1.00000 </matrix>
            <instance_geometry url="#coords_ME_ID228_MA_Windows-geometry">
               <bind_material>
                  <technique_common>
                     <instance_material symbol="MA_Windows" target="#MA_Windows"/>
                  </technique_common>
               </bind_material>
            </instance_geometry>
         </node>
         <node id="coords_ME_ID222_MA_Windows" name="coords_ME_ID222_MA_Windows">
            <matrix> -0.02540 0.00000 -0.00000 88.66460 -0.00000 0.00000 0.02540 -16.26588 0.00000 0.02540 0.00000 11.99724 0.00000 0.00000 0.00000 1.00000 </matrix>
            <instance_geometry url="#coords_ME_ID222_MA_Windows-geometry">
               <bind_material>
                  <technique_common>
                     <instance_material symbol="MA_Windows" target="#MA_Windows"/>
                  </technique_common>
               </bind_material>
            </instance_geometry>
         </node>
         <node id="coords_ME_ID216_MA_Sub_car_part_1"
               name="coords_ME_ID216_MA_Sub_car_part_1">
            <matrix> -0.02540 0.00000 -0.00000 88.66460 -0.00000 0.00000 0.02540 -16.26588 0.00000 0.02540 0.00000 11.99724 0.00000 0.00000 0.00000 1.00000 </matrix>
            <instance_geometry url="#coords_ME_ID216_MA_Sub_car_part_1-geometry">
               <bind_material>
                  <technique_common>
                     <instance_material symbol="MA_Sub_car_part_1" target="#MA_Sub_car_part_1"/>
                  </technique_common>
               </bind_material>
            </instance_geometry>
         </node>
         <node id="coords_ME_ID216_MA_Windows" name="coords_ME_ID216_MA_Windows">
            <matrix> -0.02540 0.00000 -0.00000 88.66460 -0.00000 0.00000 0.02540 -16.26588 0.00000 0.02540 0.00000 11.99724 0.00000 0.00000 0.00000 1.00000 </matrix>
            <instance_geometry url="#coords_ME_ID216_MA_Windows-geometry">
               <bind_material>
                  <technique_common>
                     <instance_material symbol="MA_Windows" target="#MA_Windows"/>
                  </technique_common>
               </bind_material>
            </instance_geometry>
         </node>
         <node id="coords_ME_ID210_MA_Windows" name="coords_ME_ID210_MA_Windows">
            <matrix> -0.02540 0.00000 -0.00000 88.66460 -0.00000 0.00000 0.02540 -16.26588 0.00000 0.02540 0.00000 11.99724 0.00000 0.00000 0.00000 1.00000 </matrix>
            <instance_geometry url="#coords_ME_ID210_MA_Windows-geometry">
               <bind_material>
                  <technique_common>
                     <instance_material symbol="MA_Windows" target="#MA_Windows"/>
                  </technique_common>
               </bind_material>
            </instance_geometry>
         </node>
         <node id="coords_ME_ID210_MA_Sub_car_part_3"
               name="coords_ME_ID210_MA_Sub_car_part_3">
            <matrix> -0.02540 0.00000 -0.00000 88.66460 -0.00000 0.00000 0.02540 -16.26588 0.00000 0.02540 0.00000 11.99724 0.00000 0.00000 0.00000 1.00000 </matrix>
            <instance_geometry url="#coords_ME_ID210_MA_Sub_car_part_3-geometry">
               <bind_material>
                  <technique_common>
                     <instance_material symbol="MA_Sub_car_part_3" target="#MA_Sub_car_part_3"/>
                  </technique_common>
               </bind_material>
            </instance_geometry>
         </node>
         <node id="coords_ME_ID204_MA_Windows" name="coords_ME_ID204_MA_Windows">
            <matrix> -0.02540 0.00000 -0.00000 88.66460 -0.00000 0.00000 0.02540 -16.26588 0.00000 0.02540 0.00000 11.99724 0.00000 0.00000 0.00000 1.00000 </matrix>
            <instance_geometry url="#coords_ME_ID204_MA_Windows-geometry">
               <bind_material>
                  <technique_common>
                     <instance_material symbol="MA_Windows" target="#MA_Windows"/>
                  </technique_common>
               </bind_material>
            </instance_geometry>
         </node>
         <node id="coords_ME_ID198_MA_Windows" name="coords_ME_ID198_MA_Windows">
            <matrix> -0.02540 0.00000 -0.00000 88.66460 -0.00000 0.00000 0.02540 -16.26588 0.00000 0.02540 0.00000 11.99724 0.00000 0.00000 0.00000 1.00000 </matrix>
            <instance_geometry url="#coords_ME_ID198_MA_Windows-geometry">
               <bind_material>
                  <technique_common>
                     <instance_material symbol="MA_Windows" target="#MA_Windows"/>
                  </technique_common>
               </bind_material>
            </instance_geometry>
         </node>
         <node id="coords_ME_ID198_MA_Sub_car_part_3"
               name="coords_ME_ID198_MA_Sub_car_part_3">
            <matrix> -0.02540 0.00000 -0.00000 88.66460 -0.00000 0.00000 0.02540 -16.26588 0.00000 0.02540 0.00000 11.99724 0.00000 0.00000 0.00000 1.00000 </matrix>
            <instance_geometry url="#coords_ME_ID198_MA_Sub_car_part_3-geometry">
               <bind_material>
                  <technique_common>
                     <instance_material symbol="MA_Sub_car_part_3" target="#MA_Sub_car_part_3"/>
                  </technique_common>
               </bind_material>
            </instance_geometry>
         </node>
         <node id="coords_ME_ID192_MA_Windows" name="coords_ME_ID192_MA_Windows">
            <matrix> -0.02540 0.00000 -0.00000 88.66460 -0.00000 0.00000 0.02540 -16.26588 0.00000 0.02540 0.00000 11.99724 0.00000 0.00000 0.00000 1.00000 </matrix>
            <instance_geometry url="#coords_ME_ID192_MA_Windows-geometry">
               <bind_material>
                  <technique_common>
                     <instance_material symbol="MA_Windows" target="#MA_Windows"/>
                  </technique_common>
               </bind_material>
            </instance_geometry>
         </node>
         <node id="coords_ME_ID192_MA_Doors" name="coords_ME_ID192_MA_Doors">
            <matrix> -0.02540 0.00000 -0.00000 88.66460 -0.00000 0.00000 0.02540 -16.26588 0.00000 0.02540 0.00000 11.99724 0.00000 0.00000 0.00000 1.00000 </matrix>
            <instance_geometry url="#coords_ME_ID192_MA_Doors-geometry">
               <bind_material>
                  <technique_common>
                     <instance_material symbol="MA_Doors" target="#MA_Doors"/>
                  </technique_common>
               </bind_material>
            </instance_geometry>
         </node>
         <node id="coords_ME_ID186_MA_Windows" name="coords_ME_ID186_MA_Windows">
            <matrix> -0.02540 0.00000 -0.00000 88.66460 -0.00000 0.00000 0.02540 -16.26588 0.00000 0.02540 0.00000 11.99724 0.00000 0.00000 0.00000 1.00000 </matrix>
            <instance_geometry url="#coords_ME_ID186_MA_Windows-geometry">
               <bind_material>
                  <technique_common>
                     <instance_material symbol="MA_Windows" target="#MA_Windows"/>
                  </technique_common>
               </bind_material>
            </instance_geometry>
         </node>
         <node id="coords_ME_ID186_MA_Doors" name="coords_ME_ID186_MA_Doors">
            <matrix> -0.02540 0.00000 -0.00000 88.66460 -0.00000 0.00000 0.02540 -16.26588 0.00000 0.02540 0.00000 11.99724 0.00000 0.00000 0.00000 1.00000 </matrix>
            <instance_geometry url="#coords_ME_ID186_MA_Doors-geometry">
               <bind_material>
                  <technique_common>
                     <instance_material symbol="MA_Doors" target="#MA_Doors"/>
                  </technique_common>
               </bind_material>
            </instance_geometry>
         </node>
         <node id="coords_ME_ID180_MA_Windows" name="coords_ME_ID180_MA_Windows">
            <matrix> -0.02540 0.00000 -0.00000 88.66460 -0.00000 0.00000 0.02540 -16.26588 0.00000 0.02540 0.00000 11.99724 0.00000 0.00000 0.00000 1.00000 </matrix>
            <instance_geometry url="#coords_ME_ID180_MA_Windows-geometry">
               <bind_material>
                  <technique_common>
                     <instance_material symbol="MA_Windows" target="#MA_Windows"/>
                  </technique_common>
               </bind_material>
            </instance_geometry>
         </node>
         <node id="coords_ME_ID180_MA_Sub_car_part_3"
               name="coords_ME_ID180_MA_Sub_car_part_3">
            <matrix> -0.02540 0.00000 -0.00000 88.66460 -0.00000 0.00000 0.02540 -16.26588 0.00000 0.02540 0.00000 11.99724 0.00000 0.00000 0.00000 1.00000 </matrix>
            <instance_geometry url="#coords_ME_ID180_MA_Sub_car_part_3-geometry">
               <bind_material>
                  <technique_common>
                     <instance_material symbol="MA_Sub_car_part_3" target="#MA_Sub_car_part_3"/>
                  </technique_common>
               </bind_material>
            </instance_geometry>
         </node>
         <node id="coords_ME_ID174_MA_Sub_car_part_1"
               name="coords_ME_ID174_MA_Sub_car_part_1">
            <matrix> -0.02540 0.00000 -0.00000 88.66460 -0.00000 0.00000 0.02540 -16.26588 0.00000 0.02540 0.00000 11.99724 0.00000 0.00000 0.00000 1.00000 </matrix>
            <instance_geometry url="#coords_ME_ID174_MA_Sub_car_part_1-geometry">
               <bind_material>
                  <technique_common>
                     <instance_material symbol="MA_Sub_car_part_1" target="#MA_Sub_car_part_1"/>
                  </technique_common>
               </bind_material>
            </instance_geometry>
         </node>
         <node id="coords_ME_ID174_MA_Windows" name="coords_ME_ID174_MA_Windows">
            <matrix> -0.02540 0.00000 -0.00000 88.66460 -0.00000 0.00000 0.02540 -16.26588 0.00000 0.02540 0.00000 11.99724 0.00000 0.00000 0.00000 1.00000 </matrix>
            <instance_geometry url="#coords_ME_ID174_MA_Windows-geometry">
               <bind_material>
                  <technique_common>
                     <instance_material symbol="MA_Windows" target="#MA_Windows"/>
                  </technique_common>
               </bind_material>
            </instance_geometry>
         </node>
         <node id="coords_ME_ID168_MA_Windows" name="coords_ME_ID168_MA_Windows">
            <matrix> -0.02540 0.00000 -0.00000 88.66460 -0.00000 0.00000 0.02540 -16.26588 0.00000 0.02540 0.00000 11.99724 0.00000 0.00000 0.00000 1.00000 </matrix>
            <instance_geometry url="#coords_ME_ID168_MA_Windows-geometry">
               <bind_material>
                  <technique_common>
                     <instance_material symbol="MA_Windows" target="#MA_Windows"/>
                  </technique_common>
               </bind_material>
            </instance_geometry>
         </node>
         <node id="coords_ME_ID162_MA_Windows" name="coords_ME_ID162_MA_Windows">
            <matrix> -0.02540 0.00000 -0.00000 88.66460 -0.00000 0.00000 0.02540 -16.26588 0.00000 0.02540 0.00000 11.99724 0.00000 0.00000 0.00000 1.00000 </matrix>
            <instance_geometry url="#coords_ME_ID162_MA_Windows-geometry">
               <bind_material>
                  <technique_common>
                     <instance_material symbol="MA_Windows" target="#MA_Windows"/>
                  </technique_common>
               </bind_material>
            </instance_geometry>
         </node>
         <node id="coords_ME_ID162_MA_Sub_car_part_3"
               name="coords_ME_ID162_MA_Sub_car_part_3">
            <matrix> -0.02540 0.00000 -0.00000 88.66460 -0.00000 0.00000 0.02540 -16.26588 0.00000 0.02540 0.00000 11.99724 0.00000 0.00000 0.00000 1.00000 </matrix>
            <instance_geometry url="#coords_ME_ID162_MA_Sub_car_part_3-geometry">
               <bind_material>
                  <technique_common>
                     <instance_material symbol="MA_Sub_car_part_3" target="#MA_Sub_car_part_3"/>
                  </technique_common>
               </bind_material>
            </instance_geometry>
         </node>
         <node id="coords_ME_ID156_MA_Windows" name="coords_ME_ID156_MA_Windows">
            <matrix> -0.02540 0.00000 -0.00000 88.66460 -0.00000 0.00000 0.02540 -16.26588 0.00000 0.02540 0.00000 11.99724 0.00000 0.00000 0.00000 1.00000 </matrix>
            <instance_geometry url="#coords_ME_ID156_MA_Windows-geometry">
               <bind_material>
                  <technique_common>
                     <instance_material symbol="MA_Windows" target="#MA_Windows"/>
                  </technique_common>
               </bind_material>
            </instance_geometry>
         </node>
         <node id="coords_ME_ID156_MA_Sub_car_part_3"
               name="coords_ME_ID156_MA_Sub_car_part_3">
            <matrix> -0.02540 0.00000 -0.00000 88.66460 -0.00000 0.00000 0.02540 -16.26588 0.00000 0.02540 0.00000 11.99724 0.00000 0.00000 0.00000 1.00000 </matrix>
            <instance_geometry url="#coords_ME_ID156_MA_Sub_car_part_3-geometry">
               <bind_material>
                  <technique_common>
                     <instance_material symbol="MA_Sub_car_part_3" target="#MA_Sub_car_part_3"/>
                  </technique_common>
               </bind_material>
            </instance_geometry>
         </node>
         <node id="coords_ME_ID150_MA_Windows" name="coords_ME_ID150_MA_Windows">
            <matrix> -0.02540 0.00000 -0.00000 88.66460 -0.00000 0.00000 0.02540 -16.26588 0.00000 0.02540 0.00000 11.99724 0.00000 0.00000 0.00000 1.00000 </matrix>
            <instance_geometry url="#coords_ME_ID150_MA_Windows-geometry">
               <bind_material>
                  <technique_common>
                     <instance_material symbol="MA_Windows" target="#MA_Windows"/>
                  </technique_common>
               </bind_material>
            </instance_geometry>
         </node>
         <node id="coords_ME_ID144_MA_Windows" name="coords_ME_ID144_MA_Windows">
            <matrix> -0.02540 0.00000 -0.00000 88.66460 -0.00000 0.00000 0.02540 -16.26588 0.00000 0.02540 0.00000 11.99724 0.00000 0.00000 0.00000 1.00000 </matrix>
            <instance_geometry url="#coords_ME_ID144_MA_Windows-geometry">
               <bind_material>
                  <technique_common>
                     <instance_material symbol="MA_Windows" target="#MA_Windows"/>
                  </technique_common>
               </bind_material>
            </instance_geometry>
         </node>
         <node id="coords_ME_ID138_MA_Windows" name="coords_ME_ID138_MA_Windows">
            <matrix> -0.02540 0.00000 -0.00000 88.66460 -0.00000 0.00000 0.02540 -16.26588 0.00000 0.02540 0.00000 11.99724 0.00000 0.00000 0.00000 1.00000 </matrix>
            <instance_geometry url="#coords_ME_ID138_MA_Windows-geometry">
               <bind_material>
                  <technique_common>
                     <instance_material symbol="MA_Windows" target="#MA_Windows"/>
                  </technique_common>
               </bind_material>
            </instance_geometry>
         </node>
         <node id="coords_ME_ID132_MA_Windows" name="coords_ME_ID132_MA_Windows">
            <matrix> -0.02540 0.00000 -0.00000 88.66460 -0.00000 0.00000 0.02540 -16.26588 0.00000 0.02540 0.00000 11.99724 0.00000 0.00000 0.00000 1.00000 </matrix>
            <instance_geometry url="#coords_ME_ID132_MA_Windows-geometry">
               <bind_material>
                  <technique_common>
                     <instance_material symbol="MA_Windows" target="#MA_Windows"/>
                  </technique_common>
               </bind_material>
            </instance_geometry>
         </node>
         <node id="coords_ME_ID132_MA_Doors" name="coords_ME_ID132_MA_Doors">
            <matrix> -0.02540 0.00000 -0.00000 88.66460 -0.00000 0.00000 0.02540 -16.26588 0.00000 0.02540 0.00000 11.99724 0.00000 0.00000 0.00000 1.00000 </matrix>
            <instance_geometry url="#coords_ME_ID132_MA_Doors-geometry">
               <bind_material>
                  <technique_common>
                     <instance_material symbol="MA_Doors" target="#MA_Doors"/>
                  </technique_common>
               </bind_material>
            </instance_geometry>
         </node>
         <node id="coords_ME_ID126_MA_Windows" name="coords_ME_ID126_MA_Windows">
            <matrix> -0.02540 0.00000 -0.00000 88.66460 -0.00000 0.00000 0.02540 -16.26588 0.00000 0.02540 0.00000 11.99724 0.00000 0.00000 0.00000 1.00000 </matrix>
            <instance_geometry url="#coords_ME_ID126_MA_Windows-geometry">
               <bind_material>
                  <technique_common>
                     <instance_material symbol="MA_Windows" target="#MA_Windows"/>
                  </technique_common>
               </bind_material>
            </instance_geometry>
         </node>
         <node id="coords_ME_ID120_MA_Sub_car_part_1"
               name="coords_ME_ID120_MA_Sub_car_part_1">
            <matrix> -0.02540 0.00000 -0.00000 88.66460 -0.00000 0.00000 0.02540 -16.26588 0.00000 0.02540 0.00000 11.99724 0.00000 0.00000 0.00000 1.00000 </matrix>
            <instance_geometry url="#coords_ME_ID120_MA_Sub_car_part_1-geometry">
               <bind_material>
                  <technique_common>
                     <instance_material symbol="MA_Sub_car_part_1" target="#MA_Sub_car_part_1"/>
                  </technique_common>
               </bind_material>
            </instance_geometry>
         </node>
         <node id="coords_ME_ID120_MA_Windows" name="coords_ME_ID120_MA_Windows">
            <matrix> -0.02540 0.00000 -0.00000 88.66460 -0.00000 0.00000 0.02540 -16.26588 0.00000 0.02540 0.00000 11.99724 0.00000 0.00000 0.00000 1.00000 </matrix>
            <instance_geometry url="#coords_ME_ID120_MA_Windows-geometry">
               <bind_material>
                  <technique_common>
                     <instance_material symbol="MA_Windows" target="#MA_Windows"/>
                  </technique_common>
               </bind_material>
            </instance_geometry>
         </node>
         <node id="coords_ME_ID114_MA_Sub_car_part_1"
               name="coords_ME_ID114_MA_Sub_car_part_1">
            <matrix> -0.02540 0.00000 -0.00000 88.66460 -0.00000 0.00000 0.02540 -16.26588 0.00000 0.02540 0.00000 11.99724 0.00000 0.00000 0.00000 1.00000 </matrix>
            <instance_geometry url="#coords_ME_ID114_MA_Sub_car_part_1-geometry">
               <bind_material>
                  <technique_common>
                     <instance_material symbol="MA_Sub_car_part_1" target="#MA_Sub_car_part_1"/>
                  </technique_common>
               </bind_material>
            </instance_geometry>
         </node>
         <node id="coords_ME_ID114_MA_Windows" name="coords_ME_ID114_MA_Windows">
            <matrix> -0.02540 0.00000 -0.00000 88.66460 -0.00000 0.00000 0.02540 -16.26588 0.00000 0.02540 0.00000 11.99724 0.00000 0.00000 0.00000 1.00000 </matrix>
            <instance_geometry url="#coords_ME_ID114_MA_Windows-geometry">
               <bind_material>
                  <technique_common>
                     <instance_material symbol="MA_Windows" target="#MA_Windows"/>
                  </technique_common>
               </bind_material>
            </instance_geometry>
         </node>
         <node id="coords_ME_ID108_MA_Windows" name="coords_ME_ID108_MA_Windows">
            <matrix> -0.02540 0.00000 -0.00000 88.66460 -0.00000 0.00000 0.02540 -16.26588 0.00000 0.02540 0.00000 11.99724 0.00000 0.00000 0.00000 1.00000 </matrix>
            <instance_geometry url="#coords_ME_ID108_MA_Windows-geometry">
               <bind_material>
                  <technique_common>
                     <instance_material symbol="MA_Windows" target="#MA_Windows"/>
                  </technique_common>
               </bind_material>
            </instance_geometry>
         </node>
         <node id="coords_ME_ID108_MA_Sub_car_part_3"
               name="coords_ME_ID108_MA_Sub_car_part_3">
            <matrix> -0.02540 0.00000 -0.00000 88.66460 -0.00000 0.00000 0.02540 -16.26588 0.00000 0.02540 0.00000 11.99724 0.00000 0.00000 0.00000 1.00000 </matrix>
            <instance_geometry url="#coords_ME_ID108_MA_Sub_car_part_3-geometry">
               <bind_material>
                  <technique_common>
                     <instance_material symbol="MA_Sub_car_part_3" target="#MA_Sub_car_part_3"/>
                  </technique_common>
               </bind_material>
            </instance_geometry>
         </node>
         <node id="coords_ME_ID102_MA_Windows" name="coords_ME_ID102_MA_Windows">
            <matrix> -0.02540 0.00000 -0.00000 88.66460 -0.00000 0.00000 0.02540 -16.26588 0.00000 0.02540 0.00000 11.99724 0.00000 0.00000 0.00000 1.00000 </matrix>
            <instance_geometry url="#coords_ME_ID102_MA_Windows-geometry">
               <bind_material>
                  <technique_common>
                     <instance_material symbol="MA_Windows" target="#MA_Windows"/>
                  </technique_common>
               </bind_material>
            </instance_geometry>
         </node>
         <node id="coords_ME_ID102_MA_Doors" name="coords_ME_ID102_MA_Doors">
            <matrix> -0.02540 0.00000 -0.00000 88.66460 -0.00000 0.00000 0.02540 -16.26588 0.00000 0.02540 0.00000 11.99724 0.00000 0.00000 0.00000 1.00000 </matrix>
            <instance_geometry url="#coords_ME_ID102_MA_Doors-geometry">
               <bind_material>
                  <technique_common>
                     <instance_material symbol="MA_Doors" target="#MA_Doors"/>
                  </technique_common>
               </bind_material>
            </instance_geometry>
         </node>
         <node id="coords_ME_ID96_MA_Windows" name="coords_ME_ID96_MA_Windows">
            <matrix> -0.02540 0.00000 -0.00000 88.66460 -0.00000 0.00000 0.02540 -16.26588 0.00000 0.02540 0.00000 11.99724 0.00000 0.00000 0.00000 1.00000 </matrix>
            <instance_geometry url="#coords_ME_ID96_MA_Windows-geometry">
               <bind_material>
                  <technique_common>
                     <instance_material symbol="MA_Windows" target="#MA_Windows"/>
                  </technique_common>
               </bind_material>
            </instance_geometry>
         </node>
         <node id="coords_ME_ID96_MA_Doors" name="coords_ME_ID96_MA_Doors">
            <matrix> -0.02540 0.00000 -0.00000 88.66460 -0.00000 0.00000 0.02540 -16.26588 0.00000 0.02540 0.00000 11.99724 0.00000 0.00000 0.00000 1.00000 </matrix>
            <instance_geometry url="#coords_ME_ID96_MA_Doors-geometry">
               <bind_material>
                  <technique_common>
                     <instance_material symbol="MA_Doors" target="#MA_Doors"/>
                  </technique_common>
               </bind_material>
            </instance_geometry>
         </node>
         <node id="coords_ME_ID90_MA_Windows" name="coords_ME_ID90_MA_Windows">
            <matrix> -0.02540 0.00000 -0.00000 88.66460 -0.00000 0.00000 0.02540 -16.26588 0.00000 0.02540 0.00000 11.99724 0.00000 0.00000 0.00000 1.00000 </matrix>
            <instance_geometry url="#coords_ME_ID90_MA_Windows-geometry">
               <bind_material>
                  <technique_common>
                     <instance_material symbol="MA_Windows" target="#MA_Windows"/>
                  </technique_common>
               </bind_material>
            </instance_geometry>
         </node>
         <node id="coords_ME_ID90_MA_Doors" name="coords_ME_ID90_MA_Doors">
            <matrix> -0.02540 0.00000 -0.00000 88.66460 -0.00000 0.00000 0.02540 -16.26588 0.00000 0.02540 0.00000 11.99724 0.00000 0.00000 0.00000 1.00000 </matrix>
            <instance_geometry url="#coords_ME_ID90_MA_Doors-geometry">
               <bind_material>
                  <technique_common>
                     <instance_material symbol="MA_Doors" target="#MA_Doors"/>
                  </technique_common>
               </bind_material>
            </instance_geometry>
         </node>
         <node id="coords_ME_ID84_MA_Windows" name="coords_ME_ID84_MA_Windows">
            <matrix> -0.02540 0.00000 -0.00000 88.66460 -0.00000 0.00000 0.02540 -16.26588 0.00000 0.02540 0.00000 11.99724 0.00000 0.00000 0.00000 1.00000 </matrix>
            <instance_geometry url="#coords_ME_ID84_MA_Windows-geometry">
               <bind_material>
                  <technique_common>
                     <instance_material symbol="MA_Windows" target="#MA_Windows"/>
                  </technique_common>
               </bind_material>
            </instance_geometry>
         </node>
         <node id="coords_ME_ID84_MA_Sub_car_part_3"
               name="coords_ME_ID84_MA_Sub_car_part_3">
            <matrix> -0.02540 0.00000 -0.00000 88.66460 -0.00000 0.00000 0.02540 -16.26588 0.00000 0.02540 0.00000 11.99724 0.00000 0.00000 0.00000 1.00000 </matrix>
            <instance_geometry url="#coords_ME_ID84_MA_Sub_car_part_3-geometry">
               <bind_material>
                  <technique_common>
                     <instance_material symbol="MA_Sub_car_part_3" target="#MA_Sub_car_part_3"/>
                  </technique_common>
               </bind_material>
            </instance_geometry>
         </node>
         <node id="coords_ME_ID78_MA_Windows" name="coords_ME_ID78_MA_Windows">
            <matrix> -0.02540 0.00000 -0.00000 88.66460 -0.00000 0.00000 0.02540 -16.26588 0.00000 0.02540 0.00000 11.99724 0.00000 0.00000 0.00000 1.00000 </matrix>
            <instance_geometry url="#coords_ME_ID78_MA_Windows-geometry">
               <bind_material>
                  <technique_common>
                     <instance_material symbol="MA_Windows" target="#MA_Windows"/>
                  </technique_common>
               </bind_material>
            </instance_geometry>
         </node>
         <node id="coords_ME_ID72_MA_Windows" name="coords_ME_ID72_MA_Windows">
            <matrix> -0.02540 0.00000 -0.00000 88.66460 -0.00000 0.00000 0.02540 -16.26588 0.00000 0.02540 0.00000 11.99724 0.00000 0.00000 0.00000 1.00000 </matrix>
            <instance_geometry url="#coords_ME_ID72_MA_Windows-geometry">
               <bind_material>
                  <technique_common>
                     <instance_material symbol="MA_Windows" target="#MA_Windows"/>
                  </technique_common>
               </bind_material>
            </instance_geometry>
         </node>
         <node id="coords_ME_ID66_MA_Sub_car_part_1"
               name="coords_ME_ID66_MA_Sub_car_part_1">
            <matrix> -0.02540 0.00000 -0.00000 88.66460 -0.00000 0.00000 0.02540 -16.26588 0.00000 0.02540 0.00000 11.99724 0.00000 0.00000 0.00000 1.00000 </matrix>
            <instance_geometry url="#coords_ME_ID66_MA_Sub_car_part_1-geometry">
               <bind_material>
                  <technique_common>
                     <instance_material symbol="MA_Sub_car_part_1" target="#MA_Sub_car_part_1"/>
                  </technique_common>
               </bind_material>
            </instance_geometry>
         </node>
         <node id="coords_ME_ID66_MA_Windows" name="coords_ME_ID66_MA_Windows">
            <matrix> -0.02540 0.00000 -0.00000 88.66460 -0.00000 0.00000 0.02540 -16.26588 0.00000 0.02540 0.00000 11.99724 0.00000 0.00000 0.00000 1.00000 </matrix>
            <instance_geometry url="#coords_ME_ID66_MA_Windows-geometry">
               <bind_material>
                  <technique_common>
                     <instance_material symbol="MA_Windows" target="#MA_Windows"/>
                  </technique_common>
               </bind_material>
            </instance_geometry>
         </node>
         <node id="coords_ME_ID60_MA_Windows" name="coords_ME_ID60_MA_Windows">
            <matrix> -0.02540 0.00000 -0.00000 88.66460 -0.00000 0.00000 0.02540 -16.26588 0.00000 0.02540 0.00000 11.99724 0.00000 0.00000 0.00000 1.00000 </matrix>
            <instance_geometry url="#coords_ME_ID60_MA_Windows-geometry">
               <bind_material>
                  <technique_common>
                     <instance_material symbol="MA_Windows" target="#MA_Windows"/>
                  </technique_common>
               </bind_material>
            </instance_geometry>
         </node>
         <node id="coords_ME_ID60_MA_Doors" name="coords_ME_ID60_MA_Doors">
            <matrix> -0.02540 0.00000 -0.00000 88.66460 -0.00000 0.00000 0.02540 -16.26588 0.00000 0.02540 0.00000 11.99724 0.00000 0.00000 0.00000 1.00000 </matrix>
            <instance_geometry url="#coords_ME_ID60_MA_Doors-geometry">
               <bind_material>
                  <technique_common>
                     <instance_material symbol="MA_Doors" target="#MA_Doors"/>
                  </technique_common>
               </bind_material>
            </instance_geometry>
         </node>
         <node id="coords_ME_ID52_MA_Windows" name="coords_ME_ID52_MA_Windows">
            <matrix> -0.02540 0.00000 -0.00000 88.66460 -0.00000 0.00000 0.02540 -16.26588 0.00000 0.02540 0.00000 11.99724 0.00000 0.00000 0.00000 1.00000 </matrix>
            <instance_geometry url="#coords_ME_ID52_MA_Windows-geometry">
               <bind_material>
                  <technique_common>
                     <instance_material symbol="MA_Windows" target="#MA_Windows"/>
                  </technique_common>
               </bind_material>
            </instance_geometry>
         </node>
         <node id="coords_ME_ID52_MA_Doors" name="coords_ME_ID52_MA_Doors">
            <matrix> -0.02540 0.00000 -0.00000 88.66460 -0.00000 0.00000 0.02540 -16.26588 0.00000 0.02540 0.00000 11.99724 0.00000 0.00000 0.00000 1.00000 </matrix>
            <instance_geometry url="#coords_ME_ID52_MA_Doors-geometry">
               <bind_material>
                  <technique_common>
                     <instance_material symbol="MA_Doors" target="#MA_Doors"/>
                  </technique_common>
               </bind_material>
            </instance_geometry>
         </node>
         <node id="coords_ME_ID46_MA_Windows" name="coords_ME_ID46_MA_Windows">
            <matrix> -0.02540 0.00000 -0.00000 88.66460 -0.00000 0.00000 0.02540 -16.26588 0.00000 0.02540 0.00000 11.99724 0.00000 0.00000 0.00000 1.00000 </matrix>
            <instance_geometry url="#coords_ME_ID46_MA_Windows-geometry">
               <bind_material>
                  <technique_common>
                     <instance_material symbol="MA_Windows" target="#MA_Windows"/>
                  </technique_common>
               </bind_material>
            </instance_geometry>
         </node>
         <node id="coords_ME_ID46_MA_Sub_car_part_3"
               name="coords_ME_ID46_MA_Sub_car_part_3">
            <matrix> -0.02540 0.00000 -0.00000 88.66460 -0.00000 0.00000 0.02540 -16.26588 0.00000 0.02540 0.00000 11.99724 0.00000 0.00000 0.00000 1.00000 </matrix>
            <instance_geometry url="#coords_ME_ID46_MA_Sub_car_part_3-geometry">
               <bind_material>
                  <technique_common>
                     <instance_material symbol="MA_Sub_car_part_3" target="#MA_Sub_car_part_3"/>
                  </technique_common>
               </bind_material>
            </instance_geometry>
         </node>
         <node id="coords_ME_ID40_MA_Windows" name="coords_ME_ID40_MA_Windows">
            <matrix> -0.02540 0.00000 -0.00000 88.66460 -0.00000 0.00000 0.02540 -16.26588 0.00000 0.02540 0.00000 11.99724 0.00000 0.00000 0.00000 1.00000 </matrix>
            <instance_geometry url="#coords_ME_ID40_MA_Windows-geometry">
               <bind_material>
                  <technique_common>
                     <instance_material symbol="MA_Windows" target="#MA_Windows"/>
                  </technique_common>
               </bind_material>
            </instance_geometry>
         </node>
         <node id="coords_ME_ID40_MA_Sub_car_part_3"
               name="coords_ME_ID40_MA_Sub_car_part_3">
            <matrix> -0.02540 0.00000 -0.00000 88.66460 -0.00000 0.00000 0.02540 -16.26588 0.00000 0.02540 0.00000 11.99724 0.00000 0.00000 0.00000 1.00000 </matrix>
            <instance_geometry url="#coords_ME_ID40_MA_Sub_car_part_3-geometry">
               <bind_material>
                  <technique_common>
                     <instance_material symbol="MA_Sub_car_part_3" target="#MA_Sub_car_part_3"/>
                  </technique_common>
               </bind_material>
            </instance_geometry>
         </node>
         <node id="coords_ME_ID34_MA_Sub_car_part_1"
               name="coords_ME_ID34_MA_Sub_car_part_1">
            <matrix> -0.02540 0.00000 -0.00000 88.66460 -0.00000 0.00000 0.02540 -16.26588 0.00000 0.02540 0.00000 11.99724 0.00000 0.00000 0.00000 1.00000 </matrix>
            <instance_geometry url="#coords_ME_ID34_MA_Sub_car_part_1-geometry">
               <bind_material>
                  <technique_common>
                     <instance_material symbol="MA_Sub_car_part_1" target="#MA_Sub_car_part_1"/>
                  </technique_common>
               </bind_material>
            </instance_geometry>
         </node>
         <node id="coords_ME_ID34_MA_Windows" name="coords_ME_ID34_MA_Windows">
            <matrix> -0.02540 0.00000 -0.00000 88.66460 -0.00000 0.00000 0.02540 -16.26588 0.00000 0.02540 0.00000 11.99724 0.00000 0.00000 0.00000 1.00000 </matrix>
            <instance_geometry url="#coords_ME_ID34_MA_Windows-geometry">
               <bind_material>
                  <technique_common>
                     <instance_material symbol="MA_Windows" target="#MA_Windows"/>
                  </technique_common>
               </bind_material>
            </instance_geometry>
         </node>
         <node id="coords_ME_ID26_MA_Windows" name="coords_ME_ID26_MA_Windows">
            <matrix> -0.02540 0.00000 -0.00000 88.66460 -0.00000 0.00000 0.02540 -16.26588 0.00000 0.02540 0.00000 11.99724 0.00000 0.00000 0.00000 1.00000 </matrix>
            <instance_geometry url="#coords_ME_ID26_MA_Windows-geometry">
               <bind_material>
                  <technique_common>
                     <instance_material symbol="MA_Windows" target="#MA_Windows"/>
                  </technique_common>
               </bind_material>
            </instance_geometry>
         </node>
         <node id="coords_ME_ID26_MA_Sub_car_part_3"
               name="coords_ME_ID26_MA_Sub_car_part_3">
            <matrix> -0.02540 0.00000 -0.00000 88.66460 -0.00000 0.00000 0.02540 -16.26588 0.00000 0.02540 0.00000 11.99724 0.00000 0.00000 0.00000 1.00000 </matrix>
            <instance_geometry url="#coords_ME_ID26_MA_Sub_car_part_3-geometry">
               <bind_material>
                  <technique_common>
                     <instance_material symbol="MA_Sub_car_part_3" target="#MA_Sub_car_part_3"/>
                  </technique_common>
               </bind_material>
            </instance_geometry>
         </node>
         <node id="coords_ME_ID20_MA_Windows" name="coords_ME_ID20_MA_Windows">
            <matrix> -0.02540 0.00000 -0.00000 88.66460 -0.00000 0.00000 0.02540 -16.26588 0.00000 0.02540 0.00000 11.99724 0.00000 0.00000 0.00000 1.00000 </matrix>
            <instance_geometry url="#coords_ME_ID20_MA_Windows-geometry">
               <bind_material>
                  <technique_common>
                     <instance_material symbol="MA_Windows" target="#MA_Windows"/>
                  </technique_common>
               </bind_material>
            </instance_geometry>
         </node>
         <node id="coords_ME_ID14_MA_Windows" name="coords_ME_ID14_MA_Windows">
            <matrix> -0.02540 0.00000 -0.00000 88.66460 -0.00000 0.00000 0.02540 -16.26588 0.00000 0.02540 0.00000 11.99724 0.00000 0.00000 0.00000 1.00000 </matrix>
            <instance_geometry url="#coords_ME_ID14_MA_Windows-geometry">
               <bind_material>
                  <technique_common>
                     <instance_material symbol="MA_Windows" target="#MA_Windows"/>
                  </technique_common>
               </bind_material>
            </instance_geometry>
         </node>
         <node id="coords_ME_ID4_MA_Sub_car_part_1"
               name="coords_ME_ID4_MA_Sub_car_part_1">
            <matrix> -0.02540 0.00000 -0.00000 88.66460 -0.00000 0.00000 0.02540 -16.26588 0.00000 0.02540 0.00000 11.99724 0.00000 0.00000 0.00000 1.00000 </matrix>
            <instance_geometry url="#coords_ME_ID4_MA_Sub_car_part_1-geometry">
               <bind_material>
                  <technique_common>
                     <instance_material symbol="MA_Sub_car_part_1" target="#MA_Sub_car_part_1"/>
                  </technique_common>
               </bind_material>
            </instance_geometry>
         </node>
         <node id="coords_ME_ID4_MA_Windows" name="coords_ME_ID4_MA_Windows">
            <matrix> -0.02540 0.00000 -0.00000 88.66460 -0.00000 0.00000 0.02540 -16.26588 0.00000 0.02540 0.00000 11.99724 0.00000 0.00000 0.00000 1.00000 </matrix>
            <instance_geometry url="#coords_ME_ID4_MA_Windows-geometry">
               <bind_material>
                  <technique_common>
                     <instance_material symbol="MA_Windows" target="#MA_Windows"/>
                  </technique_common>
               </bind_material>
            </instance_geometry>
         </node>
      </visual_scene>
   </library_visual_scenes>
   <scene>
      <instance_visual_scene url="#VisualSceneNode"/>
   </scene>
</COLLADA>
